0,팬츠,발목,블랙,와이드
1,청바지,발목,블루,노멀
3,청바지,발목,블루,노멀
5,팬츠,발목,화이트,스키니
7,팬츠,발목,화이트,스키니
15,팬츠,발목,화이트,스키니
17,팬츠,발목,화이트,스키니
18,팬츠,발목,화이트,스키니
21,팬츠,발목,화이트,스키니
23,청바지,발목,블루,노멀
24,청바지,발목,네이비,스키니
25,청바지,발목,블루,노멀
27,청바지,발목,네이비,스키니
28,청바지,발목,네이비,스키니
29,청바지,발목,블루,노멀
30,청바지,발목,네이비,스키니
31,청바지,발목,네이비,스키니
32,청바지,발목,블루,노멀
35,청바지,발목,블루,노멀
40,청바지,발목,네이비,스키니
41,청바지,발목,네이비,스키니
43,청바지,미디,,노멀
44,팬츠,발목,블랙,노멀
47,팬츠,발목,블랙,노멀
50,팬츠,발목,블랙,노멀
51,팬츠,발목,블랙,노멀
52,팬츠,발목,블랙,노멀
55,팬츠,발목,화이트,노멀
57,팬츠,발목,화이트,노멀
58,팬츠,발목,화이트,노멀
59,팬츠,발목,화이트,노멀
60,팬츠,발목,화이트,노멀
61,팬츠,발목,화이트,노멀
62,청바지,발목,블루,노멀
63,청바지,발목,블루,노멀
68,팬츠,발목,화이트,노멀
69,팬츠,발목,화이트,노멀
70,팬츠,발목,,스키니
71,팬츠,발목,화이트,노멀
72,팬츠,발목,화이트,노멀
74,팬츠,발목,화이트,노멀
78,청바지,발목,블루,스키니
79,청바지,발목,블루,스키니
81,청바지,발목,블루,스키니
83,청바지,발목,블루,스키니
84,팬츠,발목,,스키니
85,청바지,발목,블루,스키니
87,팬츠,발목,네이비,루즈
88,팬츠,발목,네이비,루즈
89,팬츠,발목,네이비,루즈
90,팬츠,발목,네이비,루즈
91,팬츠,발목,블랙,와이드
92,팬츠,발목,블랙,노멀
93,팬츠,발목,블랙,노멀
94,팬츠,발목,블랙,와이드
95,팬츠,발목,블랙,와이드
96,팬츠,발목,블랙,노멀
97,팬츠,발목,블랙,와이드
98,팬츠,발목,블랙,노멀
99,팬츠,발목,블랙,와이드
100,팬츠,발목,블랙,노멀
101,팬츠,발목,블랙,와이드
102,팬츠,발목,블랙,와이드
103,팬츠,발목,블랙,와이드
104,팬츠,발목,블랙,노멀
105,팬츠,발목,그레이,노멀
106,팬츠,발목,그레이,노멀
107,팬츠,발목,그레이,노멀
108,팬츠,발목,그레이,노멀
109,팬츠,발목,그레이,노멀
110,팬츠,발목,그레이,노멀
111,팬츠,발목,브라운,와이드
112,팬츠,발목,브라운,와이드
113,팬츠,발목,브라운,벨보텀
114,팬츠,발목,브라운,와이드
115,팬츠,발목,브라운,벨보텀
116,팬츠,발목,브라운,벨보텀
117,팬츠,발목,브라운,벨보텀
118,팬츠,발목,브라운,노멀
119,팬츠,발목,브라운,루즈
120,팬츠,발목,그레이,와이드
121,팬츠,발목,브라운,노멀
122,팬츠,발목,그레이,와이드
123,팬츠,발목,브라운,노멀
124,팬츠,발목,브라운,노멀
125,팬츠,발목,브라운,루즈
126,팬츠,발목,브라운,노멀
127,팬츠,발목,그레이,와이드
128,팬츠,발목,브라운,노멀
130,팬츠,발목,브라운,루즈
131,팬츠,발목,브라운,루즈
132,팬츠,발목,그레이,와이드
133,팬츠,발목,그레이,와이드
134,팬츠,발목,브라운,노멀
135,팬츠,발목,그레이,와이드
136,팬츠,발목,브라운,루즈
137,팬츠,발목,그레이,와이드
139,팬츠,발목,그레이,와이드
140,팬츠,미디,그레이,와이드
141,팬츠,발목,그레이,와이드
142,팬츠,발목,그레이,와이드
143,팬츠,미디,그레이,와이드
144,팬츠,발목,블랙,와이드
145,팬츠,발목,블랙,와이드
146,팬츠,발목,블랙,와이드
147,팬츠,발목,블랙,와이드
148,팬츠,발목,스카이블루,노멀
149,팬츠,발목,스카이블루,노멀
150,팬츠,발목,스카이블루,노멀
151,팬츠,발목,스카이블루,노멀
152,팬츠,발목,실버,와이드
153,팬츠,발목,실버,와이드
154,팬츠,발목,실버,와이드
157,팬츠,발목,실버,와이드
158,팬츠,발목,실버,와이드
159,팬츠,미니,베이지,루즈
161,팬츠,미니,베이지,루즈
162,팬츠,미니,베이지,루즈
163,팬츠,미니,베이지,루즈
164,팬츠,미니,베이지,루즈
165,팬츠,미니,베이지,루즈
166,팬츠,발목,블랙,노멀
170,팬츠,발목,블랙,노멀
171,팬츠,발목,블랙,노멀
172,팬츠,미니,베이지,와이드
173,팬츠,미니,베이지,와이드
174,팬츠,미니,베이지,와이드
175,팬츠,미니,베이지,와이드
176,팬츠,미니,베이지,와이드
177,팬츠,발목,그레이,와이드
178,팬츠,발목,그레이,와이드
179,팬츠,발목,그레이,와이드
180,팬츠,발목,그레이,와이드
181,팬츠,발목,그레이,와이드
182,팬츠,발목,그레이,와이드
183,팬츠,발목,그레이,와이드
184,팬츠,발목,그레이,와이드
185,팬츠,발목,블랙,노멀
186,팬츠,발목,블랙,노멀
187,팬츠,발목,블랙,노멀
188,팬츠,발목,블랙,루즈
189,팬츠,발목,블랙,루즈
190,팬츠,발목,블랙,루즈
191,팬츠,발목,실버,루즈
192,팬츠,발목,실버,루즈
193,팬츠,발목,실버,루즈
194,팬츠,발목,실버,루즈
195,팬츠,발목,실버,루즈
196,팬츠,발목,실버,루즈
197,팬츠,발목,실버,루즈
198,팬츠,발목,실버,루즈
199,팬츠,발목,그레이,와이드
200,팬츠,맥시,베이지,와이드
201,팬츠,발목,블랙,와이드
202,팬츠,맥시,카키,와이드
203,팬츠,맥시,베이지,와이드
204,팬츠,맥시,카키,와이드
205,팬츠,발목,카키,와이드
206,팬츠,맥시,카키,와이드
207,팬츠,맥시,베이지,와이드
208,팬츠,맥시,카키,와이드
209,팬츠,발목,그레이,와이드
210,팬츠,발목,그레이,와이드
211,팬츠,맥시,카키,와이드
212,팬츠,맥시,베이지,와이드
213,팬츠,맥시,베이지,와이드
214,팬츠,발목,그레이,와이드
215,팬츠,발목,카키,와이드
216,팬츠,발목,그레이,와이드
217,팬츠,맥시,베이지,와이드
218,팬츠,발목,카키,와이드
219,팬츠,맥시,브라운,와이드
220,팬츠,맥시,브라운,와이드
221,팬츠,맥시,그레이,와이드
222,팬츠,맥시,그레이,와이드
223,팬츠,맥시,그레이,와이드
224,팬츠,맥시,그레이,와이드
225,팬츠,맥시,그레이,와이드
226,팬츠,맥시,그레이,와이드
227,팬츠,발목,베이지,와이드
228,팬츠,발목,베이지,와이드
229,팬츠,발목,베이지,와이드
230,팬츠,발목,베이지,와이드
231,팬츠,발목,베이지,와이드
232,팬츠,발목,베이지,와이드
233,팬츠,맥시,브라운,벨보텀
234,팬츠,맥시,브라운,벨보텀
235,팬츠,맥시,브라운,벨보텀
236,팬츠,맥시,브라운,벨보텀
237,팬츠,맥시,브라운,벨보텀
238,팬츠,맥시,브라운,벨보텀
239,팬츠,맥시,블랙,벨보텀
240,팬츠,맥시,블랙,루즈
241,팬츠,맥시,블랙,루즈
242,팬츠,맥시,블랙,루즈
243,팬츠,맥시,블랙,루즈
244,팬츠,맥시,블랙,벨보텀
245,팬츠,맥시,블랙,루즈
246,팬츠,맥시,블랙,루즈
247,팬츠,맥시,블랙,루즈
248,팬츠,발목,핑크,와이드
249,팬츠,발목,핑크,와이드
250,팬츠,발목,핑크,와이드
251,팬츠,발목,핑크,와이드
252,팬츠,발목,핑크,와이드
253,팬츠,발목,핑크,와이드
254,팬츠,발목,핑크,와이드
255,팬츠,발목,그레이,벨보텀
256,팬츠,발목,그레이,노멀
257,팬츠,발목,그레이,노멀
258,팬츠,발목,그레이,벨보텀
259,팬츠,발목,그레이,벨보텀
260,팬츠,발목,그레이,노멀
261,팬츠,발목,그레이,벨보텀
262,팬츠,발목,그레이,벨보텀
263,팬츠,맥시,그레이,루즈
264,팬츠,맥시,그레이,루즈
265,팬츠,맥시,그레이,루즈
266,팬츠,맥시,그레이,루즈
267,팬츠,맥시,그레이,루즈
268,팬츠,맥시,그레이,루즈
269,팬츠,맥시,그레이,루즈
270,팬츠,맥시,네이비,루즈
271,팬츠,맥시,블랙,루즈
272,팬츠,발목,핑크,노멀
273,팬츠,발목,베이지,노멀
275,팬츠,발목,베이지,노멀
277,팬츠,발목,블랙,노멀
278,팬츠,발목,베이지,노멀
279,팬츠,발목,블랙,노멀
287,청바지,발목,네이비,스키니
307,팬츠,발목,화이트,노멀
312,팬츠,발목,화이트,노멀
320,팬츠,발목,,노멀
325,팬츠,발목,블랙,노멀
326,팬츠,발목,블랙,노멀
327,팬츠,발목,,노멀
329,팬츠,맥시,블랙,루즈
330,팬츠,맥시,블랙,루즈
331,팬츠,맥시,블랙,루즈
332,팬츠,맥시,블랙,루즈
333,팬츠,맥시,블랙,루즈
334,팬츠,맥시,블랙,루즈
335,팬츠,맥시,그레이,와이드
336,팬츠,맥시,그레이,와이드
337,팬츠,맥시,그레이,와이드
338,팬츠,맥시,그레이,와이드
339,팬츠,맥시,그레이,와이드
340,팬츠,맥시,그레이,와이드
341,팬츠,맥시,그레이,와이드
344,팬츠,발목,블랙,스키니
345,팬츠,,블랙,
346,팬츠,발목,블랙,스키니
347,팬츠,발목,블랙,스키니
348,팬츠,발목,블랙,스키니
350,팬츠,,블랙,
351,팬츠,발목,블랙,스키니
354,팬츠,발목,블랙,노멀
356,팬츠,발목,블랙,노멀
357,팬츠,발목,블랙,노멀
359,팬츠,발목,베이지,와이드
360,팬츠,발목,베이지,노멀
362,팬츠,발목,,와이드
369,팬츠,발목,베이지,노멀
374,팬츠,발목,베이지,와이드
382,팬츠,발목,,와이드
384,팬츠,미디,베이지,와이드
386,팬츠,미디,베이지,와이드
390,팬츠,발목,베이지,노멀
396,팬츠,발목,그레이,와이드
402,팬츠,발목,베이지,노멀
405,팬츠,발목,그레이,와이드
406,팬츠,발목,베이지,노멀
421,팬츠,발목,베이지,와이드
435,팬츠,발목,베이지,와이드
437,팬츠,발목,블랙,와이드
440,팬츠,발목,블랙,와이드
441,팬츠,발목,블랙,와이드
444,팬츠,맥시,화이트,루즈
446,팬츠,맥시,화이트,루즈
451,팬츠,발목,화이트,노멀
457,팬츠,발목,화이트,노멀
458,팬츠,발목,화이트,노멀
460,팬츠,발목,화이트,노멀
463,팬츠,발목,화이트,노멀
466,팬츠,발목,화이트,노멀
467,팬츠,발목,화이트,노멀
468,팬츠,발목,화이트,노멀
471,팬츠,발목,화이트,노멀
472,팬츠,발목,화이트,노멀
474,팬츠,발목,화이트,노멀
478,팬츠,발목,화이트,노멀
483,팬츠,발목,그레이,와이드
484,팬츠,발목,그레이,와이드
485,팬츠,발목,그레이,와이드
486,팬츠,발목,그레이,와이드
487,팬츠,발목,그레이,와이드
488,팬츠,발목,그레이,와이드
489,팬츠,발목,그레이,와이드
490,팬츠,발목,그레이,와이드
491,팬츠,발목,그레이,와이드
492,팬츠,발목,블랙,노멀
493,팬츠,발목,블랙,노멀
494,팬츠,발목,블랙,와이드
495,팬츠,발목,블랙,노멀
496,팬츠,발목,블랙,와이드
497,팬츠,발목,블랙,노멀
498,팬츠,발목,블랙,노멀
499,팬츠,발목,블랙,노멀
500,팬츠,발목,블랙,노멀
501,팬츠,발목,블랙,노멀
502,팬츠,발목,블랙,노멀
503,팬츠,발목,블랙,노멀
504,팬츠,발목,와인,노멀
505,팬츠,발목,와인,노멀
506,팬츠,발목,와인,노멀
507,팬츠,발목,카키,노멀
508,팬츠,발목,카키,노멀
509,팬츠,발목,와인,노멀
510,팬츠,발목,카키,노멀
511,팬츠,발목,와인,노멀
512,팬츠,발목,카키,노멀
513,팬츠,발목,카키,노멀
514,팬츠,발목,와인,노멀
515,팬츠,발목,와인,노멀
516,팬츠,발목,카키,노멀
517,팬츠,발목,와인,노멀
518,팬츠,발목,카키,노멀
519,팬츠,발목,카키,노멀
520,팬츠,발목,와인,노멀
521,팬츠,발목,카키,노멀
522,팬츠,발목,카키,노멀
523,팬츠,발목,와인,노멀
524,팬츠,발목,와인,노멀
525,팬츠,미니,브라운,와이드
526,팬츠,미니,브라운,와이드
527,팬츠,미니,브라운,와이드
528,팬츠,미니,브라운,와이드
529,팬츠,미니,브라운,와이드
530,팬츠,미니,브라운,와이드
531,팬츠,미니,브라운,와이드
532,팬츠,미니,브라운,와이드
533,팬츠,미니,브라운,와이드
534,팬츠,미니,브라운,와이드
535,팬츠,미니,브라운,와이드
536,팬츠,미니,브라운,와이드
537,팬츠,미니,브라운,와이드
538,팬츠,미니,브라운,와이드
539,팬츠,미니,브라운,와이드
540,팬츠,미니,브라운,와이드
541,팬츠,미니,브라운,와이드
542,팬츠,미니,브라운,와이드
543,팬츠,미니,브라운,와이드
544,팬츠,미니,브라운,와이드
545,팬츠,미니,브라운,와이드
546,팬츠,미니,브라운,와이드
547,팬츠,미니,브라운,와이드
548,팬츠,발목,그레이,루즈
549,팬츠,발목,그레이,루즈
550,팬츠,발목,그레이,루즈
551,팬츠,발목,그레이,루즈
552,팬츠,발목,그레이,루즈
553,팬츠,발목,그레이,루즈
554,팬츠,발목,그레이,루즈
555,팬츠,발목,그레이,루즈
556,팬츠,발목,그레이,루즈
557,팬츠,미디,네이비,와이드
558,팬츠,미디,네이비,와이드
559,팬츠,미디,네이비,와이드
560,팬츠,미디,네이비,와이드
561,팬츠,미디,네이비,와이드
562,팬츠,미디,네이비,와이드
563,팬츠,발목,네이비,노멀
564,팬츠,발목,네이비,노멀
565,팬츠,발목,네이비,노멀
566,팬츠,발목,네이비,노멀
567,팬츠,발목,네이비,노멀
568,팬츠,발목,네이비,노멀
569,팬츠,발목,네이비,노멀
570,팬츠,발목,네이비,노멀
571,팬츠,발목,네이비,노멀
572,팬츠,발목,네이비,노멀
573,팬츠,미디,그레이,와이드
574,팬츠,미디,그레이,와이드
575,팬츠,미디,그레이,와이드
576,팬츠,미디,그레이,와이드
577,팬츠,미디,그레이,와이드
578,팬츠,미디,그레이,와이드
579,팬츠,미디,그레이,와이드
580,팬츠,미디,그레이,와이드
581,팬츠,발목,블랙,노멀
582,팬츠,발목,블랙,노멀
583,팬츠,발목,블랙,노멀
584,팬츠,발목,블랙,노멀
585,팬츠,발목,블랙,노멀
586,팬츠,발목,블랙,노멀
587,팬츠,발목,블랙,노멀
588,팬츠,발목,블랙,노멀
589,팬츠,발목,블랙,노멀
590,팬츠,발목,블랙,노멀
591,팬츠,발목,블랙,노멀
592,팬츠,발목,블랙,노멀
593,팬츠,발목,블랙,노멀
594,팬츠,발목,블랙,노멀
595,팬츠,발목,블랙,노멀
596,팬츠,발목,블랙,노멀
597,팬츠,발목,그레이,루즈
598,팬츠,발목,그레이,루즈
599,팬츠,발목,그레이,루즈
600,팬츠,발목,그레이,루즈
601,팬츠,발목,그레이,루즈
602,팬츠,발목,그레이,루즈
603,팬츠,발목,그레이,루즈
604,팬츠,발목,그레이,루즈
605,팬츠,발목,그레이,노멀
606,팬츠,발목,그레이,노멀
607,팬츠,발목,그레이,노멀
608,팬츠,발목,그레이,노멀
609,팬츠,발목,그레이,노멀
610,팬츠,발목,그레이,노멀
611,팬츠,발목,그레이,노멀
612,팬츠,발목,핑크,노멀
613,팬츠,발목,그레이,노멀
614,팬츠,발목,핑크,노멀
615,팬츠,발목,핑크,노멀
616,팬츠,발목,핑크,노멀
617,팬츠,발목,핑크,노멀
618,팬츠,발목,핑크,노멀
619,팬츠,발목,핑크,노멀
620,팬츠,발목,베이지,와이드
621,팬츠,발목,베이지,와이드
622,팬츠,발목,베이지,와이드
623,팬츠,발목,핑크,와이드
624,팬츠,발목,베이지,와이드
625,팬츠,발목,베이지,와이드
626,팬츠,발목,핑크,와이드
627,팬츠,발목,핑크,와이드
628,팬츠,발목,베이지,와이드
629,팬츠,발목,베이지,와이드
630,팬츠,발목,핑크,와이드
631,팬츠,발목,핑크,와이드
632,팬츠,발목,핑크,와이드
633,팬츠,발목,베이지,와이드
634,팬츠,발목,베이지,와이드
635,팬츠,발목,그레이,벨보텀
636,팬츠,발목,그레이,벨보텀
637,팬츠,발목,그레이,벨보텀
638,팬츠,발목,그레이,벨보텀
639,팬츠,발목,그레이,벨보텀
640,팬츠,발목,그레이,벨보텀
641,팬츠,발목,블랙,노멀
642,팬츠,발목,블랙,노멀
643,팬츠,발목,블랙,노멀
644,팬츠,발목,블랙,노멀
645,팬츠,발목,그레이,노멀
646,팬츠,발목,그레이,노멀
647,팬츠,발목,그레이,노멀
648,팬츠,발목,브라운,노멀
649,팬츠,발목,그레이,노멀
650,팬츠,발목,그레이,노멀
651,팬츠,발목,그레이,노멀
652,팬츠,발목,그레이,노멀
653,팬츠,발목,그레이,노멀
654,팬츠,발목,그레이,노멀
655,팬츠,발목,그레이,루즈
656,팬츠,발목,그레이,루즈
657,팬츠,발목,카키,루즈
658,팬츠,발목,그레이,루즈
659,팬츠,발목,카키,루즈
660,팬츠,발목,그레이,루즈
661,팬츠,발목,카키,루즈
662,팬츠,발목,그레이,루즈
663,팬츠,발목,그레이,루즈
664,팬츠,발목,카키,루즈
665,팬츠,발목,카키,루즈
666,팬츠,발목,그레이,루즈
667,팬츠,발목,그레이,루즈
668,팬츠,발목,카키,루즈
669,팬츠,발목,카키,루즈
670,팬츠,발목,그레이,루즈
671,팬츠,발목,그레이,루즈
672,팬츠,발목,카키,루즈
673,팬츠,발목,그레이,루즈
674,팬츠,발목,카키,루즈
675,팬츠,발목,그레이,루즈
676,팬츠,발목,카키,루즈
677,팬츠,발목,그레이,루즈
678,팬츠,발목,그레이,루즈
679,,,블랙,
680,,,블랙,
681,팬츠,발목,블랙,와이드
682,,,블랙,
683,,,블랙,
684,,,블랙,
685,,,블랙,
686,,,블랙,
687,,,블랙,
688,,,블랙,
689,,,블랙,
690,조거팬츠,발목,블랙,노멀
691,조거팬츠,발목,블랙,노멀
692,조거팬츠,발목,블랙,노멀
693,조거팬츠,발목,블랙,노멀
694,조거팬츠,발목,블랙,노멀
695,조거팬츠,발목,블랙,노멀
696,조거팬츠,발목,블랙,노멀
697,조거팬츠,발목,블랙,노멀
698,조거팬츠,발목,블랙,노멀
699,조거팬츠,발목,블랙,노멀
701,팬츠,발목,베이지,노멀
702,팬츠,발목,베이지,와이드
703,팬츠,발목,베이지,노멀
705,팬츠,발목,베이지,와이드
711,팬츠,발목,베이지,와이드
712,팬츠,발목,베이지,와이드
716,팬츠,발목,카키,노멀
718,팬츠,발목,카키,노멀
719,팬츠,발목,카키,노멀
720,팬츠,발목,카키,노멀
721,팬츠,발목,카키,노멀
722,팬츠,발목,카키,노멀
725,팬츠,발목,카키,노멀
726,팬츠,발목,카키,노멀
728,팬츠,발목,카키,노멀
732,팬츠,발목,카키,와이드
733,팬츠,발목,화이트,노멀
734,팬츠,발목,화이트,노멀
735,팬츠,발목,화이트,노멀
736,스커트,발목,베이지,와이드
737,스커트,발목,베이지,와이드
738,스커트,발목,베이지,와이드
739,스커트,발목,베이지,와이드
740,스커트,발목,베이지,와이드
741,스커트,발목,베이지,와이드
742,스커트,발목,베이지,와이드
743,스커트,발목,베이지,와이드
744,스커트,발목,베이지,와이드
745,스커트,발목,베이지,와이드
746,스커트,발목,베이지,와이드
747,스커트,발목,베이지,와이드
748,스커트,발목,베이지,와이드
749,스커트,발목,베이지,와이드
750,스커트,발목,베이지,와이드
752,청바지,발목,,와이드
753,청바지,발목,블루,노멀
754,청바지,발목,네이비,노멀
759,팬츠,맥시,화이트,와이드
762,팬츠,맥시,화이트,와이드
772,팬츠,발목,그레이,노멀
773,팬츠,발목,그레이,노멀
774,팬츠,발목,그레이,노멀
775,팬츠,발목,그레이,노멀
776,팬츠,발목,그레이,노멀
777,팬츠,발목,그레이,노멀
778,팬츠,발목,그레이,노멀
779,팬츠,발목,그레이,노멀
780,팬츠,발목,네이비,노멀
781,팬츠,발목,네이비,노멀
782,팬츠,발목,네이비,노멀
783,팬츠,발목,네이비,노멀
784,팬츠,발목,네이비,노멀
785,팬츠,발목,네이비,노멀
786,팬츠,발목,네이비,노멀
788,팬츠,발목,네이비,노멀
789,팬츠,발목,네이비,노멀
791,팬츠,발목,네이비,노멀
792,팬츠,발목,네이비,노멀
793,팬츠,발목,네이비,노멀
794,팬츠,발목,네이비,노멀
795,팬츠,발목,네이비,노멀
798,팬츠,발목,화이트,와이드
799,팬츠,발목,화이트,와이드
800,팬츠,발목,화이트,와이드
813,팬츠,발목,화이트,와이드
816,팬츠,맥시,블랙,와이드
817,팬츠,맥시,블랙,와이드
823,팬츠,발목,블랙,노멀
824,팬츠,,블랙,노멀
826,팬츠,발목,브라운,와이드
827,팬츠,발목,브라운,와이드
828,팬츠,발목,브라운,와이드
829,팬츠,발목,브라운,와이드
830,팬츠,발목,브라운,와이드
831,팬츠,발목,브라운,와이드
832,팬츠,미디,네이비,노멀
833,팬츠,미디,네이비,노멀
834,팬츠,미디,네이비,노멀
835,팬츠,미디,네이비,노멀
836,팬츠,미디,네이비,노멀
837,팬츠,미디,네이비,노멀
838,팬츠,미디,네이비,노멀
839,팬츠,미디,네이비,노멀
840,팬츠,미디,네이비,노멀
841,팬츠,미디,네이비,노멀
842,팬츠,미디,네이비,노멀
843,팬츠,미디,네이비,노멀
844,팬츠,미디,네이비,노멀
845,팬츠,미디,네이비,노멀
846,팬츠,미디,네이비,노멀
847,팬츠,미디,네이비,노멀
848,팬츠,미디,네이비,노멀
849,팬츠,미디,네이비,노멀
850,팬츠,미디,네이비,노멀
851,팬츠,미디,네이비,노멀
852,팬츠,미디,네이비,노멀
853,팬츠,미디,네이비,노멀
854,팬츠,미디,네이비,노멀
855,팬츠,미디,네이비,노멀
856,팬츠,미디,네이비,노멀
857,팬츠,미디,네이비,노멀
858,팬츠,미디,네이비,노멀
859,팬츠,미디,네이비,노멀
860,팬츠,발목,브라운,와이드
861,팬츠,발목,브라운,와이드
862,팬츠,,브라운,
863,팬츠,발목,브라운,와이드
864,팬츠,,브라운,
865,팬츠,,브라운,
866,팬츠,발목,브라운,와이드
867,팬츠,,브라운,
868,팬츠,발목,브라운,와이드
869,팬츠,,브라운,
870,팬츠,발목,브라운,와이드
871,팬츠,,브라운,
872,팬츠,,브라운,
873,팬츠,,브라운,
874,팬츠,,브라운,
875,팬츠,,브라운,
877,청바지,,블루,
883,팬츠,발목,와인,노멀
884,팬츠,,와인,
885,팬츠,발목,와인,노멀
886,팬츠,발목,와인,노멀
887,팬츠,,와인,
888,팬츠,발목,와인,노멀
889,팬츠,,와인,
890,팬츠,,와인,
891,팬츠,발목,와인,노멀
892,팬츠,,와인,
893,팬츠,,와인,
894,팬츠,,와인,
898,팬츠,,와인,
899,팬츠,발목,브라운,노멀
900,팬츠,,와인,
905,팬츠,발목,브라운,노멀
938,팬츠,발목,그린,노멀
939,팬츠,,그린,
940,팬츠,발목,그린,노멀
942,팬츠,발목,그린,노멀
943,팬츠,,그린,
944,팬츠,,그린,
945,팬츠,,그린,
946,팬츠,,그린,
947,팬츠,,그린,
948,팬츠,발목,그린,노멀
949,팬츠,발목,그린,노멀
950,팬츠,발목,그린,노멀
951,팬츠,발목,그린,노멀
952,,,그린,
953,팬츠,,그린,
954,팬츠,,그린,
955,팬츠,,그린,
956,팬츠,,그린,
957,팬츠,발목,그린,노멀
958,팬츠,,그린,
959,팬츠,,그린,
960,팬츠,발목,그린,노멀
967,팬츠,발목,블랙,노멀
987,청바지,,네이비,스키니
988,청바지,,네이비,스키니
989,청바지,,네이비,스키니
990,청바지,,네이비,스키니
991,청바지,,네이비,스키니
992,청바지,,네이비,스키니
993,청바지,,네이비,스키니
994,청바지,발목,그레이,노멀
995,청바지,발목,그레이,노멀
996,청바지,발목,그레이,노멀
997,청바지,발목,그레이,노멀
998,청바지,발목,그레이,노멀
999,청바지,발목,그레이,노멀
1000,팬츠,맥시,블랙,루즈
1002,팬츠,맥시,블랙,루즈
1003,팬츠,맥시,블랙,루즈
1008,팬츠,맥시,블랙,루즈
1009,팬츠,맥시,블랙,루즈
1010,팬츠,발목,와인,와이드
1011,팬츠,발목,와인,와이드
1013,팬츠,발목,와인,와이드
1015,팬츠,발목,와인,와이드
1017,팬츠,발목,와인,와이드
1018,팬츠,발목,와인,와이드
1021,팬츠,발목,와인,와이드
1022,팬츠,발목,와인,와이드
1026,팬츠,발목,와인,와이드
1027,팬츠,발목,와인,와이드
1028,팬츠,발목,와인,와이드
1029,팬츠,발목,와인,와이드
1032,팬츠,발목,와인,와이드
1033,팬츠,발목,와인,와이드
1034,팬츠,발목,와인,와이드
1035,팬츠,발목,와인,와이드
1036,팬츠,발목,와인,와이드
1037,팬츠,발목,와인,와이드
1038,팬츠,발목,와인,와이드
1039,팬츠,발목,화이트,스키니
1040,팬츠,발목,화이트,스키니
1041,팬츠,,화이트,스키니
1042,팬츠,,화이트,스키니
1043,팬츠,발목,화이트,스키니
1044,팬츠,발목,화이트,스키니
1046,팬츠,,화이트,스키니
1048,팬츠,,화이트,스키니
1050,팬츠,발목,화이트,스키니
1051,팬츠,발목,화이트,스키니
1052,팬츠,,화이트,스키니
1053,팬츠,발목,화이트,스키니
1054,팬츠,발목,화이트,스키니
1055,팬츠,발목,화이트,스키니
1057,팬츠,발목,화이트,스키니
1061,팬츠,발목,화이트,스키니
1063,팬츠,발목,화이트,스키니
1064,팬츠,발목,화이트,스키니
1065,팬츠,발목,화이트,스키니
1066,팬츠,,화이트,스키니
1069,팬츠,발목,화이트,스키니
1070,팬츠,발목,화이트,스키니
1072,팬츠,발목,화이트,스키니
1077,팬츠,,화이트,스키니
1079,팬츠,,화이트,스키니
1086,팬츠,발목,화이트,스키니
1087,팬츠,,화이트,스키니
1088,팬츠,발목,화이트,스키니
1089,팬츠,미니,화이트,노멀
1092,팬츠,미니,화이트,노멀
1093,팬츠,미니,화이트,노멀
1094,팬츠,미니,화이트,노멀
1095,팬츠,미니,화이트,노멀
1097,팬츠,미니,화이트,노멀
1098,팬츠,미니,그레이,와이드
1099,팬츠,미니,그레이,와이드
1100,팬츠,미니,그레이,와이드
1101,팬츠,미니,그레이,와이드
1102,팬츠,미니,그레이,와이드
1103,팬츠,미니,그레이,와이드
1104,팬츠,미니,그레이,와이드
1105,팬츠,미니,그레이,와이드
1106,팬츠,미니,그레이,와이드
1107,팬츠,미니,그레이,와이드
1108,팬츠,미니,그레이,와이드
1109,팬츠,미니,그레이,와이드
1110,팬츠,미니,그레이,와이드
1111,팬츠,미니,그레이,와이드
1112,팬츠,미니,그레이,와이드
1113,팬츠,미니,그레이,와이드
1114,팬츠,미니,그레이,와이드
1115,팬츠,미니,그레이,와이드
1116,팬츠,미니,그레이,와이드
1117,팬츠,미니,그레이,와이드
1118,팬츠,미니,그레이,와이드
1119,팬츠,미니,그레이,와이드
1120,팬츠,미니,그레이,와이드
1121,팬츠,미니,그레이,와이드
1122,팬츠,미니,그레이,와이드
1123,팬츠,미니,그레이,와이드
1124,팬츠,미니,그레이,와이드
1125,팬츠,미니,그레이,와이드
1126,팬츠,발목,베이지,노멀
1127,팬츠,발목,베이지,노멀
1128,팬츠,발목,베이지,노멀
1129,팬츠,발목,베이지,노멀
1131,팬츠,발목,베이지,노멀
1132,팬츠,발목,베이지,노멀
1133,팬츠,발목,베이지,노멀
1134,팬츠,발목,베이지,노멀
1135,팬츠,발목,베이지,노멀
1137,팬츠,발목,베이지,노멀
1139,팬츠,발목,베이지,노멀
1140,팬츠,발목,베이지,노멀
1141,팬츠,발목,베이지,노멀
1142,팬츠,발목,베이지,노멀
1143,팬츠,발목,베이지,노멀
1144,팬츠,발목,베이지,노멀
1145,팬츠,발목,베이지,노멀
1146,팬츠,발목,베이지,노멀
1147,팬츠,발목,베이지,노멀
1148,팬츠,발목,베이지,노멀
1149,팬츠,발목,베이지,노멀
1150,팬츠,발목,베이지,노멀
1151,팬츠,발목,베이지,노멀
1152,팬츠,발목,베이지,노멀
1153,팬츠,발목,베이지,노멀
1154,팬츠,발목,베이지,노멀
1155,팬츠,발목,베이지,노멀
1156,팬츠,발목,베이지,노멀
1157,팬츠,발목,베이지,노멀
1159,팬츠,발목,화이트,노멀
1161,팬츠,발목,화이트,스키니
1162,팬츠,발목,화이트,스키니
1165,팬츠,발목,화이트,노멀
1167,팬츠,발목,화이트,노멀
1169,팬츠,발목,화이트,노멀
1170,청바지,발목,블루,노멀
1171,청바지,발목,블루,노멀
1172,청바지,발목,블루,노멀
1173,청바지,발목,블루,노멀
1174,청바지,발목,블루,노멀
1175,청바지,발목,블루,노멀
1176,청바지,발목,블루,노멀
1177,청바지,발목,블루,노멀
1178,청바지,발목,블루,노멀
1180,청바지,발목,블루,노멀
1182,청바지,발목,블루,노멀
1185,청바지,발목,블루,노멀
1186,팬츠,발목,브라운,노멀
1187,팬츠,발목,브라운,노멀
1188,팬츠,발목,브라운,노멀
1189,팬츠,발목,브라운,노멀
1190,팬츠,발목,브라운,노멀
1191,팬츠,발목,브라운,노멀
1192,팬츠,발목,브라운,노멀
1193,팬츠,발목,브라운,노멀
1194,팬츠,발목,브라운,노멀
1195,팬츠,발목,브라운,노멀
1196,팬츠,발목,브라운,노멀
1197,팬츠,발목,브라운,노멀
1198,팬츠,발목,브라운,노멀
1199,팬츠,발목,브라운,노멀
1200,팬츠,맥시,화이트,노멀
1202,팬츠,맥시,화이트,노멀
1203,팬츠,맥시,화이트,노멀
1204,팬츠,맥시,화이트,노멀
1205,팬츠,맥시,화이트,노멀
1206,팬츠,맥시,화이트,노멀
1207,팬츠,맥시,화이트,노멀
1208,팬츠,맥시,화이트,노멀
1209,팬츠,맥시,화이트,노멀
1213,팬츠,맥시,화이트,노멀
1215,팬츠,맥시,화이트,노멀
1216,팬츠,맥시,화이트,노멀
1217,팬츠,맥시,화이트,노멀
1218,팬츠,맥시,화이트,노멀
1219,팬츠,맥시,화이트,노멀
1221,팬츠,맥시,화이트,노멀
1222,팬츠,맥시,화이트,노멀
1223,팬츠,맥시,화이트,노멀
1224,팬츠,맥시,화이트,노멀
1225,팬츠,맥시,화이트,노멀
1226,팬츠,맥시,화이트,노멀
1227,팬츠,맥시,화이트,노멀
1228,팬츠,맥시,블루,노멀
1229,팬츠,맥시,화이트,노멀
1238,스커트,미니,블루,노멀
1241,스커트,미니,블루,노멀
1243,청바지,미니,스카이블루,노멀
1244,청바지,미니,스카이블루,노멀
1245,청바지,미니,스카이블루,노멀
1247,청바지,미니,스카이블루,노멀
1251,청바지,미니,스카이블루,노멀
1253,청바지,미니,스카이블루,노멀
1257,청바지,미니,스카이블루,노멀
1258,청바지,발목,화이트,스키니
1259,청바지,발목,,스키니
1260,청바지,발목,,스키니
1261,청바지,발목,화이트,스키니
1262,청바지,발목,,스키니
1263,청바지,발목,화이트,스키니
1264,팬츠,발목,,스키니
1272,팬츠,발목,블랙,와이드
1274,팬츠,발목,블랙,와이드
1275,팬츠,발목,블랙,와이드
1276,팬츠,발목,블랙,와이드
1277,팬츠,발목,블랙,와이드
1279,팬츠,발목,블랙,와이드
1280,팬츠,발목,블루,노멀
1281,팬츠,발목,블루,노멀
1282,팬츠,발목,블루,노멀
1290,청바지,발목,스카이블루,노멀
1291,팬츠,발목,블랙,노멀
1293,팬츠,미니,그레이,노멀
1294,팬츠,발목,블랙,노멀
1297,팬츠,발목,블랙,노멀
1298,청바지,발목,스카이블루,노멀
1299,팬츠,미니,그레이,노멀
1302,팬츠,발목,블랙,노멀
1304,청바지,발목,스카이블루,노멀
1306,팬츠,발목,블랙,노멀
1308,팬츠,발목,블랙,노멀
1321,팬츠,발목,블랙,노멀
1324,팬츠,발목,블랙,노멀
1325,팬츠,발목,베이지,노멀
1340,팬츠,발목,블랙,노멀
1344,팬츠,발목,블랙,노멀
1345,팬츠,발목,블랙,노멀
1348,팬츠,미디,블랙,노멀
1349,팬츠,발목,그레이,벨보텀
1350,팬츠,발목,그레이,벨보텀
1351,팬츠,발목,그레이,벨보텀
1352,팬츠,발목,그레이,벨보텀
1353,팬츠,발목,라벤더,와이드
1354,팬츠,미니,블루,노멀
1355,팬츠,미니,블루,노멀
1356,팬츠,미니,블루,노멀
1358,팬츠,미니,블루,노멀
1359,팬츠,미니,블루,노멀
1360,팬츠,미니,블루,노멀
1361,팬츠,미니,블루,노멀
1362,팬츠,미니,블루,노멀
1363,팬츠,미니,베이지,노멀
1365,팬츠,미니,베이지,노멀
1366,팬츠,미니,블루,노멀
1367,팬츠,미니,블루,노멀
1368,팬츠,미니,블루,노멀
1369,팬츠,미니,베이지,노멀
1370,팬츠,미니,베이지,노멀
1371,팬츠,미니,베이지,노멀
1372,팬츠,미니,베이지,노멀
1373,팬츠,미니,베이지,노멀
1374,팬츠,미니,베이지,노멀
1375,팬츠,미니,베이지,노멀
1376,팬츠,미니,베이지,노멀
1377,청바지,발목,블루,스키니
1378,청바지,발목,블루,스키니
1379,청바지,발목,블루,스키니
1380,청바지,발목,블루,스키니
1381,청바지,발목,블루,스키니
1382,청바지,발목,블루,스키니
1383,청바지,발목,블루,스키니
1384,청바지,발목,블루,스키니
1385,청바지,발목,블루,스키니
1386,청바지,발목,블루,스키니
1388,청바지,발목,블루,스키니
1389,청바지,발목,블루,스키니
1390,청바지,발목,블루,스키니
1391,청바지,발목,블루,스키니
1392,청바지,발목,블루,스키니
1393,청바지,발목,블루,스키니
1395,청바지,발목,블루,스키니
1396,청바지,발목,블루,스키니
1398,청바지,발목,블루,스키니
1400,청바지,발목,블루,스키니
1401,청바지,발목,블루,스키니
1408,청바지,발목,블루,스키니
1409,청바지,발목,블루,스키니
1410,청바지,발목,블루,스키니
1411,청바지,발목,블루,스키니
1412,청바지,발목,블루,스키니
1413,청바지,발목,블루,스키니
1414,청바지,발목,블루,스키니
1415,청바지,발목,블루,스키니
1416,청바지,발목,블루,스키니
1417,청바지,발목,블루,스키니
1418,청바지,발목,블루,스키니
1419,청바지,발목,블루,스키니
1420,청바지,발목,블루,스키니
1421,청바지,발목,블루,스키니
1422,청바지,발목,블루,스키니
1423,청바지,발목,블루,스키니
1425,청바지,발목,블루,스키니
1426,청바지,발목,블루,스키니
1427,청바지,발목,블루,스키니
1428,청바지,발목,블루,스키니
1429,청바지,발목,블루,스키니
1430,청바지,발목,블루,스키니
1431,청바지,발목,블루,스키니
1432,청바지,발목,블루,스키니
1433,청바지,발목,블루,스키니
1444,청바지,발목,블루,벨보텀
1445,청바지,발목,블루,벨보텀
1446,청바지,발목,블루,벨보텀
1447,청바지,발목,블루,벨보텀
1448,청바지,발목,블루,벨보텀
1449,청바지,발목,블루,벨보텀
1450,청바지,발목,블루,벨보텀
1451,청바지,발목,블루,벨보텀
1452,청바지,발목,블루,벨보텀
1453,청바지,발목,블루,벨보텀
1454,청바지,발목,블루,벨보텀
1465,팬츠,맥시,블랙,노멀
1466,팬츠,맥시,블랙,노멀
1467,팬츠,맥시,블랙,노멀
1468,,,블랙,
1469,팬츠,맥시,블랙,노멀
1470,팬츠,맥시,블랙,노멀
1471,팬츠,맥시,블랙,노멀
1472,팬츠,맥시,블랙,노멀
1474,팬츠,발목,핑크,와이드
1475,팬츠,발목,핑크,와이드
1479,팬츠,맥시,화이트,와이드
1480,팬츠,맥시,그레이,와이드
1482,팬츠,맥시,그레이,와이드
1483,팬츠,맥시,화이트,와이드
1485,팬츠,맥시,그레이,와이드
1486,팬츠,맥시,그레이,와이드
1487,팬츠,발목,베이지,와이드
1488,팬츠,발목,베이지,와이드
1489,팬츠,발목,베이지,와이드
1490,팬츠,발목,베이지,와이드
1491,팬츠,발목,베이지,와이드
1492,팬츠,발목,베이지,와이드
1493,팬츠,발목,베이지,와이드
1494,팬츠,발목,베이지,와이드
1495,팬츠,맥시,블랙,와이드
1496,팬츠,맥시,블랙,와이드
1497,팬츠,맥시,블랙,와이드
1498,팬츠,맥시,블랙,와이드
1499,팬츠,맥시,블랙,와이드
1500,팬츠,맥시,블랙,와이드
1501,팬츠,맥시,블랙,와이드
1502,팬츠,맥시,블랙,와이드
1503,팬츠,발목,블랙,노멀
1504,팬츠,발목,블랙,노멀
1505,팬츠,발목,블랙,노멀
1506,팬츠,발목,그레이,스키니
1507,팬츠,발목,그레이,스키니
1508,팬츠,발목,블랙,노멀
1509,팬츠,발목,블랙,노멀
1511,팬츠,발목,블랙,노멀
1512,팬츠,발목,블랙,노멀
1513,팬츠,발목,블랙,노멀
1514,팬츠,발목,블랙,노멀
1516,팬츠,발목,블랙,노멀
1517,팬츠,발목,블랙,노멀
1518,팬츠,발목,블랙,노멀
1519,팬츠,발목,블랙,노멀
1520,팬츠,미디,블랙,노멀
1521,팬츠,미디,블랙,노멀
1522,팬츠,미디,화이트,노멀
1525,팬츠,발목,핑크,노멀
1526,팬츠,발목,핑크,노멀
1527,팬츠,발목,핑크,노멀
1531,팬츠,발목,핑크,노멀
1533,팬츠,발목,핑크,노멀
1534,팬츠,발목,핑크,노멀
1535,팬츠,발목,핑크,노멀
1536,팬츠,발목,핑크,노멀
1537,팬츠,발목,핑크,노멀
1539,팬츠,발목,베이지,와이드
1540,팬츠,발목,베이지,와이드
1541,팬츠,발목,베이지,와이드
1542,팬츠,발목,베이지,와이드
1543,팬츠,발목,베이지,와이드
1544,팬츠,발목,베이지,와이드
1545,팬츠,발목,베이지,와이드
1546,팬츠,발목,베이지,와이드
1547,팬츠,발목,베이지,와이드
1548,팬츠,발목,베이지,와이드
1549,팬츠,발목,베이지,와이드
1550,팬츠,발목,베이지,와이드
1551,팬츠,발목,베이지,와이드
1552,팬츠,발목,베이지,와이드
1553,팬츠,발목,베이지,와이드
1554,팬츠,발목,베이지,와이드
1555,팬츠,발목,베이지,와이드
1556,팬츠,발목,베이지,와이드
1557,팬츠,발목,베이지,와이드
1558,팬츠,발목,베이지,와이드
1559,팬츠,발목,베이지,와이드
1560,팬츠,발목,베이지,와이드
1561,팬츠,발목,베이지,와이드
1562,팬츠,발목,베이지,와이드
1563,팬츠,발목,베이지,와이드
1564,팬츠,발목,베이지,와이드
1565,팬츠,발목,베이지,와이드
1566,팬츠,발목,베이지,와이드
1567,팬츠,발목,베이지,와이드
1568,팬츠,발목,베이지,와이드
1569,팬츠,발목,베이지,와이드
1570,팬츠,발목,베이지,와이드
1571,팬츠,발목,베이지,와이드
1572,팬츠,발목,베이지,와이드
1573,팬츠,발목,베이지,와이드
1574,팬츠,발목,베이지,와이드
1575,팬츠,발목,베이지,와이드
1576,팬츠,발목,베이지,와이드
1577,팬츠,발목,베이지,와이드
1578,팬츠,발목,베이지,와이드
1579,팬츠,발목,베이지,와이드
1580,팬츠,발목,베이지,와이드
1581,팬츠,발목,베이지,와이드
1582,팬츠,발목,베이지,와이드
1583,팬츠,발목,베이지,와이드
1584,팬츠,발목,베이지,와이드
1585,팬츠,발목,베이지,와이드
1586,팬츠,발목,베이지,노멀
1587,팬츠,발목,베이지,노멀
1588,팬츠,발목,베이지,노멀
1589,팬츠,발목,베이지,노멀
1590,팬츠,발목,베이지,노멀
1591,팬츠,발목,베이지,노멀
1592,팬츠,발목,베이지,노멀
1593,팬츠,발목,베이지,와이드
1594,팬츠,발목,베이지,노멀
1595,팬츠,발목,실버,노멀
1596,팬츠,발목,실버,노멀
1597,팬츠,발목,실버,노멀
1598,팬츠,발목,실버,노멀
1599,팬츠,발목,실버,노멀
1600,팬츠,발목,실버,노멀
1601,팬츠,발목,핑크,노멀
1602,팬츠,발목,핑크,노멀
1603,팬츠,발목,핑크,노멀
1604,팬츠,발목,핑크,노멀
1605,팬츠,발목,핑크,와이드
1606,팬츠,발목,핑크,루즈
1607,팬츠,발목,핑크,와이드
1608,팬츠,발목,핑크,노멀
1609,팬츠,발목,핑크,와이드
1610,팬츠,발목,핑크,노멀
1611,팬츠,발목,핑크,루즈
1612,팬츠,발목,핑크,루즈
1613,팬츠,발목,핑크,루즈
1614,팬츠,발목,핑크,루즈
1615,팬츠,발목,핑크,노멀
1616,팬츠,발목,핑크,와이드
1617,팬츠,발목,핑크,노멀
1618,팬츠,발목,핑크,노멀
1619,팬츠,발목,핑크,와이드
1620,팬츠,발목,핑크,와이드
1621,팬츠,발목,핑크,노멀
1622,팬츠,발목,핑크,와이드
1623,팬츠,발목,핑크,노멀
1624,팬츠,발목,핑크,와이드
1625,팬츠,발목,핑크,와이드
1626,팬츠,발목,핑크,와이드
1627,팬츠,발목,핑크,와이드
1628,팬츠,발목,핑크,노멀
1629,팬츠,발목,핑크,와이드
1630,팬츠,발목,핑크,노멀
1631,팬츠,발목,핑크,와이드
1632,팬츠,발목,핑크,와이드
1633,팬츠,발목,핑크,노멀
1634,팬츠,발목,핑크,와이드
1635,팬츠,발목,핑크,루즈
1636,팬츠,발목,핑크,루즈
1637,팬츠,발목,핑크,루즈
1638,팬츠,발목,핑크,와이드
1639,팬츠,발목,핑크,루즈
1640,팬츠,발목,핑크,와이드
1641,팬츠,발목,핑크,노멀
1642,팬츠,발목,핑크,노멀
1643,팬츠,발목,핑크,와이드
1644,팬츠,발목,핑크,노멀
1645,팬츠,발목,핑크,와이드
1646,팬츠,발목,블랙,벨보텀
1647,팬츠,발목,블랙,벨보텀
1648,팬츠,,블랙,노멀
1649,팬츠,,블랙,노멀
1650,팬츠,발목,블랙,벨보텀
1651,팬츠,발목,블랙,벨보텀
1652,팬츠,발목,블랙,벨보텀
1653,팬츠,발목,블랙,벨보텀
1654,팬츠,발목,블랙,벨보텀
1655,팬츠,발목,블랙,벨보텀
1656,팬츠,,블랙,노멀
1657,팬츠,발목,블랙,벨보텀
1658,팬츠,,블랙,노멀
1659,팬츠,,블랙,노멀
1660,팬츠,,블랙,벨보텀
1661,팬츠,발목,블랙,벨보텀
1662,팬츠,발목,블랙,벨보텀
1663,팬츠,발목,블랙,벨보텀
1664,팬츠,발목,블랙,벨보텀
1665,팬츠,,블랙,노멀
1666,팬츠,발목,블랙,벨보텀
1667,팬츠,,블랙,노멀
1668,팬츠,,블랙,벨보텀
1669,팬츠,발목,블랙,벨보텀
1670,팬츠,,블랙,노멀
1671,팬츠,발목,블랙,벨보텀
1672,팬츠,발목,블랙,벨보텀
1674,팬츠,발목,블랙,벨보텀
1675,팬츠,발목,블랙,벨보텀
1676,팬츠,,블랙,노멀
1677,팬츠,발목,블랙,벨보텀
1678,팬츠,발목,블랙,벨보텀
1679,팬츠,,블랙,노멀
1680,팬츠,발목,블랙,벨보텀
1681,팬츠,,블랙,노멀
1682,팬츠,,블랙,노멀
1683,팬츠,발목,블랙,벨보텀
1684,팬츠,발목,블랙,벨보텀
1685,팬츠,맥시,실버,와이드
1686,팬츠,맥시,실버,와이드
1687,팬츠,맥시,실버,와이드
1688,팬츠,맥시,실버,와이드
1689,팬츠,맥시,실버,와이드
1690,팬츠,맥시,실버,와이드
1691,팬츠,맥시,실버,와이드
1692,팬츠,맥시,실버,와이드
1693,팬츠,맥시,실버,와이드
1694,팬츠,발목,실버,루즈
1695,팬츠,맥시,실버,와이드
1696,팬츠,맥시,실버,와이드
1697,팬츠,맥시,실버,와이드
1698,팬츠,발목,실버,루즈
1699,팬츠,발목,실버,루즈
1700,팬츠,맥시,실버,와이드
1701,팬츠,발목,실버,루즈
1702,팬츠,발목,실버,루즈
1704,팬츠,발목,블랙,노멀
1708,팬츠,발목,블랙,노멀
1709,팬츠,발목,블랙,노멀
1716,팬츠,발목,블랙,와이드
1717,청바지,발목,블루,와이드
1719,청바지,발목,블루,와이드
1724,팬츠,발목,블랙,노멀
1725,팬츠,발목,블랙,노멀
1727,팬츠,발목,블랙,노멀
1729,팬츠,발목,그레이,루즈
1733,팬츠,발목,그레이,루즈
1736,팬츠,발목,블랙,노멀
1737,팬츠,발목,블랙,노멀
1738,팬츠,발목,그레이,루즈
1740,팬츠,발목,그레이,루즈
1741,팬츠,발목,그레이,루즈
1744,팬츠,발목,카키,와이드
1745,팬츠,발목,카키,와이드
1746,팬츠,발목,카키,와이드
1747,팬츠,발목,카키,와이드
1748,팬츠,발목,카키,와이드
1749,팬츠,발목,카키,와이드
1751,팬츠,발목,블랙,와이드
1755,,,블랙,
1757,팬츠,발목,블랙,와이드
1758,팬츠,발목,블랙,와이드
1760,팬츠,발목,블랙,와이드
1762,팬츠,미디,블랙,스키니
1763,팬츠,미디,블랙,스키니
1764,팬츠,미디,블랙,스키니
1767,팬츠,미디,블랙,스키니
1768,팬츠,미디,블랙,스키니
1769,팬츠,미디,블랙,스키니
1770,팬츠,미디,블랙,스키니
1772,팬츠,미디,그레이,노멀
1773,팬츠,미디,그레이,노멀
1774,팬츠,미디,그레이,노멀
1775,팬츠,미디,그레이,노멀
1777,팬츠,미디,그레이,노멀
1782,팬츠,미디,화이트,노멀
1786,팬츠,발목,핑크,스키니
1787,팬츠,발목,핑크,스키니
1789,팬츠,발목,핑크,스키니
1790,팬츠,발목,핑크,스키니
1791,팬츠,발목,핑크,스키니
1792,청바지,발목,블루,스키니
1794,청바지,발목,블루,스키니
1796,청바지,발목,블루,스키니
1797,청바지,발목,블루,스키니
1799,스커트,니렝스,블랙,노멀
1805,스커트,니렝스,블랙,노멀
1806,스커트,니렝스,블랙,노멀
1807,팬츠,발목,블랙,노멀
1809,팬츠,발목,블랙,노멀
1810,팬츠,발목,블랙,와이드
1813,팬츠,발목,블랙,와이드
1816,팬츠,발목,블랙,노멀
1817,팬츠,발목,블랙,노멀
1820,팬츠,발목,블랙,와이드
1823,팬츠,발목,블랙,노멀
1824,팬츠,발목,블랙,와이드
1825,팬츠,발목,블랙,와이드
1826,팬츠,발목,블랙,노멀
1827,팬츠,발목,블랙,와이드
1828,팬츠,발목,블랙,노멀
1829,팬츠,발목,블랙,노멀
1830,팬츠,발목,블랙,노멀
1832,팬츠,발목,블랙,노멀
1836,팬츠,미니,그레이,와이드
1837,팬츠,미니,그레이,와이드
1838,팬츠,미니,그레이,와이드
1839,팬츠,미니,그레이,와이드
1840,팬츠,미니,그레이,와이드
1841,팬츠,미니,그레이,와이드
1842,팬츠,미니,그레이,와이드
1843,팬츠,발목,블랙,와이드
1844,팬츠,발목,블랙,와이드
1845,팬츠,미디,,와이드
1846,팬츠,미디,베이지,와이드
1847,팬츠,미디,,와이드
1848,팬츠,미디,베이지,와이드
1849,팬츠,미디,,와이드
1850,팬츠,미디,,와이드
1852,팬츠,미디,베이지,와이드
1853,팬츠,발목,블랙,와이드
1854,팬츠,발목,블랙,와이드
1855,팬츠,발목,블랙,와이드
1857,팬츠,발목,블랙,와이드
1860,팬츠,발목,블랙,와이드
1861,팬츠,발목,블랙,와이드
1863,팬츠,발목,블랙,와이드
1865,팬츠,발목,블랙,와이드
1868,팬츠,발목,블랙,와이드
1869,팬츠,발목,블랙,와이드
1871,팬츠,발목,블랙,와이드
1872,팬츠,발목,블랙,와이드
1873,팬츠,발목,블랙,와이드
1874,팬츠,발목,블랙,와이드
1875,팬츠,발목,블랙,와이드
1877,팬츠,발목,블랙,와이드
1882,팬츠,발목,블랙,와이드
1885,팬츠,발목,블랙,와이드
1886,팬츠,발목,블랙,와이드
1887,팬츠,발목,블랙,와이드
1888,팬츠,,블랙,와이드
1892,팬츠,발목,블랙,와이드
1893,팬츠,발목,블랙,와이드
1897,팬츠,발목,블랙,와이드
1898,팬츠,발목,블랙,와이드
1899,팬츠,발목,블랙,와이드
1900,청바지,발목,블루,노멀
1902,청바지,발목,블루,노멀
1903,청바지,발목,블루,노멀
1904,청바지,발목,블루,노멀
1905,청바지,발목,블루,노멀
1906,청바지,발목,블루,노멀
1908,청바지,발목,블루,노멀
1909,청바지,발목,블루,노멀
1910,청바지,발목,블루,노멀
1911,청바지,발목,블루,노멀
1912,청바지,발목,블루,노멀
1913,청바지,발목,블루,노멀
1914,청바지,발목,블루,노멀
1915,청바지,발목,블루,노멀
1917,청바지,발목,블루,노멀
1918,청바지,발목,블루,노멀
1919,청바지,발목,블루,노멀
1920,청바지,발목,블루,노멀
1921,청바지,발목,블루,노멀
1924,팬츠,발목,블랙,노멀
1925,팬츠,발목,블랙,노멀
1931,팬츠,발목,베이지,벨보텀
1934,팬츠,발목,베이지,벨보텀
1935,청바지,발목,네이비,벨보텀
1939,청바지,발목,네이비,벨보텀
1942,팬츠,,블랙,루즈
1943,팬츠,,블랙,루즈
1944,팬츠,,블랙,루즈
1946,팬츠,,블랙,루즈
1947,팬츠,,블랙,루즈
1948,팬츠,발목,베이지,노멀
1949,팬츠,맥시,블랙,와이드
1950,팬츠,맥시,블랙,와이드
1951,팬츠,맥시,블랙,와이드
1952,팬츠,맥시,블랙,와이드
1953,팬츠,맥시,블랙,와이드
1954,팬츠,맥시,블랙,와이드
1955,팬츠,맥시,블랙,와이드
1958,팬츠,발목,블랙,와이드
1959,팬츠,발목,블랙,와이드
1960,팬츠,발목,블랙,와이드
1962,팬츠,발목,블랙,와이드
1963,팬츠,발목,블랙,노멀
1966,팬츠,발목,블랙,노멀
1967,팬츠,발목,블랙,노멀
1968,팬츠,발목,,노멀
1969,팬츠,발목,블랙,노멀
1970,팬츠,발목,블랙,노멀
1971,,,스카이블루,
1972,팬츠,발목,베이지,와이드
1973,청바지,발목,스카이블루,와이드
1975,청바지,발목,스카이블루,와이드
1977,청바지,발목,스카이블루,와이드
1978,청바지,발목,스카이블루,와이드
1982,팬츠,발목,화이트,와이드
1983,팬츠,발목,화이트,와이드
1985,팬츠,발목,화이트,와이드
1987,팬츠,발목,화이트,와이드
1989,팬츠,발목,블랙,노멀
1990,팬츠,발목,블랙,노멀
1992,팬츠,발목,블랙,와이드
1993,팬츠,발목,블랙,와이드
1995,팬츠,발목,블랙,와이드
1996,팬츠,발목,블랙,와이드
1998,팬츠,발목,블랙,와이드
2002,청바지,발목,스카이블루,노멀
2003,청바지,발목,스카이블루,노멀
2004,청바지,발목,블루,노멀
2005,청바지,발목,블루,노멀
2006,팬츠,발목,스카이블루,노멀
2007,청바지,발목,블루,노멀
2009,청바지,발목,블루,노멀
2010,청바지,발목,블루,노멀
2011,청바지,발목,블루,노멀
2013,청바지,발목,블루,노멀
2014,청바지,발목,블루,노멀
2017,팬츠,맥시,핑크,와이드
2018,팬츠,발목,블랙,스키니
2022,팬츠,맥시,핑크,와이드
2023,팬츠,맥시,핑크,와이드
2024,팬츠,발목,블랙,스키니
2025,팬츠,맥시,핑크,와이드
2030,팬츠,맥시,핑크,와이드
2031,팬츠,발목,블랙,스키니
2032,팬츠,발목,블랙,스키니
2033,팬츠,발목,화이트,노멀
2034,팬츠,발목,화이트,노멀
2035,팬츠,발목,그레이,스키니
2036,팬츠,발목,화이트,노멀
2037,팬츠,발목,그레이,스키니
2038,팬츠,발목,화이트,노멀
2039,팬츠,발목,화이트,노멀
2040,팬츠,발목,화이트,노멀
2041,팬츠,발목,화이트,노멀
2042,팬츠,발목,화이트,노멀
2043,팬츠,발목,화이트,노멀
2044,팬츠,발목,블랙,노멀
2045,팬츠,발목,화이트,노멀
2046,팬츠,발목,화이트,노멀
2047,팬츠,발목,그레이,스키니
2048,팬츠,발목,화이트,노멀
2049,팬츠,발목,화이트,노멀
2050,팬츠,발목,블랙,노멀
2051,팬츠,발목,화이트,노멀
2053,팬츠,발목,블랙,노멀
2055,팬츠,발목,그레이,스키니
2056,팬츠,발목,블랙,노멀
2057,팬츠,발목,블랙,노멀
2059,팬츠,발목,블랙,노멀
2060,팬츠,발목,그레이,스키니
2061,팬츠,발목,그레이,스키니
2062,팬츠,발목,블랙,노멀
2063,팬츠,발목,블랙,노멀
2064,팬츠,발목,블랙,노멀
2065,팬츠,발목,그레이,스키니
2066,팬츠,발목,블랙,노멀
2067,팬츠,발목,그레이,스키니
2068,팬츠,발목,블랙,노멀
2069,팬츠,발목,그레이,스키니
2070,팬츠,발목,그레이,스키니
2072,팬츠,발목,그레이,스키니
2073,팬츠,발목,블랙,노멀
2074,팬츠,발목,그레이,스키니
2075,팬츠,발목,그레이,스키니
2077,팬츠,발목,블랙,노멀
2078,팬츠,발목,블랙,노멀
2079,팬츠,발목,그레이,스키니
2080,팬츠,발목,블랙,노멀
2081,팬츠,발목,블랙,노멀
2082,팬츠,발목,블랙,노멀
2083,팬츠,발목,블랙,노멀
2084,팬츠,발목,블랙,노멀
2085,팬츠,발목,그레이,스키니
2086,팬츠,발목,블랙,노멀
2087,팬츠,발목,블랙,노멀
2088,팬츠,발목,블랙,노멀
2090,팬츠,발목,블랙,노멀
2091,팬츠,발목,블랙,노멀
2092,팬츠,발목,블랙,노멀
2094,팬츠,발목,그레이,스키니
2095,팬츠,발목,그레이,스키니
2096,팬츠,발목,블랙,노멀
2097,팬츠,발목,블랙,노멀
2098,팬츠,발목,블랙,노멀
2099,팬츠,발목,블랙,노멀
2102,팬츠,발목,블랙,노멀
2103,팬츠,발목,블랙,와이드
2104,팬츠,발목,블랙,와이드
2105,팬츠,발목,블랙,노멀
2109,팬츠,발목,블랙,노멀
2111,팬츠,맥시,블랙,와이드
2112,팬츠,맥시,블랙,와이드
2114,팬츠,맥시,블랙,와이드
2115,팬츠,맥시,블랙,와이드
2116,팬츠,맥시,블랙,와이드
2117,팬츠,맥시,블랙,와이드
2118,팬츠,맥시,블랙,와이드
2119,팬츠,맥시,블랙,와이드
2120,팬츠,맥시,블랙,와이드
2121,팬츠,발목,블랙,와이드
2122,팬츠,맥시,블랙,와이드
2123,팬츠,맥시,블랙,와이드
2124,팬츠,맥시,블랙,와이드
2125,팬츠,맥시,블랙,와이드
2128,팬츠,맥시,블랙,와이드
2130,팬츠,맥시,블랙,와이드
2131,팬츠,맥시,블랙,와이드
2132,팬츠,맥시,블랙,와이드
2133,팬츠,맥시,블랙,와이드
2134,팬츠,맥시,블랙,와이드
2135,팬츠,맥시,블랙,와이드
2136,팬츠,맥시,블랙,와이드
2137,청바지,발목,블랙,스키니
2138,청바지,발목,블랙,스키니
2139,청바지,,블랙,스키니
2140,청바지,발목,블랙,스키니
2141,청바지,발목,블랙,스키니
2142,청바지,발목,블랙,스키니
2144,청바지,발목,블랙,스키니
2145,청바지,발목,블랙,스키니
2146,청바지,발목,블랙,스키니
2147,청바지,발목,블랙,스키니
2148,청바지,발목,블랙,스키니
2149,청바지,발목,블루,노멀
2150,청바지,발목,블루,노멀
2151,청바지,발목,블루,노멀
2152,청바지,발목,블루,노멀
2153,청바지,발목,블루,노멀
2154,청바지,발목,블루,노멀
2155,청바지,발목,블루,노멀
2156,청바지,발목,블루,노멀
2157,청바지,발목,블루,노멀
2158,청바지,발목,블루,노멀
2159,청바지,발목,블루,노멀
2160,청바지,발목,블루,노멀
2161,청바지,발목,블루,노멀
2162,청바지,발목,블루,노멀
2163,청바지,발목,블루,노멀
2164,청바지,발목,블루,노멀
2165,청바지,발목,블루,노멀
2166,청바지,발목,블루,노멀
2167,청바지,발목,블루,노멀
2168,청바지,발목,블루,노멀
2169,청바지,발목,블루,노멀
2170,청바지,발목,블루,노멀
2171,청바지,발목,블루,노멀
2172,청바지,발목,블루,노멀
2173,청바지,발목,블루,노멀
2174,청바지,발목,블루,노멀
2175,청바지,발목,블루,노멀
2176,청바지,발목,블루,노멀
2177,청바지,발목,블루,노멀
2178,청바지,발목,블루,노멀
2183,,,화이트,
2192,,,화이트,
2193,,,화이트,
2201,,,화이트,
2202,,,화이트,
2207,청바지,미니,스카이블루,
2208,청바지,미니,스카이블루,
2209,청바지,미니,스카이블루,
2216,청바지,미니,스카이블루,
2222,청바지,미니,스카이블루,
2224,청바지,미니,스카이블루,
2227,청바지,미니,스카이블루,
2228,청바지,미니,스카이블루,
2229,청바지,미니,스카이블루,
2230,청바지,미니,스카이블루,
2232,청바지,미니,스카이블루,
2233,팬츠,발목,블랙,루즈
2234,팬츠,발목,블랙,루즈
2235,팬츠,발목,블랙,루즈
2236,팬츠,발목,블랙,루즈
2237,청바지,발목,블루,노멀
2238,청바지,발목,블루,노멀
2239,청바지,발목,블루,노멀
2240,청바지,발목,,노멀
2241,청바지,발목,,노멀
2242,청바지,발목,,노멀
2244,청바지,발목,,노멀
2245,청바지,발목,블루,노멀
2246,팬츠,발목,블랙,노멀
2247,팬츠,발목,블랙,노멀
2248,팬츠,발목,베이지,노멀
2249,팬츠,발목,블랙,노멀
2250,팬츠,발목,블랙,노멀
2251,팬츠,발목,블랙,노멀
2252,팬츠,발목,블랙,노멀
2253,팬츠,발목,블랙,노멀
2254,팬츠,발목,블랙,노멀
2255,팬츠,발목,블랙,노멀
2256,팬츠,발목,블랙,노멀
2257,팬츠,발목,블랙,노멀
2258,팬츠,발목,블랙,노멀
2259,팬츠,발목,블랙,노멀
2260,팬츠,발목,블랙,노멀
2261,팬츠,발목,블랙,노멀
2262,팬츠,발목,블랙,노멀
2263,팬츠,발목,블랙,노멀
2264,팬츠,발목,블랙,노멀
2265,팬츠,발목,블랙,노멀
2266,팬츠,발목,블랙,노멀
2267,팬츠,발목,블랙,노멀
2268,팬츠,발목,블랙,노멀
2269,팬츠,발목,블랙,노멀
2270,팬츠,발목,블랙,노멀
2271,팬츠,발목,블랙,노멀
2272,팬츠,발목,블랙,노멀
2273,팬츠,발목,블랙,노멀
2274,팬츠,발목,블랙,노멀
2275,팬츠,발목,화이트,벨보텀
2276,팬츠,발목,화이트,벨보텀
2277,팬츠,발목,화이트,벨보텀
2278,팬츠,발목,화이트,벨보텀
2279,팬츠,발목,화이트,벨보텀
2280,팬츠,발목,,벨보텀
2281,팬츠,발목,화이트,벨보텀
2282,팬츠,발목,화이트,벨보텀
2283,팬츠,발목,화이트,벨보텀
2284,팬츠,발목,화이트,벨보텀
2285,팬츠,발목,화이트,벨보텀
2287,청바지,발목,스카이블루,벨보텀
2290,청바지,발목,스카이블루,벨보텀
2292,청바지,미디,블루,노멀
2294,청바지,미디,블루,노멀
2295,청바지,발목,스카이블루,벨보텀
2296,청바지,발목,스카이블루,벨보텀
2298,청바지,발목,스카이블루,벨보텀
2300,청바지,미디,블루,노멀
2301,청바지,발목,스카이블루,벨보텀
2304,청바지,미디,블루,노멀
2305,청바지,미디,블루,노멀
2306,청바지,미디,블루,노멀
2307,청바지,발목,스카이블루,벨보텀
2308,청바지,발목,스카이블루,벨보텀
2309,팬츠,발목,라벤더,와이드
2310,청바지,발목,스카이블루,벨보텀
2311,팬츠,발목,라벤더,와이드
2313,팬츠,발목,라벤더,와이드
2314,팬츠,발목,라벤더,와이드
2315,청바지,발목,스카이블루,벨보텀
2317,청바지,발목,스카이블루,벨보텀
2318,청바지,발목,스카이블루,벨보텀
2319,청바지,발목,스카이블루,벨보텀
2321,청바지,발목,스카이블루,벨보텀
2322,팬츠,발목,라벤더,와이드
2323,청바지,발목,스카이블루,벨보텀
2324,청바지,발목,스카이블루,벨보텀
2326,청바지,발목,스카이블루,벨보텀
2328,청바지,발목,스카이블루,벨보텀
2329,팬츠,발목,라벤더,와이드
2333,팬츠,발목,핑크,노멀
2335,팬츠,발목,핑크,노멀
2336,팬츠,발목,핑크,노멀
2337,팬츠,발목,핑크,노멀
2338,팬츠,발목,핑크,노멀
2339,팬츠,발목,핑크,노멀
2340,팬츠,발목,핑크,노멀
2343,팬츠,발목,핑크,노멀
2344,팬츠,발목,그레이,노멀
2345,팬츠,발목,그레이,노멀
2346,팬츠,발목,그레이,노멀
2347,팬츠,발목,그레이,노멀
2348,팬츠,발목,그레이,노멀
2349,팬츠,미니,베이지,와이드
2350,팬츠,미니,베이지,와이드
2353,팬츠,미니,베이지,와이드
2358,팬츠,맥시,베이지,와이드
2359,팬츠,맥시,베이지,와이드
2360,팬츠,맥시,베이지,와이드
2361,팬츠,맥시,베이지,와이드
2362,팬츠,맥시,베이지,와이드
2363,팬츠,맥시,베이지,와이드
2364,팬츠,맥시,베이지,와이드
2365,팬츠,맥시,베이지,와이드
2366,팬츠,맥시,베이지,와이드
2367,팬츠,맥시,베이지,와이드
2368,팬츠,맥시,베이지,와이드
2371,팬츠,맥시,베이지,와이드
2373,,,스카이블루,
2374,청바지,발목,스카이블루,벨보텀
2377,청바지,발목,스카이블루,벨보텀
2378,청바지,발목,스카이블루,벨보텀
2379,청바지,발목,스카이블루,벨보텀
2380,청바지,발목,스카이블루,벨보텀
2381,청바지,발목,스카이블루,벨보텀
2384,청바지,발목,스카이블루,벨보텀
2385,청바지,발목,스카이블루,벨보텀
2388,청바지,발목,스카이블루,벨보텀
2389,청바지,발목,스카이블루,벨보텀
2391,스커트,미니,베이지,노멀
2392,스커트,미니,베이지,노멀
2393,스커트,미니,베이지,노멀
2394,스커트,미니,베이지,노멀
2395,스커트,미니,베이지,노멀
2396,팬츠,발목,블랙,노멀
2397,팬츠,발목,블랙,노멀
2398,팬츠,발목,블랙,노멀
2400,팬츠,발목,블랙,노멀
2402,팬츠,발목,블랙,노멀
2403,팬츠,발목,블랙,노멀
2405,팬츠,발목,블랙,노멀
2407,팬츠,발목,블랙,노멀
2408,팬츠,미니,베이지,노멀
2409,팬츠,미니,베이지,노멀
2410,팬츠,미니,베이지,노멀
2411,팬츠,미니,베이지,노멀
2413,팬츠,미니,베이지,노멀
2414,팬츠,미니,베이지,노멀
2415,팬츠,미니,베이지,노멀
2417,팬츠,미니,베이지,노멀
2418,팬츠,미니,베이지,노멀
2421,팬츠,미니,베이지,노멀
2422,팬츠,미니,베이지,노멀
2423,팬츠,미니,베이지,노멀
2425,팬츠,발목,블랙,벨보텀
2426,팬츠,발목,블랙,벨보텀
2427,팬츠,발목,블랙,벨보텀
2428,팬츠,미니,베이지,노멀
2430,팬츠,미니,베이지,노멀
2431,팬츠,발목,블랙,벨보텀
2433,팬츠,미니,베이지,노멀
2435,팬츠,발목,블랙,벨보텀
2436,팬츠,미니,베이지,노멀
2438,팬츠,미니,베이지,노멀
2439,팬츠,발목,블랙,벨보텀
2440,팬츠,발목,블랙,벨보텀
2442,팬츠,발목,블랙,벨보텀
2444,팬츠,발목,블랙,벨보텀
2445,팬츠,발목,블랙,벨보텀
2446,팬츠,발목,블랙,벨보텀
2447,팬츠,발목,블랙,벨보텀
2448,팬츠,발목,블랙,벨보텀
2449,팬츠,발목,화이트,노멀
2451,팬츠,발목,화이트,노멀
2455,팬츠,발목,화이트,노멀
2456,팬츠,발목,화이트,노멀
2457,팬츠,발목,화이트,노멀
2458,팬츠,발목,화이트,노멀
2459,팬츠,발목,화이트,노멀
2460,팬츠,발목,화이트,노멀
2465,팬츠,발목,화이트,노멀
2469,팬츠,발목,화이트,노멀
2470,팬츠,발목,화이트,노멀
2471,팬츠,발목,화이트,노멀
2472,팬츠,발목,화이트,노멀
2473,팬츠,미디,그레이,노멀
2474,팬츠,미디,그레이,노멀
2475,팬츠,미디,그레이,노멀
2476,팬츠,미디,그레이,노멀
2477,팬츠,미디,그레이,노멀
2478,팬츠,미디,그레이,노멀
2479,팬츠,미디,그레이,노멀
2480,팬츠,미디,그레이,노멀
2481,팬츠,미디,그레이,노멀
2482,팬츠,미디,그레이,노멀
2483,팬츠,미디,그레이,노멀
2485,팬츠,미디,그레이,노멀
2486,팬츠,미디,그레이,노멀
2487,팬츠,미디,그레이,노멀
2488,팬츠,미디,그레이,노멀
2489,팬츠,미디,그레이,노멀
2490,팬츠,미디,그레이,노멀
2491,팬츠,발목,블랙,노멀
2492,팬츠,맥시,실버,노멀
2493,팬츠,맥시,그레이,와이드
2494,팬츠,맥시,그레이,와이드
2495,팬츠,맥시,그레이,와이드
2496,팬츠,맥시,그레이,와이드
2497,팬츠,맥시,그레이,와이드
2498,팬츠,맥시,그레이,와이드
2499,팬츠,맥시,그레이,와이드
2500,팬츠,맥시,그레이,와이드
2501,팬츠,맥시,그레이,와이드
2502,팬츠,맥시,그레이,와이드
2503,팬츠,맥시,그레이,와이드
2504,팬츠,맥시,그레이,와이드
2505,팬츠,맥시,그레이,와이드
2506,팬츠,맥시,그레이,와이드
2507,팬츠,맥시,그레이,와이드
2508,팬츠,발목,네이비,와이드
2509,팬츠,발목,네이비,와이드
2510,팬츠,발목,네이비,와이드
2511,팬츠,발목,네이비,와이드
2512,팬츠,발목,네이비,와이드
2513,팬츠,발목,네이비,와이드
2514,팬츠,발목,네이비,와이드
2515,팬츠,발목,네이비,와이드
2516,팬츠,발목,네이비,와이드
2517,팬츠,발목,베이지,노멀
2518,팬츠,발목,베이지,노멀
2519,팬츠,발목,베이지,노멀
2520,팬츠,발목,베이지,노멀
2521,팬츠,발목,베이지,노멀
2522,팬츠,발목,베이지,노멀
2523,팬츠,발목,베이지,노멀
2524,팬츠,발목,베이지,노멀
2525,팬츠,발목,베이지,노멀
2526,팬츠,발목,베이지,노멀
2527,팬츠,발목,베이지,노멀
2528,팬츠,발목,베이지,노멀
2529,팬츠,발목,베이지,노멀
2530,팬츠,발목,베이지,노멀
2531,팬츠,발목,베이지,노멀
2532,팬츠,발목,베이지,노멀
2533,팬츠,발목,베이지,노멀
2534,팬츠,발목,베이지,노멀
2535,팬츠,발목,베이지,노멀
2536,팬츠,발목,베이지,노멀
2537,팬츠,발목,베이지,노멀
2538,팬츠,발목,베이지,노멀
2539,팬츠,발목,베이지,노멀
2540,팬츠,발목,베이지,노멀
2541,팬츠,발목,베이지,노멀
2542,팬츠,발목,베이지,노멀
2543,팬츠,발목,베이지,노멀
2544,팬츠,발목,베이지,노멀
2545,팬츠,발목,베이지,노멀
2547,팬츠,발목,베이지,노멀
2548,팬츠,발목,베이지,노멀
2549,팬츠,발목,베이지,노멀
2550,팬츠,발목,베이지,노멀
2551,팬츠,발목,베이지,노멀
2552,팬츠,발목,베이지,노멀
2553,팬츠,발목,베이지,노멀
2554,팬츠,발목,블랙,루즈
2555,팬츠,발목,블랙,루즈
2556,팬츠,발목,블랙,루즈
2557,팬츠,발목,블랙,루즈
2558,팬츠,발목,블랙,루즈
2560,팬츠,맥시,베이지,루즈
2562,팬츠,맥시,베이지,루즈
2563,팬츠,맥시,베이지,루즈
2564,팬츠,맥시,베이지,루즈
2565,팬츠,맥시,베이지,루즈
2566,팬츠,맥시,베이지,루즈
2567,팬츠,맥시,베이지,루즈
2568,팬츠,맥시,베이지,루즈
2569,팬츠,맥시,베이지,루즈
2571,팬츠,맥시,베이지,루즈
2573,팬츠,맥시,베이지,루즈
2574,팬츠,맥시,베이지,루즈
2575,팬츠,맥시,베이지,루즈
2576,팬츠,맥시,베이지,루즈
2577,팬츠,맥시,베이지,루즈
2578,팬츠,맥시,베이지,루즈
2579,팬츠,맥시,베이지,루즈
2580,팬츠,맥시,베이지,루즈
2581,팬츠,맥시,베이지,루즈
2582,팬츠,맥시,베이지,루즈
2584,팬츠,맥시,베이지,루즈
2585,팬츠,맥시,베이지,루즈
2586,팬츠,맥시,베이지,루즈
2587,팬츠,맥시,베이지,루즈
2588,팬츠,맥시,베이지,루즈
2589,팬츠,맥시,베이지,루즈
2590,팬츠,맥시,베이지,루즈
2592,팬츠,맥시,베이지,루즈
2593,팬츠,맥시,베이지,루즈
2594,팬츠,맥시,베이지,루즈
2595,팬츠,맥시,베이지,루즈
2596,팬츠,맥시,베이지,루즈
2597,팬츠,맥시,베이지,루즈
2598,팬츠,맥시,베이지,루즈
2600,팬츠,맥시,베이지,루즈
2601,팬츠,맥시,베이지,루즈
2602,팬츠,맥시,베이지,루즈
2603,팬츠,맥시,베이지,루즈
2604,팬츠,맥시,베이지,루즈
2606,팬츠,맥시,베이지,루즈
2607,팬츠,맥시,베이지,루즈
2608,팬츠,맥시,베이지,루즈
2609,팬츠,발목,베이지,노멀
2610,팬츠,발목,베이지,노멀
2611,팬츠,발목,베이지,노멀
2612,팬츠,발목,베이지,노멀
2613,팬츠,발목,베이지,노멀
2614,팬츠,발목,베이지,노멀
2615,팬츠,발목,베이지,노멀
2616,팬츠,발목,베이지,노멀
2617,팬츠,발목,베이지,노멀
2629,팬츠,발목,블랙,루즈
2631,팬츠,발목,블랙,루즈
2632,팬츠,발목,블랙,루즈
2634,팬츠,발목,블랙,루즈
2635,팬츠,발목,블랙,루즈
2638,팬츠,발목,블랙,루즈
2639,팬츠,발목,블랙,루즈
2642,팬츠,발목,블랙,루즈
2643,팬츠,발목,블랙,루즈
2644,팬츠,발목,블랙,루즈
2645,팬츠,발목,블랙,루즈
2646,팬츠,발목,블랙,루즈
2647,팬츠,발목,블랙,루즈
2648,팬츠,발목,블랙,루즈
2649,팬츠,발목,블랙,루즈
2650,팬츠,발목,블랙,루즈
2651,팬츠,발목,블랙,루즈
2652,팬츠,발목,블랙,루즈
2653,팬츠,발목,블랙,루즈
2654,팬츠,발목,블랙,노멀
2655,팬츠,발목,블랙,노멀
2657,팬츠,발목,블랙,노멀
2658,팬츠,발목,블랙,노멀
2659,팬츠,발목,블랙,노멀
2660,팬츠,발목,블랙,노멀
2661,팬츠,발목,블랙,노멀
2663,팬츠,발목,블랙,노멀
2665,팬츠,발목,블랙,노멀
2666,팬츠,발목,블랙,노멀
2667,팬츠,발목,블랙,노멀
2668,팬츠,발목,블랙,노멀
2669,팬츠,발목,블랙,노멀
2671,팬츠,발목,블랙,노멀
2672,팬츠,발목,블랙,노멀
2674,팬츠,발목,블랙,노멀
2675,팬츠,발목,블랙,노멀
2679,팬츠,발목,블랙,노멀
2680,팬츠,발목,블랙,노멀
2681,팬츠,발목,블랙,노멀
2682,팬츠,발목,블랙,노멀
2683,팬츠,발목,블랙,노멀
2684,팬츠,발목,블랙,노멀
2685,팬츠,발목,블랙,노멀
2686,팬츠,발목,블랙,노멀
2687,팬츠,발목,블랙,노멀
2688,팬츠,발목,블랙,노멀
2689,팬츠,발목,블랙,노멀
2690,팬츠,발목,블랙,노멀
2692,팬츠,발목,블랙,노멀
2695,팬츠,발목,블랙,노멀
2696,팬츠,발목,블랙,노멀
2697,팬츠,발목,블랙,노멀
2698,팬츠,발목,블랙,노멀
2699,팬츠,,블랙,노멀
2700,팬츠,발목,블랙,노멀
2701,팬츠,발목,블랙,노멀
2702,팬츠,발목,블랙,노멀
2703,팬츠,발목,블랙,노멀
2704,팬츠,발목,블랙,노멀
2705,팬츠,발목,블랙,노멀
2706,팬츠,발목,블랙,노멀
2707,팬츠,발목,블랙,노멀
2708,팬츠,발목,블랙,노멀
2709,팬츠,발목,블랙,노멀
2711,팬츠,발목,블랙,노멀
2712,팬츠,발목,블랙,노멀
2713,팬츠,발목,블랙,노멀
2714,팬츠,발목,블랙,노멀
2716,팬츠,발목,블랙,노멀
2717,팬츠,발목,블랙,노멀
2718,팬츠,발목,블랙,노멀
2719,팬츠,발목,블랙,노멀
2720,팬츠,발목,블랙,노멀
2721,팬츠,발목,블랙,노멀
2722,팬츠,발목,블랙,노멀
2723,팬츠,발목,블랙,노멀
2724,팬츠,발목,블랙,노멀
2726,팬츠,발목,블랙,노멀
2728,팬츠,발목,블랙,노멀
2729,팬츠,발목,블랙,노멀
2730,팬츠,발목,블랙,노멀
2731,팬츠,발목,블랙,노멀
2732,팬츠,발목,블랙,노멀
2733,팬츠,발목,블랙,노멀
2734,팬츠,발목,그레이,노멀
2735,팬츠,발목,그레이,노멀
2736,팬츠,발목,그레이,노멀
2737,팬츠,발목,그레이,노멀
2738,팬츠,발목,그레이,노멀
2739,팬츠,발목,그레이,노멀
2740,팬츠,발목,그레이,노멀
2741,팬츠,발목,그레이,노멀
2742,팬츠,발목,그레이,노멀
2743,팬츠,발목,그레이,노멀
2744,팬츠,발목,그레이,노멀
2745,팬츠,발목,그레이,노멀
2746,팬츠,발목,그레이,노멀
2747,팬츠,발목,그레이,노멀
2748,팬츠,발목,그레이,노멀
2749,팬츠,발목,그레이,노멀
2750,팬츠,발목,그레이,노멀
2751,팬츠,발목,그레이,노멀
2752,팬츠,발목,그레이,노멀
2753,팬츠,발목,그레이,노멀
2754,팬츠,발목,그레이,노멀
2755,팬츠,발목,그레이,노멀
2756,팬츠,발목,그레이,노멀
2757,팬츠,발목,그레이,노멀
2758,팬츠,발목,그레이,노멀
2759,팬츠,발목,그레이,노멀
2760,팬츠,발목,그레이,노멀
2761,팬츠,발목,그레이,노멀
2762,팬츠,발목,그레이,노멀
2763,팬츠,발목,그레이,노멀
2764,팬츠,발목,그레이,노멀
2765,팬츠,발목,그레이,노멀
2766,팬츠,발목,그레이,노멀
2767,팬츠,발목,그레이,노멀
2768,팬츠,발목,그레이,노멀
2769,팬츠,발목,그레이,노멀
2770,팬츠,발목,그레이,노멀
2771,팬츠,발목,그레이,노멀
2772,팬츠,발목,그레이,노멀
2773,팬츠,발목,그레이,노멀
2774,팬츠,발목,그레이,노멀
2775,팬츠,발목,그레이,노멀
2776,팬츠,발목,그레이,노멀
2777,팬츠,발목,그레이,노멀
2778,팬츠,발목,그레이,노멀
2779,팬츠,발목,그레이,노멀
2780,팬츠,발목,그레이,노멀
2781,팬츠,발목,그레이,노멀
2782,팬츠,발목,그레이,노멀
2783,팬츠,발목,그레이,노멀
2784,팬츠,발목,그레이,노멀
2785,팬츠,발목,그레이,노멀
2786,팬츠,발목,그레이,노멀
2787,팬츠,발목,그레이,노멀
2788,팬츠,발목,그레이,노멀
2789,팬츠,발목,그레이,노멀
2790,팬츠,발목,그레이,노멀
2794,팬츠,발목,블랙,루즈
2795,팬츠,발목,블랙,루즈
2796,팬츠,발목,블랙,루즈
2797,팬츠,발목,블랙,루즈
2798,팬츠,발목,블랙,루즈
2799,팬츠,발목,블랙,루즈
2800,팬츠,발목,블랙,루즈
2801,팬츠,발목,블랙,루즈
2802,팬츠,발목,블랙,루즈
2803,청바지,발목,블루,와이드
2804,청바지,발목,블루,와이드
2805,청바지,발목,블루,와이드
2806,청바지,발목,블루,와이드
2807,청바지,발목,블루,와이드
2808,청바지,발목,블루,와이드
2809,청바지,발목,블루,와이드
2810,청바지,발목,블루,와이드
2811,청바지,발목,블루,와이드
2812,청바지,발목,블루,와이드
2813,청바지,발목,블루,와이드
2814,청바지,발목,네이비,와이드
2815,청바지,발목,네이비,와이드
2816,청바지,발목,네이비,와이드
2817,청바지,발목,네이비,와이드
2818,팬츠,발목,블랙,스키니
2819,팬츠,발목,블랙,스키니
2820,팬츠,발목,블랙,스키니
2821,팬츠,발목,블랙,스키니
2822,팬츠,발목,블랙,스키니
2823,팬츠,,,노멀
2826,팬츠,,,노멀
2828,팬츠,,,노멀
2829,팬츠,,,노멀
2830,팬츠,맥시,블랙,루즈
2831,팬츠,,,루즈
2832,팬츠,,,노멀
2833,팬츠,,블랙,루즈
2834,팬츠,맥시,블랙,루즈
2835,팬츠,맥시,블랙,루즈
2836,팬츠,,,노멀
2837,팬츠,맥시,블랙,루즈
2838,팬츠,맥시,블랙,루즈
2839,팬츠,맥시,블랙,루즈
2840,팬츠,미디,,스키니
2841,팬츠,미디,화이트,스키니
2842,팬츠,미디,,스키니
2843,팬츠,미디,화이트,스키니
2844,팬츠,미디,,스키니
2845,팬츠,미디,,스키니
2846,팬츠,미디,,스키니
2847,팬츠,발목,블랙,스키니
2848,팬츠,발목,블랙,스키니
2849,팬츠,발목,블랙,스키니
2850,팬츠,발목,블랙,스키니
2851,팬츠,발목,블랙,스키니
2852,팬츠,발목,블랙,스키니
2853,팬츠,발목,블랙,스키니
2854,팬츠,발목,블랙,스키니
2855,팬츠,발목,블랙,스키니
2857,팬츠,발목,핑크,노멀
2858,팬츠,미디,블랙,와이드
2859,팬츠,미디,블랙,와이드
2860,팬츠,미디,블랙,와이드
2861,팬츠,미디,블랙,와이드
2862,팬츠,미디,블랙,와이드
2863,팬츠,미디,블랙,와이드
2864,팬츠,미디,블랙,와이드
2865,팬츠,미디,블랙,와이드
2866,스커트,미니,블랙,노멀
2867,,,블랙,
2868,,,블랙,
2869,,,블랙,
2870,,,블랙,
2871,,,블랙,
2874,,,블랙,
2875,스커트,미니,블랙,노멀
2876,,,블랙,
2877,,,블랙,
2878,,,블랙,
2879,,,블랙,
2880,,,블랙,
2881,,,블랙,
2882,스커트,미니,블랙,노멀
2883,,,블랙,
2884,스커트,미니,블랙,노멀
2885,스커트,미니,블랙,노멀
2886,,,블랙,
2887,,,블랙,
2888,스커트,미니,블랙,노멀
2889,스커트,미니,블랙,노멀
2891,스커트,미니,블랙,노멀
2893,스커트,미니,블랙,노멀
2897,팬츠,발목,화이트,노멀
2899,팬츠,발목,화이트,노멀
2901,팬츠,발목,화이트,노멀
2902,팬츠,발목,화이트,노멀
2912,팬츠,발목,화이트,노멀
2914,팬츠,발목,화이트,노멀
2915,팬츠,발목,화이트,노멀
2916,팬츠,발목,화이트,노멀
2917,팬츠,발목,화이트,노멀
2918,팬츠,발목,블랙,벨보텀
2919,팬츠,발목,화이트,노멀
2920,팬츠,발목,블랙,벨보텀
2921,팬츠,발목,블랙,벨보텀
2922,팬츠,발목,블랙,벨보텀
2923,팬츠,발목,화이트,노멀
2924,팬츠,발목,블랙,벨보텀
2925,팬츠,발목,화이트,노멀
2926,팬츠,발목,블랙,벨보텀
2927,팬츠,발목,블랙,벨보텀
2928,팬츠,발목,화이트,노멀
2929,팬츠,발목,화이트,노멀
2930,팬츠,발목,블랙,벨보텀
2931,팬츠,발목,화이트,노멀
2932,팬츠,발목,블랙,벨보텀
2933,팬츠,발목,화이트,노멀
2934,팬츠,발목,화이트,노멀
2935,팬츠,발목,블랙,벨보텀
2936,팬츠,발목,화이트,노멀
2943,팬츠,발목,블랙,와이드
2944,팬츠,발목,블랙,와이드
2945,팬츠,발목,블랙,와이드
2946,팬츠,발목,블랙,와이드
2947,팬츠,발목,블랙,와이드
2948,팬츠,발목,블랙,와이드
2949,팬츠,발목,블랙,와이드
2951,팬츠,발목,블랙,와이드
2953,청바지,발목,블루,노멀
2954,팬츠,발목,블랙,와이드
2955,팬츠,발목,블랙,와이드
2957,팬츠,발목,블랙,와이드
2959,팬츠,발목,블랙,와이드
2962,팬츠,발목,블랙,노멀
2963,팬츠,발목,블랙,노멀
2964,팬츠,발목,블랙,노멀
2966,팬츠,발목,블랙,노멀
2968,팬츠,발목,블랙,노멀
2969,팬츠,발목,블랙,노멀
2970,팬츠,발목,블랙,노멀
2971,팬츠,발목,블랙,노멀
2972,팬츠,발목,블랙,노멀
2973,팬츠,발목,블랙,노멀
2974,팬츠,발목,블랙,노멀
2975,팬츠,발목,블랙,노멀
2976,팬츠,발목,블랙,노멀
2979,팬츠,발목,블랙,노멀
2980,팬츠,발목,블랙,노멀
2981,팬츠,발목,블랙,노멀
2984,팬츠,발목,블랙,노멀
2985,팬츠,발목,블랙,노멀
2986,팬츠,발목,블랙,노멀
2988,팬츠,발목,블랙,노멀
2989,팬츠,발목,네이비,노멀
2990,팬츠,발목,네이비,노멀
2991,팬츠,발목,블랙,노멀
2992,팬츠,발목,네이비,노멀
2993,팬츠,발목,화이트,노멀
2994,팬츠,발목,화이트,스키니
2996,팬츠,맥시,블랙,루즈
2997,팬츠,맥시,블랙,루즈
2998,팬츠,맥시,블랙,루즈
2999,팬츠,맥시,블랙,루즈
3005,팬츠,발목,블랙,벨보텀
3006,팬츠,발목,블랙,벨보텀
3007,팬츠,발목,블랙,벨보텀
3008,팬츠,발목,블랙,벨보텀
3009,청바지,미디,블루,스키니
3010,청바지,미디,블루,스키니
3011,청바지,미디,블루,스키니
3012,청바지,미디,블루,스키니
3014,청바지,미디,블루,스키니
3015,청바지,미디,블루,스키니
3016,청바지,미디,블루,스키니
3017,청바지,미디,블루,스키니
3018,청바지,미디,블루,스키니
3020,청바지,미디,블루,스키니
3029,팬츠,발목,블랙,노멀
3030,팬츠,발목,블랙,노멀
3031,팬츠,발목,블랙,노멀
3032,팬츠,발목,블랙,노멀
3033,팬츠,발목,블랙,노멀
3034,팬츠,발목,카키,노멀
3035,팬츠,발목,카키,노멀
3037,팬츠,발목,카키,노멀
3038,팬츠,발목,카키,노멀
3039,팬츠,발목,카키,노멀
3040,팬츠,발목,카키,노멀
3041,팬츠,발목,카키,노멀
3042,팬츠,발목,카키,노멀
3043,팬츠,발목,카키,노멀
3044,팬츠,발목,카키,노멀
3045,팬츠,발목,카키,노멀
3046,팬츠,발목,카키,노멀
3047,팬츠,발목,카키,노멀
3048,팬츠,발목,카키,노멀
3049,팬츠,발목,카키,노멀
3050,팬츠,발목,카키,노멀
3051,팬츠,발목,카키,노멀
3052,팬츠,발목,카키,노멀
3053,팬츠,발목,카키,노멀
3055,팬츠,발목,카키,노멀
3056,팬츠,발목,카키,노멀
3057,팬츠,발목,카키,노멀
3058,팬츠,발목,카키,노멀
3059,팬츠,발목,카키,노멀
3060,팬츠,발목,카키,노멀
3062,팬츠,발목,카키,노멀
3063,팬츠,발목,카키,노멀
3064,팬츠,발목,카키,노멀
3065,팬츠,발목,카키,노멀
3066,팬츠,발목,카키,노멀
3067,팬츠,발목,카키,노멀
3068,팬츠,발목,카키,노멀
3069,팬츠,발목,카키,노멀
3070,팬츠,발목,카키,노멀
3071,팬츠,발목,카키,노멀
3072,팬츠,발목,,노멀
3073,팬츠,발목,카키,노멀
3074,팬츠,발목,카키,노멀
3075,팬츠,발목,카키,노멀
3076,팬츠,발목,그레이,노멀
3077,팬츠,발목,그레이,노멀
3078,팬츠,발목,그레이,노멀
3079,팬츠,발목,그레이,노멀
3080,팬츠,발목,그레이,노멀
3081,팬츠,발목,그레이,노멀
3082,팬츠,발목,그레이,노멀
3083,팬츠,발목,그레이,노멀
3084,팬츠,발목,그레이,노멀
3085,팬츠,발목,그레이,노멀
3086,팬츠,발목,그레이,노멀
3087,팬츠,발목,그레이,노멀
3088,팬츠,발목,그레이,노멀
3089,팬츠,발목,그레이,노멀
3090,팬츠,발목,그레이,노멀
3091,팬츠,발목,그레이,노멀
3092,팬츠,발목,그레이,노멀
3093,팬츠,발목,실버,노멀
3094,팬츠,발목,그레이,노멀
3095,팬츠,발목,실버,노멀
3096,팬츠,발목,실버,노멀
3097,팬츠,발목,그레이,노멀
3098,팬츠,발목,실버,노멀
3099,팬츠,발목,그레이,노멀
3100,팬츠,발목,그레이,노멀
3101,팬츠,발목,그레이,노멀
3102,팬츠,발목,그레이,노멀
3103,팬츠,발목,실버,노멀
3104,팬츠,발목,실버,노멀
3105,팬츠,발목,실버,노멀
3106,팬츠,발목,실버,노멀
3107,팬츠,발목,그레이,노멀
3108,팬츠,발목,그레이,노멀
3109,팬츠,발목,그레이,노멀
3110,팬츠,발목,실버,노멀
3111,팬츠,발목,그레이,노멀
3112,팬츠,발목,그레이,노멀
3113,팬츠,발목,실버,노멀
3114,팬츠,발목,그레이,노멀
3115,팬츠,발목,그레이,노멀
3116,팬츠,발목,그레이,노멀
3117,팬츠,발목,그레이,노멀
3118,팬츠,발목,그레이,노멀
3119,팬츠,발목,그레이,노멀
3120,팬츠,발목,실버,노멀
3121,팬츠,발목,실버,노멀
3122,팬츠,발목,그레이,노멀
3135,팬츠,발목,그레이,노멀
3136,팬츠,발목,그레이,노멀
3137,팬츠,발목,그레이,노멀
3138,팬츠,발목,그레이,노멀
3139,팬츠,발목,그레이,노멀
3140,팬츠,발목,그레이,노멀
3141,팬츠,발목,그레이,노멀
3142,팬츠,발목,그레이,노멀
3143,팬츠,발목,그레이,노멀
3144,팬츠,발목,그레이,노멀
3145,팬츠,발목,그레이,노멀
3146,팬츠,발목,그레이,노멀
3147,팬츠,발목,그레이,노멀
3148,팬츠,발목,그레이,노멀
3149,팬츠,발목,실버,노멀
3150,팬츠,발목,실버,노멀
3151,팬츠,발목,그레이,노멀
3152,팬츠,발목,그레이,노멀
3153,팬츠,발목,그레이,노멀
3154,팬츠,발목,그레이,노멀
3155,팬츠,발목,그레이,노멀
3156,팬츠,발목,그레이,노멀
3157,팬츠,발목,그레이,노멀
3158,팬츠,발목,그레이,노멀
3159,팬츠,발목,그레이,노멀
3160,팬츠,발목,실버,노멀
3161,팬츠,발목,실버,노멀
3162,팬츠,발목,그레이,노멀
3163,팬츠,발목,그레이,노멀
3164,팬츠,발목,그레이,노멀
3165,팬츠,발목,그레이,노멀
3166,팬츠,발목,그레이,노멀
3167,팬츠,발목,그레이,노멀
3168,팬츠,발목,실버,노멀
3169,팬츠,발목,그레이,노멀
3170,팬츠,발목,그레이,노멀
3171,팬츠,발목,그레이,노멀
3172,팬츠,발목,실버,노멀
3173,팬츠,발목,그레이,노멀
3174,팬츠,발목,그레이,노멀
3175,팬츠,발목,실버,노멀
3176,팬츠,발목,그레이,노멀
3177,팬츠,발목,그레이,노멀
3178,팬츠,발목,실버,노멀
3179,팬츠,발목,그레이,노멀
3180,팬츠,발목,실버,노멀
3181,팬츠,발목,그레이,노멀
3182,팬츠,발목,그레이,노멀
3183,팬츠,발목,그레이,노멀
3184,팬츠,발목,실버,노멀
3185,팬츠,발목,실버,노멀
3186,팬츠,발목,실버,노멀
3187,팬츠,발목,실버,노멀
3188,팬츠,발목,실버,노멀
3189,팬츠,발목,실버,노멀
3190,팬츠,발목,실버,노멀
3191,팬츠,발목,실버,노멀
3192,팬츠,발목,실버,노멀
3193,팬츠,발목,실버,노멀
3194,팬츠,발목,실버,노멀
3195,팬츠,발목,실버,노멀
3196,팬츠,발목,실버,노멀
3197,팬츠,발목,실버,노멀
3198,팬츠,발목,실버,노멀
3199,팬츠,발목,실버,노멀
3200,팬츠,발목,실버,노멀
3201,팬츠,발목,실버,노멀
3202,팬츠,발목,실버,노멀
3203,팬츠,발목,실버,노멀
3204,팬츠,발목,실버,노멀
3205,팬츠,발목,실버,노멀
3206,팬츠,발목,실버,노멀
3207,팬츠,발목,실버,노멀
3208,팬츠,발목,실버,노멀
3209,팬츠,발목,실버,노멀
3210,팬츠,발목,실버,노멀
3211,팬츠,발목,실버,노멀
3212,팬츠,발목,실버,노멀
3213,팬츠,발목,블랙,노멀
3214,팬츠,발목,블랙,노멀
3215,팬츠,발목,블랙,노멀
3216,팬츠,발목,블랙,노멀
3217,팬츠,발목,블랙,노멀
3218,팬츠,발목,블랙,노멀
3219,팬츠,발목,블랙,노멀
3220,팬츠,발목,블랙,노멀
3221,팬츠,발목,블랙,노멀
3222,팬츠,발목,블랙,노멀
3223,팬츠,발목,블랙,노멀
3224,팬츠,발목,블랙,노멀
3225,팬츠,발목,블랙,노멀
3226,팬츠,발목,블랙,노멀
3227,팬츠,발목,블랙,노멀
3228,팬츠,발목,블랙,노멀
3229,팬츠,발목,블랙,노멀
3230,팬츠,발목,블랙,노멀
3231,팬츠,발목,블랙,노멀
3232,팬츠,발목,블랙,노멀
3233,팬츠,발목,블랙,노멀
3234,팬츠,발목,블랙,노멀
3235,팬츠,발목,블랙,노멀
3236,팬츠,발목,블랙,노멀
3237,팬츠,발목,블랙,노멀
3238,팬츠,발목,블랙,노멀
3239,팬츠,발목,블랙,노멀
3240,팬츠,발목,블랙,노멀
3241,팬츠,발목,블랙,노멀
3242,팬츠,발목,블랙,노멀
3243,팬츠,발목,블랙,노멀
3244,팬츠,발목,블랙,노멀
3245,팬츠,발목,블랙,노멀
3246,팬츠,발목,블랙,노멀
3247,팬츠,발목,블랙,노멀
3248,팬츠,발목,블랙,노멀
3249,팬츠,발목,블랙,노멀
3250,팬츠,발목,블랙,노멀
3251,팬츠,발목,블랙,노멀
3252,팬츠,발목,블랙,노멀
3253,팬츠,발목,블랙,노멀
3254,팬츠,발목,블랙,노멀
3255,팬츠,발목,베이지,와이드
3256,팬츠,발목,베이지,와이드
3257,팬츠,발목,베이지,와이드
3258,팬츠,발목,베이지,와이드
3259,팬츠,발목,베이지,와이드
3260,팬츠,발목,베이지,와이드
3261,팬츠,발목,베이지,와이드
3262,팬츠,발목,베이지,와이드
3263,팬츠,발목,베이지,와이드
3264,팬츠,발목,베이지,와이드
3265,팬츠,발목,베이지,와이드
3266,팬츠,발목,베이지,와이드
3267,팬츠,발목,베이지,와이드
3268,팬츠,발목,베이지,와이드
3269,팬츠,발목,베이지,와이드
3270,팬츠,발목,베이지,와이드
3271,팬츠,발목,베이지,와이드
3272,팬츠,발목,베이지,와이드
3273,팬츠,발목,베이지,와이드
3274,팬츠,발목,베이지,와이드
3275,팬츠,발목,베이지,와이드
3276,팬츠,발목,베이지,와이드
3277,팬츠,발목,베이지,와이드
3278,팬츠,발목,베이지,와이드
3279,팬츠,발목,베이지,와이드
3280,팬츠,발목,베이지,와이드
3281,팬츠,발목,베이지,와이드
3282,팬츠,발목,베이지,와이드
3283,팬츠,발목,베이지,와이드
3284,팬츠,발목,베이지,와이드
3285,팬츠,발목,베이지,와이드
3286,팬츠,발목,베이지,와이드
3287,팬츠,발목,베이지,와이드
3288,팬츠,발목,베이지,와이드
3289,팬츠,발목,베이지,와이드
3290,팬츠,발목,베이지,와이드
3291,팬츠,발목,베이지,와이드
3292,팬츠,발목,베이지,와이드
3293,팬츠,발목,베이지,와이드
3294,팬츠,발목,베이지,와이드
3295,팬츠,발목,베이지,와이드
3313,팬츠,발목,그레이,노멀
3314,팬츠,발목,그레이,노멀
3315,팬츠,발목,그레이,노멀
3316,팬츠,발목,그레이,노멀
3317,팬츠,발목,그레이,노멀
3318,팬츠,발목,그레이,노멀
3319,팬츠,발목,블랙,루즈
3320,팬츠,발목,블랙,루즈
3321,팬츠,발목,블랙,루즈
3322,팬츠,발목,블랙,루즈
3323,팬츠,발목,블랙,루즈
3324,팬츠,발목,블랙,루즈
3325,팬츠,발목,블랙,루즈
3326,팬츠,발목,블랙,루즈
3327,팬츠,발목,블랙,루즈
3328,팬츠,발목,블랙,루즈
3329,팬츠,발목,블랙,루즈
3330,팬츠,발목,블랙,루즈
3331,팬츠,발목,블랙,루즈
3332,팬츠,발목,블랙,루즈
3333,팬츠,발목,블랙,루즈
3334,팬츠,발목,블랙,루즈
3335,팬츠,발목,블랙,루즈
3336,팬츠,발목,블랙,루즈
3337,팬츠,발목,블랙,루즈
3338,팬츠,발목,블랙,루즈
3339,팬츠,발목,블랙,루즈
3340,팬츠,발목,블랙,루즈
3341,팬츠,발목,블랙,루즈
3342,팬츠,발목,블랙,루즈
3343,팬츠,발목,블랙,루즈
3344,팬츠,발목,블랙,루즈
3345,팬츠,발목,블랙,루즈
3346,팬츠,발목,블랙,루즈
3347,팬츠,발목,블랙,루즈
3348,팬츠,발목,블랙,루즈
3349,팬츠,발목,블랙,루즈
3350,팬츠,발목,블랙,루즈
3351,팬츠,발목,블랙,루즈
3352,팬츠,발목,블랙,루즈
3353,팬츠,발목,블랙,루즈
3354,팬츠,발목,블랙,루즈
3355,팬츠,발목,블랙,루즈
3356,팬츠,발목,블랙,와이드
3357,팬츠,발목,블랙,와이드
3358,팬츠,발목,블랙,와이드
3359,팬츠,발목,블랙,와이드
3360,팬츠,발목,블랙,와이드
3361,팬츠,발목,블랙,와이드
3394,팬츠,발목,블랙,노멀
3397,팬츠,발목,블랙,노멀
3448,팬츠,발목,블랙,노멀
3449,팬츠,발목,블랙,노멀
3450,팬츠,발목,블랙,노멀
3451,팬츠,발목,블랙,노멀
3452,팬츠,발목,블랙,노멀
3453,팬츠,발목,블랙,노멀
3454,팬츠,발목,블랙,노멀
3455,팬츠,발목,블랙,노멀
3456,팬츠,발목,블랙,노멀
3457,팬츠,발목,블랙,노멀
3458,팬츠,발목,블랙,노멀
3459,팬츠,발목,블랙,노멀
3460,팬츠,발목,블랙,노멀
3461,팬츠,발목,블랙,노멀
3462,팬츠,발목,블랙,노멀
3463,팬츠,발목,블랙,노멀
3464,팬츠,발목,블랙,노멀
3465,팬츠,발목,블랙,노멀
3466,팬츠,발목,블랙,노멀
3467,팬츠,발목,블랙,노멀
3468,팬츠,발목,블랙,노멀
3469,팬츠,발목,블랙,노멀
3470,팬츠,발목,블랙,노멀
3471,팬츠,발목,블랙,노멀
3472,팬츠,발목,블랙,노멀
3473,팬츠,발목,블랙,노멀
3474,팬츠,발목,블랙,노멀
3475,팬츠,발목,,노멀
3476,팬츠,발목,블랙,노멀
3477,팬츠,발목,블랙,노멀
3478,팬츠,발목,블랙,노멀
3479,팬츠,발목,블랙,노멀
3480,팬츠,발목,블랙,노멀
3481,팬츠,발목,블랙,노멀
3482,팬츠,발목,블랙,노멀
3483,팬츠,발목,블랙,노멀
3484,팬츠,발목,블랙,노멀
3485,팬츠,발목,블랙,노멀
3486,팬츠,발목,블랙,노멀
3487,팬츠,발목,블랙,노멀
3488,팬츠,발목,블랙,노멀
3489,팬츠,발목,블랙,노멀
3490,팬츠,발목,블랙,노멀
3491,팬츠,발목,블랙,노멀
3492,팬츠,발목,블랙,노멀
3493,팬츠,발목,블랙,노멀
3494,팬츠,발목,블랙,노멀
3495,팬츠,발목,블랙,노멀
3496,팬츠,발목,블랙,노멀
3497,팬츠,발목,블랙,노멀
3498,팬츠,발목,블랙,노멀
3499,팬츠,발목,블랙,노멀
3500,팬츠,발목,블랙,노멀
3501,팬츠,발목,블랙,노멀
3502,팬츠,발목,블랙,노멀
3503,팬츠,발목,블랙,노멀
3504,팬츠,발목,블랙,노멀
3505,팬츠,발목,블랙,루즈
3506,팬츠,발목,블랙,루즈
3507,팬츠,발목,블랙,루즈
3508,팬츠,발목,블랙,루즈
3509,팬츠,발목,블랙,루즈
3510,팬츠,발목,블랙,루즈
3511,팬츠,발목,블랙,루즈
3512,팬츠,발목,블랙,루즈
3513,팬츠,발목,블랙,루즈
3514,팬츠,발목,블랙,루즈
3515,팬츠,니렝스,블랙,노멀
3517,팬츠,니렝스,블랙,노멀
3518,팬츠,니렝스,블랙,노멀
3519,팬츠,니렝스,블랙,노멀
3520,팬츠,니렝스,블랙,노멀
3521,팬츠,니렝스,블랙,노멀
3523,팬츠,니렝스,블랙,노멀
3524,팬츠,니렝스,블랙,노멀
3525,팬츠,니렝스,블랙,노멀
3526,팬츠,니렝스,블랙,노멀
3527,팬츠,니렝스,블랙,노멀
3535,팬츠,발목,그레이,노멀
3536,팬츠,발목,그레이,노멀
3537,팬츠,발목,그레이,노멀
3539,팬츠,발목,그레이,노멀
3541,팬츠,발목,그레이,노멀
3542,팬츠,발목,그레이,노멀
3543,,,그레이,
3544,팬츠,발목,그레이,노멀
3545,팬츠,발목,그레이,노멀
3546,,,그레이,
3547,팬츠,발목,그레이,노멀
3548,팬츠,발목,그레이,노멀
3579,팬츠,발목,블랙,노멀
3580,팬츠,발목,블랙,노멀
3581,팬츠,발목,블랙,노멀
3582,팬츠,발목,블랙,노멀
3583,팬츠,발목,블랙,노멀
3584,팬츠,발목,블랙,노멀
3585,팬츠,발목,블랙,노멀
3586,팬츠,발목,블랙,노멀
3587,팬츠,발목,블랙,노멀
3588,팬츠,발목,블랙,노멀
3589,팬츠,발목,블랙,노멀
3590,팬츠,발목,그레이,노멀
3591,팬츠,발목,그레이,노멀
3592,팬츠,발목,그레이,노멀
3593,팬츠,발목,그레이,노멀
3594,팬츠,발목,,노멀
3595,팬츠,발목,그레이,노멀
3596,팬츠,발목,,노멀
3597,팬츠,발목,블랙,노멀
3598,팬츠,발목,그레이,노멀
3599,팬츠,발목,그레이,노멀
3600,팬츠,발목,그레이,노멀
3601,팬츠,발목,그레이,노멀
3602,팬츠,발목,그레이,노멀
3603,팬츠,발목,블랙,노멀
3604,팬츠,발목,그레이,노멀
3605,팬츠,발목,,노멀
3606,팬츠,발목,그레이,노멀
3607,팬츠,발목,그레이,노멀
3608,팬츠,발목,그레이,노멀
3609,팬츠,발목,블랙,노멀
3610,팬츠,발목,블랙,노멀
3611,팬츠,맥시,카키,노멀
3612,팬츠,맥시,카키,노멀
3613,팬츠,맥시,카키,노멀
3614,팬츠,맥시,카키,노멀
3615,팬츠,맥시,카키,노멀
3616,팬츠,맥시,카키,노멀
3617,팬츠,맥시,카키,노멀
3618,팬츠,맥시,베이지,노멀
3619,팬츠,맥시,카키,노멀
3620,팬츠,맥시,베이지,노멀
3621,팬츠,맥시,카키,노멀
3622,팬츠,맥시,베이지,노멀
3623,팬츠,맥시,베이지,노멀
3624,팬츠,맥시,베이지,노멀
3625,팬츠,맥시,베이지,노멀
3626,팬츠,맥시,베이지,노멀
3627,팬츠,맥시,베이지,노멀
3628,팬츠,맥시,베이지,노멀
3629,팬츠,맥시,,노멀
3630,팬츠,맥시,베이지,노멀
3631,팬츠,맥시,베이지,노멀
3632,팬츠,맥시,베이지,노멀
3633,팬츠,맥시,베이지,노멀
3634,팬츠,맥시,베이지,노멀
3635,팬츠,맥시,베이지,노멀
3636,팬츠,맥시,베이지,노멀
3637,팬츠,맥시,베이지,노멀
3638,팬츠,맥시,베이지,노멀
3639,팬츠,맥시,베이지,노멀
3640,팬츠,맥시,베이지,노멀
3641,팬츠,맥시,베이지,노멀
3643,팬츠,맥시,베이지,노멀
3645,팬츠,맥시,베이지,노멀
3646,팬츠,맥시,베이지,노멀
3647,팬츠,맥시,베이지,노멀
3648,팬츠,맥시,베이지,노멀
3650,팬츠,맥시,베이지,노멀
3651,팬츠,맥시,베이지,노멀
3652,팬츠,맥시,베이지,노멀
3654,팬츠,발목,블랙,노멀
3655,팬츠,발목,블랙,노멀
3656,팬츠,발목,블랙,노멀
3657,팬츠,발목,블랙,노멀
3659,팬츠,발목,블랙,노멀
3660,팬츠,발목,블랙,노멀
3662,,,,
3668,청바지,발목,네이비,스키니
3670,청바지,발목,네이비,스키니
3672,청바지,발목,네이비,스키니
3674,청바지,발목,네이비,스키니
3675,청바지,발목,네이비,스키니
3677,청바지,발목,네이비,스키니
3678,청바지,발목,네이비,스키니
3679,청바지,발목,네이비,노멀
3680,청바지,발목,네이비,스키니
3681,청바지,발목,네이비,스키니
3683,청바지,발목,네이비,스키니
3684,청바지,발목,네이비,스키니
3685,청바지,발목,네이비,스키니
3686,청바지,발목,네이비,스키니
3688,청바지,발목,네이비,스키니
3689,팬츠,발목,그레이,노멀
3691,팬츠,발목,그레이,노멀
3693,팬츠,발목,그레이,노멀
3695,팬츠,발목,그레이,노멀
3696,팬츠,발목,그레이,노멀
3698,,,그레이,
3701,팬츠,발목,그레이,노멀
3703,팬츠,발목,,루즈
3704,팬츠,발목,그레이,노멀
3708,,,그레이,
3709,팬츠,발목,그레이,노멀
3711,팬츠,발목,그레이,노멀
3713,팬츠,발목,그레이,노멀
3714,팬츠,발목,그레이,노멀
3716,팬츠,발목,그레이,노멀
3723,팬츠,발목,그레이,노멀
3725,팬츠,발목,그레이,와이드
3727,팬츠,발목,그레이,와이드
3728,팬츠,발목,그레이,와이드
3729,팬츠,발목,그레이,와이드
3730,팬츠,,그레이,와이드
3731,팬츠,발목,그레이,와이드
3733,팬츠,발목,그레이,와이드
3734,팬츠,발목,그레이,와이드
3735,팬츠,발목,그레이,와이드
3736,팬츠,발목,그레이,와이드
3737,팬츠,발목,그레이,와이드
3738,팬츠,발목,블랙,노멀
3739,팬츠,발목,블랙,노멀
3740,팬츠,발목,블랙,노멀
3741,팬츠,발목,블랙,노멀
3742,팬츠,발목,블랙,노멀
3743,팬츠,발목,블랙,노멀
3744,팬츠,발목,블랙,노멀
3745,팬츠,발목,블랙,노멀
3747,팬츠,발목,블랙,노멀
3748,팬츠,발목,블랙,노멀
3749,팬츠,발목,블랙,노멀
3750,팬츠,발목,블랙,노멀
3751,팬츠,발목,블랙,노멀
3752,팬츠,발목,블랙,노멀
3753,팬츠,발목,블랙,노멀
3754,팬츠,발목,블랙,노멀
3755,팬츠,발목,블랙,노멀
3757,팬츠,발목,블랙,노멀
3758,팬츠,발목,블랙,노멀
3759,팬츠,발목,블랙,노멀
3760,팬츠,발목,블랙,노멀
3761,팬츠,발목,블랙,노멀
3762,팬츠,발목,블랙,노멀
3763,팬츠,발목,블랙,노멀
3765,팬츠,발목,,노멀
3766,팬츠,발목,,노멀
3767,팬츠,발목,,노멀
3768,팬츠,발목,,노멀
3769,팬츠,발목,,노멀
3770,팬츠,발목,,노멀
3771,팬츠,발목,,노멀
3772,팬츠,발목,,노멀
3773,팬츠,발목,,노멀
3774,팬츠,발목,,노멀
3775,팬츠,발목,,노멀
3776,팬츠,발목,,노멀
3777,팬츠,발목,,노멀
3778,팬츠,발목,,노멀
3779,팬츠,발목,,노멀
3780,팬츠,발목,,노멀
3781,팬츠,발목,,노멀
3782,팬츠,발목,,노멀
3783,팬츠,발목,,노멀
3784,청바지,발목,,노멀
3785,청바지,발목,,노멀
3786,청바지,발목,,노멀
3787,청바지,발목,,노멀
3788,청바지,발목,,노멀
3789,청바지,발목,,노멀
3790,청바지,발목,,노멀
3791,청바지,발목,,노멀
3792,팬츠,미디,,스키니
3793,팬츠,미디,,스키니
3794,팬츠,미디,,스키니
3795,팬츠,미디,,스키니
3796,팬츠,미디,,스키니
3797,팬츠,미디,,스키니
3798,팬츠,발목,,와이드
3799,팬츠,발목,,와이드
3800,팬츠,발목,,와이드
3801,팬츠,발목,,와이드
3802,팬츠,발목,,와이드
3803,팬츠,발목,,와이드
3804,팬츠,발목,,와이드
3805,팬츠,발목,,와이드
3806,팬츠,발목,,와이드
3807,팬츠,발목,,와이드
3808,팬츠,발목,,와이드
3809,팬츠,발목,,와이드
3810,팬츠,발목,,와이드
3811,팬츠,발목,,와이드
3812,팬츠,발목,,와이드
3813,팬츠,발목,,와이드
3814,팬츠,발목,,와이드
3815,팬츠,발목,,와이드
3817,팬츠,발목,블랙,노멀
3820,팬츠,발목,블랙,노멀
3822,팬츠,발목,블랙,노멀
3825,팬츠,발목,블랙,노멀
3829,팬츠,발목,블랙,노멀
3869,팬츠,맥시,브라운,루즈
3874,팬츠,발목,그레이,벨보텀
3875,팬츠,발목,그레이,벨보텀
3876,팬츠,발목,그레이,벨보텀
3877,팬츠,발목,그레이,벨보텀
3878,팬츠,발목,그레이,벨보텀
3879,팬츠,발목,그레이,벨보텀
3880,팬츠,발목,그레이,벨보텀
3881,팬츠,발목,그레이,벨보텀
3882,팬츠,발목,그레이,벨보텀
3886,팬츠,미니,블랙,노멀
3888,팬츠,미니,블랙,노멀
3889,팬츠,미니,블랙,노멀
3890,팬츠,미니,블랙,노멀
3891,팬츠,미니,블랙,노멀
3892,팬츠,미니,블랙,노멀
3893,팬츠,미니,블랙,노멀
3894,팬츠,미니,블랙,노멀
3896,청바지,,네이비,노멀
3897,청바지,미디,네이비,노멀
3898,청바지,,네이비,노멀
3899,청바지,,네이비,노멀
3900,청바지,미디,네이비,노멀
3901,청바지,,네이비,노멀
3902,청바지,미디,네이비,노멀
3903,청바지,,네이비,노멀
3905,청바지,미디,네이비,노멀
3908,팬츠,미디,화이트,노멀
3914,팬츠,미디,화이트,노멀
3916,팬츠,미디,화이트,노멀
3918,팬츠,미디,화이트,노멀
3919,팬츠,미디,화이트,노멀
3920,팬츠,맥시,베이지,와이드
3922,팬츠,맥시,베이지,와이드
3924,팬츠,맥시,베이지,와이드
3925,팬츠,맥시,베이지,와이드
3927,팬츠,맥시,베이지,와이드
3930,팬츠,맥시,베이지,와이드
3932,팬츠,맥시,베이지,와이드
3935,팬츠,맥시,베이지,와이드
3937,팬츠,맥시,베이지,와이드
3938,팬츠,맥시,블랙,와이드
3939,팬츠,맥시,블랙,와이드
3941,팬츠,맥시,블랙,와이드
3942,팬츠,맥시,블랙,와이드
3943,팬츠,맥시,블랙,와이드
3944,팬츠,맥시,블랙,와이드
3945,팬츠,맥시,블랙,와이드
3946,팬츠,맥시,블랙,와이드
3947,팬츠,맥시,블랙,와이드
3948,팬츠,맥시,블랙,와이드
3949,팬츠,맥시,블랙,와이드
3950,팬츠,맥시,블랙,와이드
3951,팬츠,맥시,블랙,와이드
3952,팬츠,맥시,블랙,와이드
3953,팬츠,맥시,블랙,와이드
3955,팬츠,맥시,블랙,와이드
3956,팬츠,맥시,블랙,와이드
3957,팬츠,맥시,블랙,와이드
3958,팬츠,맥시,블랙,와이드
3959,팬츠,맥시,블랙,와이드
3960,팬츠,맥시,블랙,와이드
3961,팬츠,맥시,블랙,와이드
3962,팬츠,맥시,블랙,와이드
3963,팬츠,맥시,블랙,와이드
3964,팬츠,맥시,블랙,와이드
3965,팬츠,맥시,블랙,와이드
3966,팬츠,맥시,블랙,와이드
3967,팬츠,맥시,블랙,와이드
3968,팬츠,맥시,블랙,와이드
3969,팬츠,맥시,블랙,와이드
3970,팬츠,맥시,블랙,와이드
3971,팬츠,맥시,블랙,와이드
3972,팬츠,맥시,블랙,와이드
3973,스커트,미니,블랙,노멀
3974,스커트,미니,블랙,노멀
3976,팬츠,발목,화이트,벨보텀
3977,팬츠,발목,화이트,벨보텀
3978,팬츠,발목,화이트,벨보텀
3979,팬츠,발목,화이트,벨보텀
3980,팬츠,발목,화이트,벨보텀
3981,팬츠,발목,화이트,벨보텀
3982,팬츠,발목,화이트,벨보텀
3983,팬츠,발목,화이트,벨보텀
3984,팬츠,발목,화이트,벨보텀
3985,팬츠,발목,화이트,벨보텀
3986,팬츠,발목,화이트,벨보텀
3987,팬츠,발목,화이트,벨보텀
3988,팬츠,발목,화이트,벨보텀
3991,팬츠,발목,화이트,벨보텀
3992,팬츠,발목,화이트,벨보텀
3993,팬츠,발목,화이트,벨보텀
3996,팬츠,발목,화이트,벨보텀
3997,팬츠,발목,화이트,벨보텀
3998,팬츠,발목,화이트,벨보텀
4000,청바지,발목,,노멀
4005,청바지,발목,스카이블루,스키니
4012,청바지,발목,스카이블루,스키니
4016,청바지,발목,스카이블루,스키니
4017,팬츠,미니,블랙,와이드
4019,팬츠,미디,블랙,와이드
4021,팬츠,미니,네이비,와이드
4022,팬츠,미니,블랙,와이드
4023,팬츠,미니,네이비,와이드
4028,팬츠,미니,,와이드
4029,팬츠,미니,,와이드
4030,,,화이트,
4042,팬츠,발목,블랙,스키니
4044,팬츠,발목,베이지,스키니
4046,팬츠,발목,블랙,스키니
4053,팬츠,발목,블랙,노멀
4054,팬츠,발목,,노멀
4055,팬츠,발목,,노멀
4056,팬츠,발목,블랙,노멀
4057,팬츠,발목,블랙,노멀
4058,팬츠,발목,블랙,노멀
4059,팬츠,발목,블랙,노멀
4060,팬츠,발목,블랙,노멀
4061,팬츠,발목,블랙,노멀
4062,팬츠,발목,,노멀
4063,팬츠,발목,블랙,노멀
4064,팬츠,발목,,노멀
4065,팬츠,미디,화이트,노멀
4066,팬츠,미디,화이트,노멀
4067,팬츠,미디,화이트,노멀
4068,팬츠,미디,화이트,노멀
4069,팬츠,미디,화이트,노멀
4070,팬츠,미디,그레이,노멀
4071,팬츠,미디,그레이,노멀
4072,팬츠,미디,그레이,노멀
4073,팬츠,미디,그레이,노멀
4074,팬츠,미디,화이트,노멀
4075,팬츠,미디,화이트,노멀
4076,팬츠,미디,그레이,노멀
4077,팬츠,미디,화이트,노멀
4078,팬츠,미디,화이트,노멀
4079,팬츠,미디,화이트,노멀
4080,팬츠,미디,그레이,노멀
4081,팬츠,미디,그레이,노멀
4082,팬츠,미디,그레이,노멀
4083,팬츠,미디,그레이,노멀
4084,팬츠,미디,화이트,노멀
4085,팬츠,미디,화이트,노멀
4086,팬츠,미디,그레이,노멀
4087,팬츠,미디,그레이,노멀
4088,팬츠,미디,그레이,노멀
4089,팬츠,미디,화이트,노멀
4090,팬츠,미디,그레이,노멀
4091,팬츠,미디,그레이,노멀
4092,팬츠,미디,그레이,노멀
4093,팬츠,미디,그레이,노멀
4094,팬츠,미디,화이트,노멀
4095,팬츠,미디,그레이,노멀
4096,팬츠,미디,그레이,노멀
4097,팬츠,미디,화이트,노멀
4098,팬츠,미디,화이트,노멀
4099,팬츠,미디,화이트,노멀
4100,팬츠,미디,그레이,노멀
4101,팬츠,미디,화이트,노멀
4102,팬츠,미디,그레이,노멀
4103,팬츠,미디,그레이,노멀
4104,팬츠,미디,그레이,노멀
4105,팬츠,미디,그레이,노멀
4106,팬츠,미디,그레이,노멀
4107,팬츠,미디,그레이,노멀
4108,팬츠,미디,그레이,노멀
4109,팬츠,미디,그레이,노멀
4110,팬츠,미디,그레이,노멀
4111,팬츠,미디,그레이,노멀
4112,팬츠,미디,그레이,노멀
4113,팬츠,미디,그레이,노멀
4114,팬츠,미디,그레이,노멀
4115,팬츠,미디,그레이,노멀
4116,팬츠,미디,그레이,노멀
4117,팬츠,미디,그레이,노멀
4118,팬츠,미디,그레이,노멀
4119,팬츠,맥시,실버,와이드
4120,팬츠,맥시,네이비,와이드
4121,팬츠,맥시,실버,와이드
4122,팬츠,맥시,그레이,와이드
4123,팬츠,맥시,그레이,와이드
4124,팬츠,맥시,네이비,와이드
4125,팬츠,맥시,그레이,와이드
4126,팬츠,맥시,네이비,와이드
4127,팬츠,맥시,베이지,와이드
4128,팬츠,발목,블루,노멀
4129,팬츠,발목,블루,노멀
4130,팬츠,발목,블루,노멀
4131,팬츠,발목,블루,노멀
4132,팬츠,발목,블루,노멀
4133,팬츠,발목,블루,노멀
4134,팬츠,발목,블루,노멀
4135,팬츠,발목,블루,노멀
4136,팬츠,발목,블루,노멀
0,0,0,0,0
0,0,0,0,0
0,0,0,0,0
0,0,0,0,0
0,0,0,0,0
0,0,0,0,0
0,0,0,0,0
0,0,0,0,0
0,0,0,0,0
0,0,0,0,0
0,0,0,0,0
0,0,0,0,0
0,0,0,0,0
0,0,0,0,0
0,0,0,0,0
0,0,0,0,0
0,0,0,0,0
0,0,0,0,0
0,0,0,0,0
0,0,0,0,0
0,0,0,0,0
0,0,0,0,0
0,0,0,0,0
0,0,0,0,0
0,0,0,0,0
0,0,0,0,0
0,0,0,0,0
0,0,0,0,0
0,0,0,0,0
0,0,0,0,0
0,0,0,0,0
0,0,0,0,0
0,0,0,0,0
0,0,0,0,0
0,0,0,0,0
0,0,0,0,0
0,0,0,0,0
0,0,0,0,0
0,0,0,0,0
0,0,0,0,0
0,0,0,0,0
0,0,0,0,0
0,0,0,0,0
0,0,0,0,0
0,0,0,0,0
0,0,0,0,0
0,0,0,0,0
0,0,0,0,0
0,0,0,0,0
0,0,0,0,0
0,0,0,0,0
0,0,0,0,0
0,0,0,0,0
0,0,0,0,0
0,0,0,0,0
0,0,0,0,0
0,0,0,0,0
0,0,0,0,0
0,0,0,0,0
0,0,0,0,0
0,0,0,0,0
0,0,0,0,0
0,0,0,0,0
0,0,0,0,0
0,0,0,0,0
0,0,0,0,0
0,0,0,0,0
0,0,0,0,0
0,0,0,0,0
0,0,0,0,0
0,0,0,0,0
0,0,0,0,0
0,0,0,0,0
0,0,0,0,0
0,0,0,0,0
0,0,0,0,0
0,0,0,0,0
0,0,0,0,0
0,0,0,0,0
0,0,0,0,0
0,0,0,0,0
0,0,0,0,0
0,0,0,0,0
0,0,0,0,0
0,0,0,0,0
0,0,0,0,0
0,0,0,0,0
0,0,0,0,0
0,0,0,0,0
0,0,0,0,0
0,0,0,0,0
0,0,0,0,0
0,0,0,0,0
0,0,0,0,0
0,0,0,0,0
0,0,0,0,0
0,0,0,0,0
0,0,0,0,0
0,0,0,0,0
0,0,0,0,0
0,0,0,0,0
0,0,0,0,0
0,0,0,0,0
0,0,0,0,0
0,0,0,0,0
0,0,0,0,0
0,0,0,0,0
0,0,0,0,0
0,0,0,0,0
0,0,0,0,0
0,0,0,0,0
0,0,0,0,0
0,0,0,0,0
0,0,0,0,0
0,0,0,0,0
0,0,0,0,0
0,0,0,0,0
0,0,0,0,0
0,0,0,0,0
0,0,0,0,0
0,0,0,0,0
0,0,0,0,0
0,0,0,0,0
0,0,0,0,0
0,0,0,0,0
0,0,0,0,0
0,0,0,0,0
0,0,0,0,0
0,0,0,0,0
0,0,0,0,0
0,0,0,0,0
0,0,0,0,0
0,0,0,0,0
0,0,0,0,0
0,0,0,0,0
0,0,0,0,0
0,0,0,0,0
0,0,0,0,0
0,0,0,0,0
0,0,0,0,0
0,0,0,0,0
0,0,0,0,0
0,0,0,0,0
0,0,0,0,0
0,0,0,0,0
0,0,0,0,0
0,0,0,0,0
0,0,0,0,0
0,0,0,0,0
0,0,0,0,0
0,0,0,0,0
0,0,0,0,0
0,0,0,0,0
0,0,0,0,0
0,0,0,0,0
0,0,0,0,0
0,0,0,0,0
0,0,0,0,0
0,0,0,0,0
0,0,0,0,0
0,0,0,0,0
0,0,0,0,0
0,0,0,0,0
0,0,0,0,0
0,0,0,0,0
0,0,0,0,0
0,0,0,0,0
0,0,0,0,0
0,0,0,0,0
0,0,0,0,0
0,0,0,0,0
0,0,0,0,0
0,0,0,0,0
0,0,0,0,0
0,0,0,0,0
0,0,0,0,0
0,0,0,0,0
0,0,0,0,0
0,0,0,0,0
0,0,0,0,0
0,0,0,0,0
0,0,0,0,0
0,0,0,0,0
0,0,0,0,0
0,0,0,0,0
0,0,0,0,0
0,0,0,0,0
0,0,0,0,0
0,0,0,0,0
0,0,0,0,0
0,0,0,0,0
0,0,0,0,0
0,0,0,0,0
0,0,0,0,0
0,0,0,0,0
0,0,0,0,0
0,0,0,0,0
0,0,0,0,0
0,0,0,0,0
0,0,0,0,0
0,0,0,0,0
0,0,0,0,0
0,0,0,0,0
0,0,0,0,0
0,0,0,0,0
0,0,0,0,0
0,0,0,0,0
0,0,0,0,0
0,0,0,0,0
0,0,0,0,0
0,0,0,0,0
0,0,0,0,0
0,0,0,0,0
0,0,0,0,0
0,0,0,0,0
0,0,0,0,0
0,0,0,0,0
0,0,0,0,0
0,0,0,0,0
0,0,0,0,0
0,0,0,0,0
0,0,0,0,0
0,0,0,0,0
0,0,0,0,0
0,0,0,0,0
0,0,0,0,0
0,0,0,0,0
0,0,0,0,0
0,0,0,0,0
0,0,0,0,0
0,0,0,0,0
0,0,0,0,0
0,0,0,0,0
0,0,0,0,0
0,0,0,0,0
0,0,0,0,0
0,0,0,0,0
0,0,0,0,0
0,0,0,0,0
0,0,0,0,0
0,0,0,0,0
0,0,0,0,0
0,0,0,0,0
0,0,0,0,0
0,0,0,0,0
0,0,0,0,0
0,0,0,0,0
0,0,0,0,0
0,0,0,0,0
0,0,0,0,0
0,0,0,0,0
0,0,0,0,0
0,0,0,0,0
0,0,0,0,0
0,0,0,0,0
0,0,0,0,0
0,0,0,0,0
0,0,0,0,0
0,0,0,0,0
0,0,0,0,0
0,0,0,0,0
0,0,0,0,0
0,0,0,0,0
0,0,0,0,0
0,0,0,0,0
0,0,0,0,0
0,0,0,0,0
0,0,0,0,0
0,0,0,0,0
0,0,0,0,0
0,0,0,0,0
0,0,0,0,0
0,0,0,0,0
0,0,0,0,0
0,0,0,0,0
0,0,0,0,0
0,0,0,0,0
0,0,0,0,0
0,0,0,0,0
0,0,0,0,0
0,0,0,0,0
0,0,0,0,0
0,0,0,0,0
0,0,0,0,0
0,0,0,0,0
0,0,0,0,0
0,0,0,0,0
0,0,0,0,0
0,0,0,0,0
0,0,0,0,0
0,0,0,0,0
0,0,0,0,0
0,0,0,0,0
0,0,0,0,0
0,0,0,0,0
0,0,0,0,0
0,0,0,0,0
0,0,0,0,0
0,0,0,0,0
0,0,0,0,0
0,0,0,0,0
0,0,0,0,0
0,0,0,0,0
0,0,0,0,0
0,0,0,0,0
0,0,0,0,0
0,0,0,0,0
0,0,0,0,0
0,0,0,0,0
0,0,0,0,0
0,0,0,0,0
0,0,0,0,0
0,0,0,0,0
0,0,0,0,0
0,0,0,0,0
0,0,0,0,0
0,0,0,0,0
0,0,0,0,0
0,0,0,0,0
0,0,0,0,0
0,0,0,0,0
0,0,0,0,0
0,0,0,0,0
0,0,0,0,0
0,0,0,0,0
0,0,0,0,0
0,0,0,0,0
0,0,0,0,0
0,0,0,0,0
0,0,0,0,0
0,0,0,0,0
0,0,0,0,0
0,0,0,0,0
0,0,0,0,0
0,0,0,0,0
0,0,0,0,0
0,0,0,0,0
0,0,0,0,0
0,0,0,0,0
0,0,0,0,0
0,0,0,0,0
0,0,0,0,0
0,0,0,0,0
0,0,0,0,0
0,0,0,0,0
0,0,0,0,0
0,0,0,0,0
0,0,0,0,0
0,0,0,0,0
0,0,0,0,0
0,0,0,0,0
0,0,0,0,0
0,0,0,0,0
0,0,0,0,0
0,0,0,0,0
0,0,0,0,0
0,0,0,0,0
0,0,0,0,0
0,0,0,0,0
0,0,0,0,0
0,0,0,0,0
0,0,0,0,0
0,0,0,0,0
0,0,0,0,0
0,0,0,0,0
0,0,0,0,0
0,0,0,0,0
0,0,0,0,0
0,0,0,0,0
0,0,0,0,0
0,0,0,0,0
0,0,0,0,0
0,0,0,0,0
0,0,0,0,0
0,0,0,0,0
0,0,0,0,0
0,0,0,0,0
0,0,0,0,0
0,0,0,0,0
0,0,0,0,0
0,0,0,0,0
0,0,0,0,0
0,0,0,0,0
0,0,0,0,0
0,0,0,0,0
0,0,0,0,0
0,0,0,0,0
0,0,0,0,0
0,0,0,0,0
0,0,0,0,0
0,0,0,0,0
0,0,0,0,0
0,0,0,0,0
0,0,0,0,0
0,0,0,0,0
0,0,0,0,0
0,0,0,0,0
0,0,0,0,0
0,0,0,0,0
0,0,0,0,0
0,0,0,0,0
0,0,0,0,0
0,0,0,0,0
0,0,0,0,0
0,0,0,0,0
0,0,0,0,0
0,0,0,0,0
0,0,0,0,0
0,0,0,0,0
0,0,0,0,0
0,0,0,0,0
0,0,0,0,0
0,0,0,0,0
0,0,0,0,0
0,0,0,0,0
0,0,0,0,0
0,0,0,0,0
0,0,0,0,0
0,0,0,0,0
0,0,0,0,0
0,0,0,0,0
0,0,0,0,0
0,0,0,0,0
0,0,0,0,0
0,0,0,0,0
0,0,0,0,0
0,0,0,0,0
0,0,0,0,0
0,0,0,0,0
0,0,0,0,0
0,0,0,0,0
0,0,0,0,0
0,0,0,0,0
0,0,0,0,0
0,0,0,0,0
0,0,0,0,0
0,0,0,0,0
0,0,0,0,0
0,0,0,0,0
0,0,0,0,0
0,0,0,0,0
0,0,0,0,0
0,0,0,0,0
0,0,0,0,0
0,0,0,0,0
0,0,0,0,0
0,0,0,0,0
0,0,0,0,0
0,0,0,0,0
0,0,0,0,0
0,0,0,0,0
0,0,0,0,0
0,0,0,0,0
0,0,0,0,0
0,0,0,0,0
0,0,0,0,0
0,0,0,0,0
0,0,0,0,0
0,0,0,0,0
0,0,0,0,0
0,0,0,0,0
0,0,0,0,0
0,0,0,0,0
0,0,0,0,0
0,0,0,0,0
0,0,0,0,0
0,0,0,0,0
0,0,0,0,0
0,0,0,0,0
0,0,0,0,0
0,0,0,0,0
0,0,0,0,0
0,0,0,0,0
0,0,0,0,0
0,0,0,0,0
0,0,0,0,0
0,0,0,0,0
0,0,0,0,0
0,0,0,0,0
0,0,0,0,0
0,0,0,0,0
0,0,0,0,0
0,0,0,0,0
0,0,0,0,0
0,0,0,0,0
0,0,0,0,0
0,0,0,0,0
0,0,0,0,0
0,0,0,0,0
0,0,0,0,0
0,0,0,0,0
0,0,0,0,0
0,0,0,0,0
0,0,0,0,0
0,0,0,0,0
0,0,0,0,0
0,0,0,0,0
0,0,0,0,0
0,0,0,0,0
0,0,0,0,0
0,0,0,0,0
0,0,0,0,0
0,0,0,0,0
0,0,0,0,0
0,0,0,0,0
0,0,0,0,0
0,0,0,0,0
0,0,0,0,0
0,0,0,0,0
0,0,0,0,0
0,0,0,0,0
0,0,0,0,0
0,0,0,0,0
0,0,0,0,0
0,0,0,0,0
0,0,0,0,0
0,0,0,0,0
0,0,0,0,0
0,0,0,0,0
0,0,0,0,0
0,0,0,0,0
0,0,0,0,0
0,0,0,0,0
0,0,0,0,0
0,0,0,0,0
0,0,0,0,0
0,0,0,0,0
0,0,0,0,0
0,0,0,0,0
0,0,0,0,0
0,0,0,0,0
0,0,0,0,0
0,0,0,0,0
0,0,0,0,0
0,0,0,0,0
0,0,0,0,0
0,0,0,0,0
0,0,0,0,0
0,0,0,0,0
0,0,0,0,0
0,0,0,0,0
0,0,0,0,0
0,0,0,0,0
0,0,0,0,0
0,0,0,0,0
0,0,0,0,0
0,0,0,0,0
0,0,0,0,0
0,0,0,0,0
0,0,0,0,0
0,0,0,0,0
0,0,0,0,0
0,0,0,0,0
0,0,0,0,0
0,0,0,0,0
0,0,0,0,0
0,0,0,0,0
0,0,0,0,0
0,0,0,0,0
0,0,0,0,0
0,0,0,0,0
0,0,0,0,0
0,0,0,0,0
0,0,0,0,0
0,0,0,0,0
0,0,0,0,0
0,0,0,0,0
0,0,0,0,0
0,0,0,0,0
0,0,0,0,0
0,0,0,0,0
0,0,0,0,0
0,0,0,0,0
0,0,0,0,0
0,0,0,0,0
0,0,0,0,0
0,0,0,0,0
0,0,0,0,0
0,0,0,0,0
0,0,0,0,0
0,0,0,0,0
0,0,0,0,0
0,0,0,0,0
0,0,0,0,0
0,0,0,0,0
0,0,0,0,0
0,0,0,0,0
0,0,0,0,0
0,0,0,0,0
0,0,0,0,0
0,0,0,0,0
0,0,0,0,0
0,0,0,0,0
0,0,0,0,0
0,0,0,0,0
0,0,0,0,0
0,0,0,0,0
0,0,0,0,0
0,0,0,0,0
0,0,0,0,0
0,0,0,0,0
0,0,0,0,0
0,0,0,0,0
0,0,0,0,0
0,0,0,0,0
0,0,0,0,0
0,0,0,0,0
0,0,0,0,0
0,0,0,0,0
0,0,0,0,0
0,0,0,0,0
0,0,0,0,0
0,0,0,0,0
0,0,0,0,0
0,0,0,0,0
0,0,0,0,0
0,0,0,0,0
0,0,0,0,0
0,0,0,0,0
0,0,0,0,0
0,0,0,0,0
0,0,0,0,0
0,0,0,0,0
0,0,0,0,0
0,0,0,0,0
0,0,0,0,0
0,0,0,0,0
0,0,0,0,0
0,0,0,0,0
0,0,0,0,0
0,0,0,0,0
0,0,0,0,0
0,0,0,0,0
0,0,0,0,0
0,0,0,0,0
0,0,0,0,0
0,0,0,0,0
0,0,0,0,0
0,0,0,0,0
0,0,0,0,0
0,0,0,0,0
0,0,0,0,0
0,0,0,0,0
0,0,0,0,0
0,0,0,0,0
0,0,0,0,0
0,0,0,0,0
0,0,0,0,0
0,0,0,0,0
0,0,0,0,0
0,0,0,0,0
0,0,0,0,0
0,0,0,0,0
0,0,0,0,0
0,0,0,0,0
0,0,0,0,0
0,0,0,0,0
0,0,0,0,0
0,0,0,0,0
0,0,0,0,0
0,0,0,0,0
0,0,0,0,0
0,0,0,0,0
0,0,0,0,0
0,0,0,0,0
0,0,0,0,0
0,0,0,0,0
0,0,0,0,0
0,0,0,0,0
0,0,0,0,0
0,0,0,0,0
0,0,0,0,0
0,0,0,0,0
0,0,0,0,0
0,0,0,0,0
0,0,0,0,0
0,0,0,0,0
0,0,0,0,0
0,0,0,0,0
0,0,0,0,0
0,0,0,0,0
0,0,0,0,0
0,0,0,0,0
0,0,0,0,0
0,0,0,0,0
0,0,0,0,0
0,0,0,0,0
0,0,0,0,0
0,0,0,0,0
0,0,0,0,0
0,0,0,0,0
0,0,0,0,0
0,0,0,0,0
0,0,0,0,0
0,0,0,0,0
0,0,0,0,0
0,0,0,0,0
0,0,0,0,0
0,0,0,0,0
0,0,0,0,0
0,0,0,0,0
0,0,0,0,0
0,0,0,0,0
0,0,0,0,0
0,0,0,0,0
0,0,0,0,0
0,0,0,0,0
0,0,0,0,0
0,0,0,0,0
0,0,0,0,0
0,0,0,0,0
0,0,0,0,0
0,0,0,0,0
0,0,0,0,0
0,0,0,0,0
0,0,0,0,0
0,0,0,0,0
0,0,0,0,0
0,0,0,0,0
0,0,0,0,0
0,0,0,0,0
0,0,0,0,0
0,0,0,0,0
0,0,0,0,0
0,0,0,0,0
0,0,0,0,0
0,0,0,0,0
0,0,0,0,0
0,0,0,0,0
0,0,0,0,0
0,0,0,0,0
0,0,0,0,0
0,0,0,0,0
0,0,0,0,0
0,0,0,0,0
0,0,0,0,0
0,0,0,0,0
0,0,0,0,0
0,0,0,0,0
0,0,0,0,0
0,0,0,0,0
0,0,0,0,0
0,0,0,0,0
0,0,0,0,0
0,0,0,0,0
0,0,0,0,0
0,0,0,0,0
0,0,0,0,0
0,0,0,0,0
0,0,0,0,0
0,0,0,0,0
0,0,0,0,0
0,0,0,0,0
0,0,0,0,0
0,0,0,0,0
0,0,0,0,0
0,0,0,0,0
0,0,0,0,0
0,0,0,0,0
0,0,0,0,0
0,0,0,0,0
0,0,0,0,0
0,0,0,0,0
0,0,0,0,0
0,0,0,0,0
0,0,0,0,0
0,0,0,0,0
0,0,0,0,0
0,0,0,0,0
0,0,0,0,0
0,0,0,0,0
0,0,0,0,0
0,0,0,0,0
0,0,0,0,0
0,0,0,0,0
0,0,0,0,0
0,0,0,0,0
0,0,0,0,0
0,0,0,0,0
0,0,0,0,0
0,0,0,0,0
0,0,0,0,0
0,0,0,0,0
0,0,0,0,0
0,0,0,0,0
0,0,0,0,0
0,0,0,0,0
0,0,0,0,0
0,0,0,0,0
0,0,0,0,0
0,0,0,0,0
0,0,0,0,0
0,0,0,0,0
0,0,0,0,0
0,0,0,0,0
0,0,0,0,0
0,0,0,0,0
0,0,0,0,0
0,0,0,0,0
0,0,0,0,0
0,0,0,0,0
0,0,0,0,0
0,0,0,0,0
0,0,0,0,0
0,0,0,0,0
0,0,0,0,0
0,0,0,0,0
0,0,0,0,0
0,0,0,0,0
0,0,0,0,0
0,0,0,0,0
0,0,0,0,0
0,0,0,0,0
0,0,0,0,0
0,0,0,0,0
0,0,0,0,0
0,0,0,0,0
0,0,0,0,0
0,0,0,0,0
0,0,0,0,0
0,0,0,0,0
0,0,0,0,0
0,0,0,0,0
0,0,0,0,0
0,0,0,0,0
0,0,0,0,0
0,0,0,0,0
0,0,0,0,0
0,0,0,0,0
0,0,0,0,0
0,0,0,0,0
0,0,0,0,0
0,0,0,0,0
0,0,0,0,0
0,0,0,0,0
0,0,0,0,0
0,0,0,0,0
0,0,0,0,0
0,0,0,0,0
0,0,0,0,0
0,0,0,0,0
0,0,0,0,0
0,0,0,0,0
0,0,0,0,0
0,0,0,0,0
0,0,0,0,0
0,0,0,0,0
0,0,0,0,0
0,0,0,0,0
0,0,0,0,0
0,0,0,0,0
0,0,0,0,0
0,0,0,0,0
0,0,0,0,0
0,0,0,0,0
0,0,0,0,0
0,0,0,0,0
0,0,0,0,0
0,0,0,0,0
0,0,0,0,0
0,0,0,0,0
0,0,0,0,0
0,0,0,0,0
0,0,0,0,0
0,0,0,0,0
0,0,0,0,0
0,0,0,0,0
0,0,0,0,0
0,0,0,0,0
0,0,0,0,0
0,0,0,0,0
0,0,0,0,0
0,0,0,0,0
0,0,0,0,0
0,0,0,0,0
0,0,0,0,0
0,0,0,0,0
0,0,0,0,0
0,0,0,0,0
0,0,0,0,0
0,0,0,0,0
0,0,0,0,0
0,0,0,0,0
0,0,0,0,0
0,0,0,0,0
0,0,0,0,0
0,0,0,0,0
0,0,0,0,0
0,0,0,0,0
0,0,0,0,0
0,0,0,0,0
0,0,0,0,0
0,0,0,0,0
0,0,0,0,0
0,0,0,0,0
0,0,0,0,0
0,0,0,0,0
0,0,0,0,0
0,0,0,0,0
0,0,0,0,0
0,0,0,0,0
0,0,0,0,0
0,0,0,0,0
0,0,0,0,0
0,0,0,0,0
0,0,0,0,0
0,0,0,0,0
0,0,0,0,0
0,0,0,0,0
0,0,0,0,0
0,0,0,0,0
0,0,0,0,0
0,0,0,0,0
0,0,0,0,0
0,0,0,0,0
0,0,0,0,0
0,0,0,0,0
0,0,0,0,0
0,0,0,0,0
0,0,0,0,0
0,0,0,0,0
0,0,0,0,0
0,0,0,0,0
0,0,0,0,0
0,0,0,0,0
0,0,0,0,0
0,0,0,0,0
0,0,0,0,0
0,0,0,0,0
0,0,0,0,0
0,0,0,0,0
0,0,0,0,0
0,0,0,0,0
0,0,0,0,0
0,0,0,0,0
0,0,0,0,0
0,0,0,0,0
0,0,0,0,0
0,0,0,0,0
0,0,0,0,0
0,0,0,0,0
0,0,0,0,0
0,0,0,0,0
0,0,0,0,0
0,0,0,0,0
0,0,0,0,0
0,0,0,0,0
0,0,0,0,0
0,0,0,0,0
0,0,0,0,0
0,0,0,0,0
0,0,0,0,0
0,0,0,0,0
0,0,0,0,0
0,0,0,0,0
0,0,0,0,0
0,0,0,0,0
0,0,0,0,0
0,0,0,0,0
0,0,0,0,0
0,0,0,0,0
0,0,0,0,0
0,0,0,0,0
0,0,0,0,0
0,0,0,0,0
0,0,0,0,0
0,0,0,0,0
0,0,0,0,0
0,0,0,0,0
0,0,0,0,0
0,0,0,0,0
0,0,0,0,0
0,0,0,0,0
0,0,0,0,0
0,0,0,0,0
0,0,0,0,0
0,0,0,0,0
0,0,0,0,0
0,0,0,0,0
0,0,0,0,0
0,0,0,0,0
0,0,0,0,0
0,0,0,0,0
0,0,0,0,0
0,0,0,0,0
0,0,0,0,0
0,0,0,0,0
0,0,0,0,0
0,0,0,0,0
0,0,0,0,0
0,0,0,0,0
0,0,0,0,0
0,0,0,0,0
0,0,0,0,0
0,0,0,0,0
0,0,0,0,0
0,0,0,0,0
0,0,0,0,0
0,0,0,0,0
0,0,0,0,0
0,0,0,0,0
0,0,0,0,0
0,0,0,0,0
0,0,0,0,0
0,0,0,0,0
0,0,0,0,0
0,0,0,0,0
0,0,0,0,0
0,0,0,0,0
0,0,0,0,0
0,0,0,0,0
0,0,0,0,0
0,0,0,0,0
0,0,0,0,0
0,0,0,0,0
0,0,0,0,0
0,0,0,0,0
0,0,0,0,0
0,0,0,0,0
0,0,0,0,0
0,0,0,0,0
0,0,0,0,0
0,0,0,0,0
0,0,0,0,0
0,0,0,0,0
0,0,0,0,0
0,0,0,0,0
0,0,0,0,0
0,0,0,0,0
0,0,0,0,0
0,0,0,0,0
0,0,0,0,0
0,0,0,0,0
0,0,0,0,0
0,0,0,0,0
0,0,0,0,0
0,0,0,0,0
0,0,0,0,0
0,0,0,0,0
0,0,0,0,0
0,0,0,0,0
0,0,0,0,0
0,0,0,0,0
0,0,0,0,0
0,0,0,0,0
0,0,0,0,0
0,0,0,0,0
0,0,0,0,0
0,0,0,0,0
0,0,0,0,0
0,0,0,0,0
0,0,0,0,0
0,0,0,0,0
0,0,0,0,0
0,0,0,0,0
0,0,0,0,0
0,0,0,0,0
0,0,0,0,0
0,0,0,0,0
0,0,0,0,0
0,0,0,0,0
0,0,0,0,0
0,0,0,0,0
0,0,0,0,0
0,0,0,0,0
0,0,0,0,0
0,0,0,0,0
0,0,0,0,0
0,0,0,0,0
0,0,0,0,0
0,0,0,0,0
0,0,0,0,0
0,0,0,0,0
0,0,0,0,0
0,0,0,0,0
0,0,0,0,0
0,0,0,0,0
0,0,0,0,0
0,0,0,0,0
0,0,0,0,0
0,0,0,0,0
0,0,0,0,0
0,0,0,0,0
0,0,0,0,0
0,0,0,0,0
0,0,0,0,0
0,0,0,0,0
0,0,0,0,0
0,0,0,0,0
0,0,0,0,0
0,0,0,0,0
0,0,0,0,0
0,0,0,0,0
0,0,0,0,0
0,0,0,0,0
0,0,0,0,0
0,0,0,0,0
0,0,0,0,0
0,0,0,0,0
0,0,0,0,0
0,0,0,0,0
0,0,0,0,0
0,0,0,0,0
0,0,0,0,0
0,0,0,0,0
0,0,0,0,0
0,0,0,0,0
0,0,0,0,0
0,0,0,0,0
0,0,0,0,0
0,0,0,0,0
0,0,0,0,0
0,0,0,0,0
0,0,0,0,0
0,0,0,0,0
0,0,0,0,0
0,0,0,0,0
0,0,0,0,0
0,0,0,0,0
0,0,0,0,0
0,0,0,0,0
0,0,0,0,0
0,0,0,0,0
0,0,0,0,0
0,0,0,0,0
0,0,0,0,0
0,0,0,0,0
0,0,0,0,0
0,0,0,0,0
0,0,0,0,0
0,0,0,0,0
0,0,0,0,0
0,0,0,0,0
0,0,0,0,0
0,0,0,0,0
0,0,0,0,0
0,0,0,0,0
0,0,0,0,0
0,0,0,0,0
0,0,0,0,0
0,0,0,0,0
0,0,0,0,0
0,0,0,0,0
0,0,0,0,0
0,0,0,0,0
0,0,0,0,0
0,0,0,0,0
0,0,0,0,0
0,0,0,0,0
0,0,0,0,0
0,0,0,0,0
0,0,0,0,0
0,0,0,0,0
0,0,0,0,0
0,0,0,0,0
0,0,0,0,0
0,0,0,0,0
0,0,0,0,0
0,0,0,0,0
0,0,0,0,0
0,0,0,0,0
0,0,0,0,0
0,0,0,0,0
0,0,0,0,0
0,0,0,0,0
0,0,0,0,0
0,0,0,0,0
0,0,0,0,0
0,0,0,0,0
0,0,0,0,0
0,0,0,0,0
0,0,0,0,0
0,0,0,0,0
0,0,0,0,0
0,0,0,0,0
0,0,0,0,0
0,0,0,0,0
0,0,0,0,0
0,0,0,0,0
0,0,0,0,0
0,0,0,0,0
0,0,0,0,0
0,0,0,0,0
0,0,0,0,0
0,0,0,0,0
0,0,0,0,0
0,0,0,0,0
0,0,0,0,0
0,0,0,0,0
0,0,0,0,0
0,0,0,0,0
0,0,0,0,0
0,0,0,0,0
0,0,0,0,0
0,0,0,0,0
0,0,0,0,0
0,0,0,0,0
0,0,0,0,0
0,0,0,0,0
0,0,0,0,0
0,0,0,0,0
0,0,0,0,0
0,0,0,0,0
0,0,0,0,0
0,0,0,0,0
0,0,0,0,0
0,0,0,0,0
0,0,0,0,0
0,0,0,0,0
0,0,0,0,0
0,0,0,0,0
0,0,0,0,0
0,0,0,0,0
0,0,0,0,0
0,0,0,0,0
0,0,0,0,0
0,0,0,0,0
0,0,0,0,0
0,0,0,0,0
0,0,0,0,0
0,0,0,0,0
0,0,0,0,0
0,0,0,0,0
0,0,0,0,0
0,0,0,0,0
0,0,0,0,0
0,0,0,0,0
0,0,0,0,0
0,0,0,0,0
0,0,0,0,0
0,0,0,0,0
0,0,0,0,0
0,0,0,0,0
0,0,0,0,0
0,0,0,0,0
0,0,0,0,0
0,0,0,0,0
0,0,0,0,0
0,0,0,0,0
0,0,0,0,0
0,0,0,0,0
0,0,0,0,0
0,0,0,0,0
0,0,0,0,0
0,0,0,0,0
0,0,0,0,0
0,0,0,0,0
0,0,0,0,0
0,0,0,0,0
0,0,0,0,0
0,0,0,0,0
0,0,0,0,0
0,0,0,0,0
0,0,0,0,0
0,0,0,0,0
0,0,0,0,0
0,0,0,0,0
0,0,0,0,0
0,0,0,0,0
0,0,0,0,0
0,0,0,0,0
0,0,0,0,0
0,0,0,0,0
0,0,0,0,0
0,0,0,0,0
0,0,0,0,0
0,0,0,0,0
0,0,0,0,0
0,0,0,0,0
0,0,0,0,0
0,0,0,0,0
0,0,0,0,0
0,0,0,0,0
0,0,0,0,0
0,0,0,0,0
0,0,0,0,0
0,0,0,0,0
0,0,0,0,0
0,0,0,0,0
0,0,0,0,0
0,0,0,0,0
0,0,0,0,0
0,0,0,0,0
0,0,0,0,0
0,0,0,0,0
0,0,0,0,0
0,0,0,0,0
0,0,0,0,0
0,0,0,0,0
0,0,0,0,0
0,0,0,0,0
0,0,0,0,0
0,0,0,0,0
0,0,0,0,0
0,0,0,0,0
0,0,0,0,0
0,0,0,0,0
0,0,0,0,0
0,0,0,0,0
0,0,0,0,0
0,0,0,0,0
0,0,0,0,0
0,0,0,0,0
0,0,0,0,0
0,0,0,0,0
0,0,0,0,0
0,0,0,0,0
0,0,0,0,0
0,0,0,0,0
0,0,0,0,0
0,0,0,0,0
0,0,0,0,0
0,0,0,0,0
0,0,0,0,0
0,0,0,0,0
0,0,0,0,0
0,0,0,0,0
0,0,0,0,0
0,0,0,0,0
0,0,0,0,0
0,0,0,0,0
0,0,0,0,0
0,0,0,0,0
0,0,0,0,0
0,0,0,0,0
0,0,0,0,0
0,0,0,0,0
0,0,0,0,0
0,0,0,0,0
0,0,0,0,0
0,0,0,0,0
0,0,0,0,0
0,0,0,0,0
0,0,0,0,0
0,0,0,0,0
0,0,0,0,0
0,0,0,0,0
0,0,0,0,0
0,0,0,0,0
0,0,0,0,0
0,0,0,0,0
0,0,0,0,0
0,0,0,0,0
0,0,0,0,0
0,0,0,0,0
0,0,0,0,0
0,0,0,0,0
0,0,0,0,0
0,0,0,0,0
0,0,0,0,0
0,0,0,0,0
0,0,0,0,0
0,0,0,0,0
0,0,0,0,0
0,0,0,0,0
0,0,0,0,0
0,0,0,0,0
0,0,0,0,0
0,0,0,0,0
0,0,0,0,0
0,0,0,0,0
0,0,0,0,0
0,0,0,0,0
0,0,0,0,0
0,0,0,0,0
0,0,0,0,0
0,0,0,0,0
0,0,0,0,0
0,0,0,0,0
0,0,0,0,0
0,0,0,0,0
0,0,0,0,0
0,0,0,0,0
0,0,0,0,0
0,0,0,0,0
0,0,0,0,0
0,0,0,0,0
0,0,0,0,0
0,0,0,0,0
0,0,0,0,0
0,0,0,0,0
0,0,0,0,0
0,0,0,0,0
0,0,0,0,0
0,0,0,0,0
0,0,0,0,0
0,0,0,0,0
0,0,0,0,0
0,0,0,0,0
0,0,0,0,0
0,0,0,0,0
0,0,0,0,0
0,0,0,0,0
0,0,0,0,0
0,0,0,0,0
0,0,0,0,0
0,0,0,0,0
0,0,0,0,0
0,0,0,0,0
0,0,0,0,0
0,0,0,0,0
0,0,0,0,0
0,0,0,0,0
0,0,0,0,0
0,0,0,0,0
0,0,0,0,0
0,0,0,0,0
0,0,0,0,0
0,0,0,0,0
0,0,0,0,0
0,0,0,0,0
0,0,0,0,0
0,0,0,0,0
0,0,0,0,0
0,0,0,0,0
0,0,0,0,0
0,0,0,0,0
0,0,0,0,0
0,0,0,0,0
0,0,0,0,0
0,0,0,0,0
0,0,0,0,0
0,0,0,0,0
0,0,0,0,0
0,0,0,0,0
0,0,0,0,0
0,0,0,0,0
0,0,0,0,0
0,0,0,0,0
0,0,0,0,0
0,0,0,0,0
0,0,0,0,0
0,0,0,0,0
0,0,0,0,0
0,0,0,0,0
0,0,0,0,0
0,0,0,0,0
0,0,0,0,0
0,0,0,0,0
0,0,0,0,0
0,0,0,0,0
0,0,0,0,0
0,0,0,0,0
0,0,0,0,0
0,0,0,0,0
0,0,0,0,0
0,0,0,0,0
0,0,0,0,0
0,0,0,0,0
0,0,0,0,0
0,0,0,0,0
0,0,0,0,0
0,0,0,0,0
0,0,0,0,0
0,0,0,0,0
0,0,0,0,0
0,0,0,0,0
0,0,0,0,0
0,0,0,0,0
0,0,0,0,0
0,0,0,0,0
0,0,0,0,0
0,0,0,0,0
0,0,0,0,0
0,0,0,0,0
0,0,0,0,0
0,0,0,0,0
0,0,0,0,0
0,0,0,0,0
0,0,0,0,0
0,0,0,0,0
0,0,0,0,0
0,0,0,0,0
0,0,0,0,0
0,0,0,0,0
0,0,0,0,0
0,0,0,0,0
0,0,0,0,0
0,0,0,0,0
0,0,0,0,0
0,0,0,0,0
0,0,0,0,0
0,0,0,0,0
0,0,0,0,0
0,0,0,0,0
0,0,0,0,0
0,0,0,0,0
0,0,0,0,0
0,0,0,0,0
0,0,0,0,0
0,0,0,0,0
0,0,0,0,0
0,0,0,0,0
0,0,0,0,0
0,0,0,0,0
0,0,0,0,0
0,0,0,0,0
0,0,0,0,0
0,0,0,0,0
0,0,0,0,0
0,0,0,0,0
0,0,0,0,0
0,0,0,0,0
0,0,0,0,0
0,0,0,0,0
0,0,0,0,0
0,0,0,0,0
0,0,0,0,0
0,0,0,0,0
0,0,0,0,0
0,0,0,0,0
0,0,0,0,0
0,0,0,0,0
0,0,0,0,0
0,0,0,0,0
0,0,0,0,0
0,0,0,0,0
0,0,0,0,0
0,0,0,0,0
0,0,0,0,0
0,0,0,0,0
0,0,0,0,0
0,0,0,0,0
0,0,0,0,0
0,0,0,0,0
0,0,0,0,0
0,0,0,0,0
0,0,0,0,0
0,0,0,0,0
0,0,0,0,0
0,0,0,0,0
0,0,0,0,0
0,0,0,0,0
0,0,0,0,0
0,0,0,0,0
0,0,0,0,0
0,0,0,0,0
0,0,0,0,0
0,0,0,0,0
0,0,0,0,0
0,0,0,0,0
0,0,0,0,0
0,0,0,0,0
0,0,0,0,0
