0,팬츠,long,black,loose
1,청바지,long,blue,normal
3,청바지,long,blue,normal
5,팬츠,long,white,tight
7,팬츠,long,white,tight
15,팬츠,long,white,tight
17,팬츠,long,white,tight
18,팬츠,long,white,tight
21,팬츠,long,white,tight
23,청바지,long,blue,normal
24,청바지,long,navy,tight
25,청바지,long,blue,normal
27,청바지,long,navy,tight
28,청바지,long,navy,tight
29,청바지,long,blue,normal
30,청바지,long,navy,tight
31,청바지,long,navy,tight
32,청바지,long,blue,normal
35,청바지,long,blue,normal
40,청바지,long,navy,tight
41,청바지,long,navy,tight
43,청바지,middle,,normal
44,팬츠,long,black,normal
47,팬츠,long,black,normal
50,팬츠,long,black,normal
51,팬츠,long,black,normal
52,팬츠,long,black,normal
55,팬츠,long,white,normal
57,팬츠,long,white,normal
58,팬츠,long,white,normal
59,팬츠,long,white,normal
60,팬츠,long,white,normal
61,팬츠,long,white,normal
62,청바지,long,blue,normal
63,청바지,long,blue,normal
68,팬츠,long,white,normal
69,팬츠,long,white,normal
70,팬츠,long,,tight
71,팬츠,long,white,normal
72,팬츠,long,white,normal
74,팬츠,long,white,normal
78,청바지,long,blue,tight
79,청바지,long,blue,tight
81,청바지,long,blue,tight
83,청바지,long,blue,tight
84,팬츠,long,,tight
85,청바지,long,blue,tight
87,팬츠,long,navy,loose
88,팬츠,long,navy,loose
89,팬츠,long,navy,loose
90,팬츠,long,navy,loose
91,팬츠,long,black,loose
92,팬츠,long,black,normal
93,팬츠,long,black,normal
94,팬츠,long,black,loose
95,팬츠,long,black,loose
96,팬츠,long,black,normal
97,팬츠,long,black,loose
98,팬츠,long,black,normal
99,팬츠,long,black,loose
100,팬츠,long,black,normal
101,팬츠,long,black,loose
102,팬츠,long,black,loose
103,팬츠,long,black,loose
104,팬츠,long,black,normal
105,팬츠,long,grey,normal
106,팬츠,long,grey,normal
107,팬츠,long,grey,normal
108,팬츠,long,grey,normal
109,팬츠,long,grey,normal
110,팬츠,long,grey,normal
111,팬츠,long,brown,loose
112,팬츠,long,brown,loose
113,팬츠,long,brown,loose
114,팬츠,long,brown,loose
115,팬츠,long,brown,loose
116,팬츠,long,brown,loose
117,팬츠,long,brown,loose
118,팬츠,long,brown,normal
119,팬츠,long,brown,loose
120,팬츠,long,grey,loose
121,팬츠,long,brown,normal
122,팬츠,long,grey,loose
123,팬츠,long,brown,normal
124,팬츠,long,brown,normal
125,팬츠,long,brown,loose
126,팬츠,long,brown,normal
127,팬츠,long,grey,loose
128,팬츠,long,brown,normal
130,팬츠,long,brown,loose
131,팬츠,long,brown,loose
132,팬츠,long,grey,loose
133,팬츠,long,grey,loose
134,팬츠,long,brown,normal
135,팬츠,long,grey,loose
136,팬츠,long,brown,loose
137,팬츠,long,grey,loose
139,팬츠,long,grey,loose
140,팬츠,middle,grey,loose
141,팬츠,long,grey,loose
142,팬츠,long,grey,loose
143,팬츠,middle,grey,loose
144,팬츠,long,black,loose
145,팬츠,long,black,loose
146,팬츠,long,black,loose
147,팬츠,long,black,loose
148,팬츠,long,skyblue,normal
149,팬츠,long,skyblue,normal
150,팬츠,long,skyblue,normal
151,팬츠,long,skyblue,normal
152,팬츠,long,silver,loose
153,팬츠,long,silver,loose
154,팬츠,long,silver,loose
157,팬츠,long,silver,loose
158,팬츠,long,silver,loose
159,팬츠,short,beige,loose
161,팬츠,short,beige,loose
162,팬츠,short,beige,loose
163,팬츠,short,beige,loose
164,팬츠,short,beige,loose
165,팬츠,short,beige,loose
166,팬츠,long,black,normal
170,팬츠,long,black,normal
171,팬츠,long,black,normal
172,팬츠,short,beige,loose
173,팬츠,short,beige,loose
174,팬츠,short,beige,loose
175,팬츠,short,beige,loose
176,팬츠,short,beige,loose
177,팬츠,long,grey,loose
178,팬츠,long,grey,loose
179,팬츠,long,grey,loose
180,팬츠,long,grey,loose
181,팬츠,long,grey,loose
182,팬츠,long,grey,loose
183,팬츠,long,grey,loose
184,팬츠,long,grey,loose
185,팬츠,long,black,normal
186,팬츠,long,black,normal
187,팬츠,long,black,normal
188,팬츠,long,black,loose
189,팬츠,long,black,loose
190,팬츠,long,black,loose
191,팬츠,long,silver,loose
192,팬츠,long,silver,loose
193,팬츠,long,silver,loose
194,팬츠,long,silver,loose
195,팬츠,long,silver,loose
196,팬츠,long,silver,loose
197,팬츠,long,silver,loose
198,팬츠,long,silver,loose
199,팬츠,long,grey,loose
200,팬츠,long,beige,loose
201,팬츠,long,black,loose
202,팬츠,long,kakki,loose
203,팬츠,long,beige,loose
204,팬츠,long,kakki,loose
205,팬츠,long,kakki,loose
206,팬츠,long,kakki,loose
207,팬츠,long,beige,loose
208,팬츠,long,kakki,loose
209,팬츠,long,grey,loose
210,팬츠,long,grey,loose
211,팬츠,long,kakki,loose
212,팬츠,long,beige,loose
213,팬츠,long,beige,loose
214,팬츠,long,grey,loose
215,팬츠,long,kakki,loose
216,팬츠,long,grey,loose
217,팬츠,long,beige,loose
218,팬츠,long,kakki,loose
219,팬츠,long,brown,loose
220,팬츠,long,brown,loose
221,팬츠,long,grey,loose
222,팬츠,long,grey,loose
223,팬츠,long,grey,loose
224,팬츠,long,grey,loose
225,팬츠,long,grey,loose
226,팬츠,long,grey,loose
227,팬츠,long,beige,loose
228,팬츠,long,beige,loose
229,팬츠,long,beige,loose
230,팬츠,long,beige,loose
231,팬츠,long,beige,loose
232,팬츠,long,beige,loose
233,팬츠,long,brown,loose
234,팬츠,long,brown,loose
235,팬츠,long,brown,loose
236,팬츠,long,brown,loose
237,팬츠,long,brown,loose
238,팬츠,long,brown,loose
239,팬츠,long,black,loose
240,팬츠,long,black,loose
241,팬츠,long,black,loose
242,팬츠,long,black,loose
243,팬츠,long,black,loose
244,팬츠,long,black,loose
245,팬츠,long,black,loose
246,팬츠,long,black,loose
247,팬츠,long,black,loose
248,팬츠,long,pink,loose
249,팬츠,long,pink,loose
250,팬츠,long,pink,loose
251,팬츠,long,pink,loose
252,팬츠,long,pink,loose
253,팬츠,long,pink,loose
254,팬츠,long,pink,loose
255,팬츠,long,grey,loose
256,팬츠,long,grey,normal
257,팬츠,long,grey,normal
258,팬츠,long,grey,loose
259,팬츠,long,grey,loose
260,팬츠,long,grey,normal
261,팬츠,long,grey,loose
262,팬츠,long,grey,loose
263,팬츠,long,grey,loose
264,팬츠,long,grey,loose
265,팬츠,long,grey,loose
266,팬츠,long,grey,loose
267,팬츠,long,grey,loose
268,팬츠,long,grey,loose
269,팬츠,long,grey,loose
270,팬츠,long,navy,loose
271,팬츠,long,black,loose
272,팬츠,long,pink,normal
273,팬츠,long,beige,normal
275,팬츠,long,beige,normal
277,팬츠,long,black,normal
278,팬츠,long,beige,normal
279,팬츠,long,black,normal
287,청바지,long,navy,tight
307,팬츠,long,white,normal
312,팬츠,long,white,normal
320,팬츠,long,,normal
325,팬츠,long,black,normal
326,팬츠,long,black,normal
327,팬츠,long,,normal
329,팬츠,long,black,loose
330,팬츠,long,black,loose
331,팬츠,long,black,loose
332,팬츠,long,black,loose
333,팬츠,long,black,loose
334,팬츠,long,black,loose
335,팬츠,long,grey,loose
336,팬츠,long,grey,loose
337,팬츠,long,grey,loose
338,팬츠,long,grey,loose
339,팬츠,long,grey,loose
340,팬츠,long,grey,loose
341,팬츠,long,grey,loose
344,팬츠,long,black,tight
345,팬츠,,black,
346,팬츠,long,black,tight
347,팬츠,long,black,tight
348,팬츠,long,black,tight
350,팬츠,,black,
351,팬츠,long,black,tight
354,팬츠,long,black,normal
356,팬츠,long,black,normal
357,팬츠,long,black,normal
359,팬츠,long,beige,loose
360,팬츠,long,beige,normal
362,팬츠,long,,loose
369,팬츠,long,beige,normal
374,팬츠,long,beige,loose
382,팬츠,long,,loose
384,팬츠,middle,beige,loose
386,팬츠,middle,beige,loose
390,팬츠,long,beige,normal
396,팬츠,long,grey,loose
402,팬츠,long,beige,normal
405,팬츠,long,grey,loose
406,팬츠,long,beige,normal
421,팬츠,long,beige,loose
435,팬츠,long,beige,loose
437,팬츠,long,black,loose
440,팬츠,long,black,loose
441,팬츠,long,black,loose
444,팬츠,long,white,loose
446,팬츠,long,white,loose
451,팬츠,long,white,normal
457,팬츠,long,white,normal
458,팬츠,long,white,normal
460,팬츠,long,white,normal
463,팬츠,long,white,normal
466,팬츠,long,white,normal
467,팬츠,long,white,normal
468,팬츠,long,white,normal
471,팬츠,long,white,normal
472,팬츠,long,white,normal
474,팬츠,long,white,normal
478,팬츠,long,white,normal
483,팬츠,long,grey,loose
484,팬츠,long,grey,loose
485,팬츠,long,grey,loose
486,팬츠,long,grey,loose
487,팬츠,long,grey,loose
488,팬츠,long,grey,loose
489,팬츠,long,grey,loose
490,팬츠,long,grey,loose
491,팬츠,long,grey,loose
492,팬츠,long,black,normal
493,팬츠,long,black,normal
494,팬츠,long,black,loose
495,팬츠,long,black,normal
496,팬츠,long,black,loose
497,팬츠,long,black,normal
498,팬츠,long,black,normal
499,팬츠,long,black,normal
500,팬츠,long,black,normal
501,팬츠,long,black,normal
502,팬츠,long,black,normal
503,팬츠,long,black,normal
504,팬츠,long,wine,normal
505,팬츠,long,wine,normal
506,팬츠,long,wine,normal
507,팬츠,long,kakki,normal
508,팬츠,long,kakki,normal
509,팬츠,long,wine,normal
510,팬츠,long,kakki,normal
511,팬츠,long,wine,normal
512,팬츠,long,kakki,normal
513,팬츠,long,kakki,normal
514,팬츠,long,wine,normal
515,팬츠,long,wine,normal
516,팬츠,long,kakki,normal
517,팬츠,long,wine,normal
518,팬츠,long,kakki,normal
519,팬츠,long,kakki,normal
520,팬츠,long,wine,normal
521,팬츠,long,kakki,normal
522,팬츠,long,kakki,normal
523,팬츠,long,wine,normal
524,팬츠,long,wine,normal
525,팬츠,short,brown,loose
526,팬츠,short,brown,loose
527,팬츠,short,brown,loose
528,팬츠,short,brown,loose
529,팬츠,short,brown,loose
530,팬츠,short,brown,loose
531,팬츠,short,brown,loose
532,팬츠,short,brown,loose
533,팬츠,short,brown,loose
534,팬츠,short,brown,loose
535,팬츠,short,brown,loose
536,팬츠,short,brown,loose
537,팬츠,short,brown,loose
538,팬츠,short,brown,loose
539,팬츠,short,brown,loose
540,팬츠,short,brown,loose
541,팬츠,short,brown,loose
542,팬츠,short,brown,loose
543,팬츠,short,brown,loose
544,팬츠,short,brown,loose
545,팬츠,short,brown,loose
546,팬츠,short,brown,loose
547,팬츠,short,brown,loose
548,팬츠,long,grey,loose
549,팬츠,long,grey,loose
550,팬츠,long,grey,loose
551,팬츠,long,grey,loose
552,팬츠,long,grey,loose
553,팬츠,long,grey,loose
554,팬츠,long,grey,loose
555,팬츠,long,grey,loose
556,팬츠,long,grey,loose
557,팬츠,middle,navy,loose
558,팬츠,middle,navy,loose
559,팬츠,middle,navy,loose
560,팬츠,middle,navy,loose
561,팬츠,middle,navy,loose
562,팬츠,middle,navy,loose
563,팬츠,long,navy,normal
564,팬츠,long,navy,normal
565,팬츠,long,navy,normal
566,팬츠,long,navy,normal
567,팬츠,long,navy,normal
568,팬츠,long,navy,normal
569,팬츠,long,navy,normal
570,팬츠,long,navy,normal
571,팬츠,long,navy,normal
572,팬츠,long,navy,normal
573,팬츠,middle,grey,loose
574,팬츠,middle,grey,loose
575,팬츠,middle,grey,loose
576,팬츠,middle,grey,loose
577,팬츠,middle,grey,loose
578,팬츠,middle,grey,loose
579,팬츠,middle,grey,loose
580,팬츠,middle,grey,loose
581,팬츠,long,black,normal
582,팬츠,long,black,normal
583,팬츠,long,black,normal
584,팬츠,long,black,normal
585,팬츠,long,black,normal
586,팬츠,long,black,normal
587,팬츠,long,black,normal
588,팬츠,long,black,normal
589,팬츠,long,black,normal
590,팬츠,long,black,normal
591,팬츠,long,black,normal
592,팬츠,long,black,normal
593,팬츠,long,black,normal
594,팬츠,long,black,normal
595,팬츠,long,black,normal
596,팬츠,long,black,normal
597,팬츠,long,grey,loose
598,팬츠,long,grey,loose
599,팬츠,long,grey,loose
600,팬츠,long,grey,loose
601,팬츠,long,grey,loose
602,팬츠,long,grey,loose
603,팬츠,long,grey,loose
604,팬츠,long,grey,loose
605,팬츠,long,grey,normal
606,팬츠,long,grey,normal
607,팬츠,long,grey,normal
608,팬츠,long,grey,normal
609,팬츠,long,grey,normal
610,팬츠,long,grey,normal
611,팬츠,long,grey,normal
612,팬츠,long,pink,normal
613,팬츠,long,grey,normal
614,팬츠,long,pink,normal
615,팬츠,long,pink,normal
616,팬츠,long,pink,normal
617,팬츠,long,pink,normal
618,팬츠,long,pink,normal
619,팬츠,long,pink,normal
620,팬츠,long,beige,loose
621,팬츠,long,beige,loose
622,팬츠,long,beige,loose
623,팬츠,long,pink,loose
624,팬츠,long,beige,loose
625,팬츠,long,beige,loose
626,팬츠,long,pink,loose
627,팬츠,long,pink,loose
628,팬츠,long,beige,loose
629,팬츠,long,beige,loose
630,팬츠,long,pink,loose
631,팬츠,long,pink,loose
632,팬츠,long,pink,loose
633,팬츠,long,beige,loose
634,팬츠,long,beige,loose
635,팬츠,long,grey,loose
636,팬츠,long,grey,loose
637,팬츠,long,grey,loose
638,팬츠,long,grey,loose
639,팬츠,long,grey,loose
640,팬츠,long,grey,loose
641,팬츠,long,black,normal
642,팬츠,long,black,normal
643,팬츠,long,black,normal
644,팬츠,long,black,normal
645,팬츠,long,grey,normal
646,팬츠,long,grey,normal
647,팬츠,long,grey,normal
648,팬츠,long,brown,normal
649,팬츠,long,grey,normal
650,팬츠,long,grey,normal
651,팬츠,long,grey,normal
652,팬츠,long,grey,normal
653,팬츠,long,grey,normal
654,팬츠,long,grey,normal
655,팬츠,long,grey,loose
656,팬츠,long,grey,loose
657,팬츠,long,kakki,loose
658,팬츠,long,grey,loose
659,팬츠,long,kakki,loose
660,팬츠,long,grey,loose
661,팬츠,long,kakki,loose
662,팬츠,long,grey,loose
663,팬츠,long,grey,loose
664,팬츠,long,kakki,loose
665,팬츠,long,kakki,loose
666,팬츠,long,grey,loose
667,팬츠,long,grey,loose
668,팬츠,long,kakki,loose
669,팬츠,long,kakki,loose
670,팬츠,long,grey,loose
671,팬츠,long,grey,loose
672,팬츠,long,kakki,loose
673,팬츠,long,grey,loose
674,팬츠,long,kakki,loose
675,팬츠,long,grey,loose
676,팬츠,long,kakki,loose
677,팬츠,long,grey,loose
678,팬츠,long,grey,loose
679,,,black,
680,,,black,
681,팬츠,long,black,loose
682,,,black,
683,,,black,
684,,,black,
685,,,black,
686,,,black,
687,,,black,
688,,,black,
689,,,black,
690,조거팬츠,long,black,normal
691,조거팬츠,long,black,normal
692,조거팬츠,long,black,normal
693,조거팬츠,long,black,normal
694,조거팬츠,long,black,normal
695,조거팬츠,long,black,normal
696,조거팬츠,long,black,normal
697,조거팬츠,long,black,normal
698,조거팬츠,long,black,normal
699,조거팬츠,long,black,normal
701,팬츠,long,beige,normal
702,팬츠,long,beige,loose
703,팬츠,long,beige,normal
705,팬츠,long,beige,loose
711,팬츠,long,beige,loose
712,팬츠,long,beige,loose
716,팬츠,long,kakki,normal
718,팬츠,long,kakki,normal
719,팬츠,long,kakki,normal
720,팬츠,long,kakki,normal
721,팬츠,long,kakki,normal
722,팬츠,long,kakki,normal
725,팬츠,long,kakki,normal
726,팬츠,long,kakki,normal
728,팬츠,long,kakki,normal
732,팬츠,long,kakki,loose
733,팬츠,long,white,normal
734,팬츠,long,white,normal
735,팬츠,long,white,normal
736,스커트,long,beige,loose
737,스커트,long,beige,loose
738,스커트,long,beige,loose
739,스커트,long,beige,loose
740,스커트,long,beige,loose
741,스커트,long,beige,loose
742,스커트,long,beige,loose
743,스커트,long,beige,loose
744,스커트,long,beige,loose
745,스커트,long,beige,loose
746,스커트,long,beige,loose
747,스커트,long,beige,loose
748,스커트,long,beige,loose
749,스커트,long,beige,loose
750,스커트,long,beige,loose
752,청바지,long,,loose
753,청바지,long,blue,normal
754,청바지,long,navy,normal
759,팬츠,long,white,loose
762,팬츠,long,white,loose
772,팬츠,long,grey,normal
773,팬츠,long,grey,normal
774,팬츠,long,grey,normal
775,팬츠,long,grey,normal
776,팬츠,long,grey,normal
777,팬츠,long,grey,normal
778,팬츠,long,grey,normal
779,팬츠,long,grey,normal
780,팬츠,long,navy,normal
781,팬츠,long,navy,normal
782,팬츠,long,navy,normal
783,팬츠,long,navy,normal
784,팬츠,long,navy,normal
785,팬츠,long,navy,normal
786,팬츠,long,navy,normal
788,팬츠,long,navy,normal
789,팬츠,long,navy,normal
791,팬츠,long,navy,normal
792,팬츠,long,navy,normal
793,팬츠,long,navy,normal
794,팬츠,long,navy,normal
795,팬츠,long,navy,normal
798,팬츠,long,white,loose
799,팬츠,long,white,loose
800,팬츠,long,white,loose
813,팬츠,long,white,loose
816,팬츠,long,black,loose
817,팬츠,long,black,loose
823,팬츠,long,black,normal
824,팬츠,,black,normal
826,팬츠,long,brown,loose
827,팬츠,long,brown,loose
828,팬츠,long,brown,loose
829,팬츠,long,brown,loose
830,팬츠,long,brown,loose
831,팬츠,long,brown,loose
832,팬츠,middle,navy,normal
833,팬츠,middle,navy,normal
834,팬츠,middle,navy,normal
835,팬츠,middle,navy,normal
836,팬츠,middle,navy,normal
837,팬츠,middle,navy,normal
838,팬츠,middle,navy,normal
839,팬츠,middle,navy,normal
840,팬츠,middle,navy,normal
841,팬츠,middle,navy,normal
842,팬츠,middle,navy,normal
843,팬츠,middle,navy,normal
844,팬츠,middle,navy,normal
845,팬츠,middle,navy,normal
846,팬츠,middle,navy,normal
847,팬츠,middle,navy,normal
848,팬츠,middle,navy,normal
849,팬츠,middle,navy,normal
850,팬츠,middle,navy,normal
851,팬츠,middle,navy,normal
852,팬츠,middle,navy,normal
853,팬츠,middle,navy,normal
854,팬츠,middle,navy,normal
855,팬츠,middle,navy,normal
856,팬츠,middle,navy,normal
857,팬츠,middle,navy,normal
858,팬츠,middle,navy,normal
859,팬츠,middle,navy,normal
860,팬츠,long,brown,loose
861,팬츠,long,brown,loose
862,팬츠,,brown,
863,팬츠,long,brown,loose
864,팬츠,,brown,
865,팬츠,,brown,
866,팬츠,long,brown,loose
867,팬츠,,brown,
868,팬츠,long,brown,loose
869,팬츠,,brown,
870,팬츠,long,brown,loose
871,팬츠,,brown,
872,팬츠,,brown,
873,팬츠,,brown,
874,팬츠,,brown,
875,팬츠,,brown,
877,청바지,,blue,
883,팬츠,long,wine,normal
884,팬츠,,wine,
885,팬츠,long,wine,normal
886,팬츠,long,wine,normal
887,팬츠,,wine,
888,팬츠,long,wine,normal
889,팬츠,,wine,
890,팬츠,,wine,
891,팬츠,long,wine,normal
892,팬츠,,wine,
893,팬츠,,wine,
894,팬츠,,wine,
898,팬츠,,wine,
899,팬츠,long,brown,normal
900,팬츠,,wine,
905,팬츠,long,brown,normal
938,팬츠,long,그린,normal
939,팬츠,,그린,
940,팬츠,long,그린,normal
942,팬츠,long,그린,normal
943,팬츠,,그린,
944,팬츠,,그린,
945,팬츠,,그린,
946,팬츠,,그린,
947,팬츠,,그린,
948,팬츠,long,그린,normal
949,팬츠,long,그린,normal
950,팬츠,long,그린,normal
951,팬츠,long,그린,normal
952,,,그린,
953,팬츠,,그린,
954,팬츠,,그린,
955,팬츠,,그린,
956,팬츠,,그린,
957,팬츠,long,그린,normal
958,팬츠,,그린,
959,팬츠,,그린,
960,팬츠,long,그린,normal
967,팬츠,long,black,normal
987,청바지,,navy,tight
988,청바지,,navy,tight
989,청바지,,navy,tight
990,청바지,,navy,tight
991,청바지,,navy,tight
992,청바지,,navy,tight
993,청바지,,navy,tight
994,청바지,long,grey,normal
995,청바지,long,grey,normal
996,청바지,long,grey,normal
997,청바지,long,grey,normal
998,청바지,long,grey,normal
999,청바지,long,grey,normal
1000,팬츠,long,black,loose
1002,팬츠,long,black,loose
1003,팬츠,long,black,loose
1008,팬츠,long,black,loose
1009,팬츠,long,black,loose
1010,팬츠,long,wine,loose
1011,팬츠,long,wine,loose
1013,팬츠,long,wine,loose
1015,팬츠,long,wine,loose
1017,팬츠,long,wine,loose
1018,팬츠,long,wine,loose
1021,팬츠,long,wine,loose
1022,팬츠,long,wine,loose
1026,팬츠,long,wine,loose
1027,팬츠,long,wine,loose
1028,팬츠,long,wine,loose
1029,팬츠,long,wine,loose
1032,팬츠,long,wine,loose
1033,팬츠,long,wine,loose
1034,팬츠,long,wine,loose
1035,팬츠,long,wine,loose
1036,팬츠,long,wine,loose
1037,팬츠,long,wine,loose
1038,팬츠,long,wine,loose
1039,팬츠,long,white,tight
1040,팬츠,long,white,tight
1041,팬츠,,white,tight
1042,팬츠,,white,tight
1043,팬츠,long,white,tight
1044,팬츠,long,white,tight
1046,팬츠,,white,tight
1048,팬츠,,white,tight
1050,팬츠,long,white,tight
1051,팬츠,long,white,tight
1052,팬츠,,white,tight
1053,팬츠,long,white,tight
1054,팬츠,long,white,tight
1055,팬츠,long,white,tight
1057,팬츠,long,white,tight
1061,팬츠,long,white,tight
1063,팬츠,long,white,tight
1064,팬츠,long,white,tight
1065,팬츠,long,white,tight
1066,팬츠,,white,tight
1069,팬츠,long,white,tight
1070,팬츠,long,white,tight
1072,팬츠,long,white,tight
1077,팬츠,,white,tight
1079,팬츠,,white,tight
1086,팬츠,long,white,tight
1087,팬츠,,white,tight
1088,팬츠,long,white,tight
1089,팬츠,short,white,normal
1092,팬츠,short,white,normal
1093,팬츠,short,white,normal
1094,팬츠,short,white,normal
1095,팬츠,short,white,normal
1097,팬츠,short,white,normal
1098,팬츠,short,grey,loose
1099,팬츠,short,grey,loose
1100,팬츠,short,grey,loose
1101,팬츠,short,grey,loose
1102,팬츠,short,grey,loose
1103,팬츠,short,grey,loose
1104,팬츠,short,grey,tight
1105,팬츠,short,grey,tight
1106,팬츠,short,grey,loose
1107,팬츠,short,grey,loose
1108,팬츠,short,grey,loose
1109,팬츠,short,grey,loose
1110,팬츠,short,grey,loose
1111,팬츠,short,grey,loose
1112,팬츠,short,grey,tight
1113,팬츠,short,grey,tight
1114,팬츠,short,grey,loose
1115,팬츠,short,grey,loose
1116,팬츠,short,grey,loose
1117,팬츠,short,grey,loose
1118,팬츠,short,grey,loose
1119,팬츠,short,grey,loose
1120,팬츠,short,grey,loose
1121,팬츠,short,grey,loose
1122,팬츠,short,grey,loose
1123,팬츠,short,grey,loose
1124,팬츠,short,grey,loose
1125,팬츠,short,grey,loose
1126,팬츠,long,beige,normal
1127,팬츠,long,beige,normal
1128,팬츠,long,beige,normal
1129,팬츠,long,beige,normal
1131,팬츠,long,beige,normal
1132,팬츠,long,beige,normal
1133,팬츠,long,beige,normal
1134,팬츠,long,beige,normal
1135,팬츠,long,beige,normal
1137,팬츠,long,beige,normal
1139,팬츠,long,beige,normal
1140,팬츠,long,beige,normal
1141,팬츠,long,beige,normal
1142,팬츠,long,beige,normal
1143,팬츠,long,beige,normal
1144,팬츠,long,beige,normal
1145,팬츠,long,beige,normal
1146,팬츠,long,beige,normal
1147,팬츠,long,beige,normal
1148,팬츠,long,beige,normal
1149,팬츠,long,beige,normal
1150,팬츠,long,beige,normal
1151,팬츠,long,beige,normal
1152,팬츠,long,beige,normal
1153,팬츠,long,beige,normal
1154,팬츠,long,beige,normal
1155,팬츠,long,beige,normal
1156,팬츠,long,beige,normal
1157,팬츠,long,beige,normal
1159,팬츠,long,white,normal
1161,팬츠,long,white,tight
1162,팬츠,long,white,tight
1165,팬츠,long,white,normal
1167,팬츠,long,white,normal
1169,팬츠,long,white,normal
1170,청바지,long,blue,normal
1171,청바지,long,blue,normal
1172,청바지,long,blue,normal
1173,청바지,long,blue,normal
1174,청바지,long,blue,normal
1175,청바지,long,blue,normal
1176,청바지,long,blue,normal
1177,청바지,long,blue,normal
1178,청바지,long,blue,normal
1180,청바지,long,blue,normal
1182,청바지,long,blue,normal
1185,청바지,long,blue,normal
1186,팬츠,long,brown,normal
1187,팬츠,long,brown,normal
1188,팬츠,long,brown,normal
1189,팬츠,long,brown,normal
1190,팬츠,long,brown,normal
1191,팬츠,long,brown,normal
1192,팬츠,long,brown,normal
1193,팬츠,long,brown,normal
1194,팬츠,long,brown,normal
1195,팬츠,long,brown,normal
1196,팬츠,long,brown,normal
1197,팬츠,long,brown,normal
1198,팬츠,long,brown,normal
1199,팬츠,long,brown,normal
1200,팬츠,long,white,normal
1202,팬츠,long,white,normal
1203,팬츠,long,white,normal
1204,팬츠,long,white,normal
1205,팬츠,long,white,normal
1206,팬츠,long,white,normal
1207,팬츠,long,white,normal
1208,팬츠,long,white,normal
1209,팬츠,long,white,normal
1213,팬츠,long,white,normal
1215,팬츠,long,white,normal
1216,팬츠,long,white,normal
1217,팬츠,long,white,normal
1218,팬츠,long,white,normal
1219,팬츠,long,white,normal
1221,팬츠,long,white,normal
1222,팬츠,long,white,normal
1223,팬츠,long,white,normal
1224,팬츠,long,white,normal
1225,팬츠,long,white,normal
1226,팬츠,long,white,normal
1227,팬츠,long,white,normal
1228,팬츠,long,blue,normal
1229,팬츠,long,white,normal
1238,스커트,short,blue,normal
1241,스커트,short,blue,normal
1243,청바지,short,skyblue,normal
1244,청바지,short,skyblue,normal
1245,청바지,short,skyblue,normal
1247,청바지,short,skyblue,normal
1251,청바지,short,skyblue,normal
1253,청바지,short,skyblue,normal
1257,청바지,short,skyblue,normal
1258,청바지,long,white,tight
1259,청바지,long,,tight
1260,청바지,long,,tight
1261,청바지,long,white,tight
1262,청바지,long,,tight
1263,청바지,long,white,tight
1264,팬츠,long,,tight
1272,팬츠,long,black,loose
1274,팬츠,long,black,loose
1275,팬츠,long,black,loose
1276,팬츠,long,black,loose
1277,팬츠,long,black,loose
1279,팬츠,long,black,loose
1280,팬츠,long,blue,normal
1281,팬츠,long,blue,normal
1282,팬츠,long,blue,normal
1290,청바지,long,skyblue,normal
1291,팬츠,long,black,normal
1293,팬츠,short,grey,tight
1294,팬츠,long,black,normal
1297,팬츠,long,black,normal
1298,청바지,long,skyblue,normal
1299,팬츠,short,grey,normal
1302,팬츠,long,black,normal
1304,청바지,long,skyblue,normal
1306,팬츠,long,black,normal
1308,팬츠,long,black,normal
1321,팬츠,long,black,normal
1324,팬츠,long,black,normal
1325,팬츠,long,beige,normal
1340,팬츠,long,black,normal
1344,팬츠,long,black,normal
1345,팬츠,long,black,normal
1348,팬츠,middle,black,normal
1349,팬츠,long,grey,loose
1350,팬츠,long,grey,loose
1351,팬츠,long,grey,loose
1352,팬츠,long,grey,loose
1353,팬츠,long,lavender,loose
1354,팬츠,short,blue,normal
1355,팬츠,short,blue,normal
1356,팬츠,short,blue,normal
1358,팬츠,short,blue,normal
1359,팬츠,short,blue,normal
1360,팬츠,short,blue,normal
1361,팬츠,short,blue,normal
1362,팬츠,short,blue,normal
1363,팬츠,short,beige,normal
1365,팬츠,short,beige,normal
1366,팬츠,short,blue,normal
1367,팬츠,short,blue,normal
1368,팬츠,short,blue,normal
1369,팬츠,short,beige,normal
1370,팬츠,short,beige,normal
1371,팬츠,short,beige,normal
1372,팬츠,short,beige,normal
1373,팬츠,short,beige,normal
1374,팬츠,short,beige,normal
1375,팬츠,short,beige,normal
1376,팬츠,short,beige,normal
1377,청바지,long,blue,tight
1378,청바지,long,blue,tight
1379,청바지,long,blue,tight
1380,청바지,long,blue,tight
1381,청바지,long,blue,tight
1382,청바지,long,blue,tight
1383,청바지,long,blue,tight
1384,청바지,long,blue,tight
1385,청바지,long,blue,tight
1386,청바지,long,blue,tight
1388,청바지,long,blue,tight
1389,청바지,long,blue,tight
1390,청바지,long,blue,tight
1391,청바지,long,blue,tight
1392,청바지,long,blue,tight
1393,청바지,long,blue,tight
1395,청바지,long,blue,tight
1396,청바지,long,blue,tight
1398,청바지,long,blue,tight
1400,청바지,long,blue,tight
1401,청바지,long,blue,tight
1408,청바지,long,blue,tight
1409,청바지,long,blue,tight
1410,청바지,long,blue,tight
1411,청바지,long,blue,tight
1412,청바지,long,blue,tight
1413,청바지,long,blue,tight
1414,청바지,long,blue,tight
1415,청바지,long,blue,tight
1416,청바지,long,blue,tight
1417,청바지,long,blue,tight
1418,청바지,long,blue,tight
1419,청바지,long,blue,tight
1420,청바지,long,blue,tight
1421,청바지,long,blue,tight
1422,청바지,long,blue,tight
1423,청바지,long,blue,tight
1425,청바지,long,blue,tight
1426,청바지,long,blue,tight
1427,청바지,long,blue,tight
1428,청바지,long,blue,tight
1429,청바지,long,blue,tight
1430,청바지,long,blue,tight
1431,청바지,long,blue,tight
1432,청바지,long,blue,tight
1433,청바지,long,blue,tight
1444,청바지,long,blue,loose
1445,청바지,long,blue,loose
1446,청바지,long,blue,loose
1447,청바지,long,blue,loose
1448,청바지,long,blue,loose
1449,청바지,long,blue,loose
1450,청바지,long,blue,loose
1451,청바지,long,blue,loose
1452,청바지,long,blue,loose
1453,청바지,long,blue,loose
1454,청바지,long,blue,loose
1465,팬츠,long,black,normal
1466,팬츠,long,black,normal
1467,팬츠,long,black,normal
1468,,,black,
1469,팬츠,long,black,normal
1470,팬츠,long,black,normal
1471,팬츠,long,black,normal
1472,팬츠,long,black,normal
1474,팬츠,long,pink,loose
1475,팬츠,long,pink,loose
1479,팬츠,long,white,loose
1480,팬츠,long,grey,loose
1482,팬츠,long,grey,loose
1483,팬츠,long,white,loose
1485,팬츠,long,grey,loose
1486,팬츠,long,grey,loose
1487,팬츠,long,beige,loose
1488,팬츠,long,beige,loose
1489,팬츠,long,beige,loose
1490,팬츠,long,beige,loose
1491,팬츠,long,beige,loose
1492,팬츠,long,beige,loose
1493,팬츠,long,beige,loose
1494,팬츠,long,beige,loose
1495,팬츠,long,black,loose
1496,팬츠,long,black,loose
1497,팬츠,long,black,loose
1498,팬츠,long,black,loose
1499,팬츠,long,black,loose
1500,팬츠,long,black,loose
1501,팬츠,long,black,loose
1502,팬츠,long,black,loose
1503,팬츠,long,black,normal
1504,팬츠,long,black,normal
1505,팬츠,long,black,normal
1506,팬츠,long,grey,tight
1507,팬츠,long,grey,tight
1508,팬츠,long,black,normal
1509,팬츠,long,black,normal
1511,팬츠,long,black,normal
1512,팬츠,long,black,normal
1513,팬츠,long,black,normal
1514,팬츠,long,black,normal
1516,팬츠,long,black,normal
1517,팬츠,long,black,normal
1518,팬츠,long,black,normal
1519,팬츠,long,black,normal
1520,팬츠,middle,black,normal
1521,팬츠,middle,black,normal
1522,팬츠,middle,white,normal
1525,팬츠,long,pink,normal
1526,팬츠,long,pink,normal
1527,팬츠,long,pink,normal
1531,팬츠,long,pink,normal
1533,팬츠,long,pink,normal
1534,팬츠,long,pink,normal
1535,팬츠,long,pink,normal
1536,팬츠,long,pink,normal
1537,팬츠,long,pink,normal
1539,팬츠,long,beige,loose
1540,팬츠,long,beige,loose
1541,팬츠,long,beige,loose
1542,팬츠,long,beige,loose
1543,팬츠,long,beige,loose
1544,팬츠,long,beige,loose
1545,팬츠,long,beige,loose
1546,팬츠,long,beige,loose
1547,팬츠,long,beige,loose
1548,팬츠,long,beige,loose
1549,팬츠,long,beige,loose
1550,팬츠,long,beige,loose
1551,팬츠,long,beige,loose
1552,팬츠,long,beige,loose
1553,팬츠,long,beige,loose
1554,팬츠,long,beige,loose
1555,팬츠,long,beige,loose
1556,팬츠,long,beige,loose
1557,팬츠,long,beige,loose
1558,팬츠,long,beige,loose
1559,팬츠,long,beige,loose
1560,팬츠,long,beige,loose
1561,팬츠,long,beige,loose
1562,팬츠,long,beige,loose
1563,팬츠,long,beige,loose
1564,팬츠,long,beige,loose
1565,팬츠,long,beige,loose
1566,팬츠,long,beige,loose
1567,팬츠,long,beige,loose
1568,팬츠,long,beige,loose
1569,팬츠,long,beige,loose
1570,팬츠,long,beige,loose
1571,팬츠,long,beige,loose
1572,팬츠,long,beige,loose
1573,팬츠,long,beige,loose
1574,팬츠,long,beige,loose
1575,팬츠,long,beige,loose
1576,팬츠,long,beige,loose
1577,팬츠,long,beige,loose
1578,팬츠,long,beige,loose
1579,팬츠,long,beige,loose
1580,팬츠,long,beige,loose
1581,팬츠,long,beige,loose
1582,팬츠,long,beige,loose
1583,팬츠,long,beige,loose
1584,팬츠,long,beige,loose
1585,팬츠,long,beige,loose
1586,팬츠,long,beige,normal
1587,팬츠,long,beige,normal
1588,팬츠,long,beige,normal
1589,팬츠,long,beige,normal
1590,팬츠,long,beige,normal
1591,팬츠,long,beige,normal
1592,팬츠,long,beige,normal
1593,팬츠,long,beige,loose
1594,팬츠,long,beige,normal
1595,팬츠,long,silver,normal
1596,팬츠,long,silver,normal
1597,팬츠,long,silver,normal
1598,팬츠,long,silver,normal
1599,팬츠,long,silver,normal
1600,팬츠,long,silver,normal
1601,팬츠,long,pink,normal
1602,팬츠,long,pink,normal
1603,팬츠,long,pink,normal
1604,팬츠,long,pink,normal
1605,팬츠,long,pink,loose
1606,팬츠,long,pink,loose
1607,팬츠,long,pink,loose
1608,팬츠,long,pink,normal
1609,팬츠,long,pink,loose
1610,팬츠,long,pink,normal
1611,팬츠,long,pink,loose
1612,팬츠,long,pink,loose
1613,팬츠,long,pink,loose
1614,팬츠,long,pink,loose
1615,팬츠,long,pink,normal
1616,팬츠,long,pink,loose
1617,팬츠,long,pink,normal
1618,팬츠,long,pink,normal
1619,팬츠,long,pink,loose
1620,팬츠,long,pink,loose
1621,팬츠,long,pink,normal
1622,팬츠,long,pink,loose
1623,팬츠,long,pink,normal
1624,팬츠,long,pink,loose
1625,팬츠,long,pink,loose
1626,팬츠,long,pink,loose
1627,팬츠,long,pink,loose
1628,팬츠,long,pink,normal
1629,팬츠,long,pink,loose
1630,팬츠,long,pink,normal
1631,팬츠,long,pink,loose
1632,팬츠,long,pink,loose
1633,팬츠,long,pink,normal
1634,팬츠,long,pink,loose
1635,팬츠,long,pink,loose
1636,팬츠,long,pink,loose
1637,팬츠,long,pink,loose
1638,팬츠,long,pink,loose
1639,팬츠,long,pink,loose
1640,팬츠,long,pink,loose
1641,팬츠,long,pink,normal
1642,팬츠,long,pink,normal
1643,팬츠,long,pink,loose
1644,팬츠,long,pink,normal
1645,팬츠,long,pink,loose
1646,팬츠,long,black,loose
1647,팬츠,long,black,loose
1648,팬츠,,black,normal
1649,팬츠,,black,normal
1650,팬츠,long,black,loose
1651,팬츠,long,black,loose
1652,팬츠,long,black,loose
1653,팬츠,long,black,loose
1654,팬츠,long,black,loose
1655,팬츠,long,black,loose
1656,팬츠,,black,normal
1657,팬츠,long,black,loose
1658,팬츠,,black,normal
1659,팬츠,,black,normal
1660,팬츠,,black,loose
1661,팬츠,long,black,loose
1662,팬츠,long,black,loose
1663,팬츠,long,black,loose
1664,팬츠,long,black,loose
1665,팬츠,,black,normal
1666,팬츠,long,black,loose
1667,팬츠,,black,normal
1668,팬츠,,black,loose
1669,팬츠,long,black,loose
1670,팬츠,,black,normal
1671,팬츠,long,black,loose
1672,팬츠,long,black,loose
1674,팬츠,long,black,loose
1675,팬츠,long,black,loose
1676,팬츠,,black,normal
1677,팬츠,long,black,loose
1678,팬츠,long,black,loose
1679,팬츠,,black,normal
1680,팬츠,long,black,loose
1681,팬츠,,black,normal
1682,팬츠,,black,normal
1683,팬츠,long,black,loose
1684,팬츠,long,black,loose
1685,팬츠,long,silver,loose
1686,팬츠,long,silver,loose
1687,팬츠,long,silver,loose
1688,팬츠,long,silver,loose
1689,팬츠,long,silver,loose
1690,팬츠,long,silver,loose
1691,팬츠,long,silver,loose
1692,팬츠,long,silver,loose
1693,팬츠,long,silver,loose
1694,팬츠,long,silver,loose
1695,팬츠,long,silver,loose
1696,팬츠,long,silver,loose
1697,팬츠,long,silver,loose
1698,팬츠,long,silver,loose
1699,팬츠,long,silver,loose
1700,팬츠,long,silver,loose
1701,팬츠,long,silver,loose
1702,팬츠,long,silver,loose
1704,팬츠,long,black,normal
1708,팬츠,long,black,normal
1709,팬츠,long,black,normal
1716,팬츠,long,black,loose
1717,청바지,long,blue,loose
1719,청바지,long,blue,loose
1724,팬츠,long,black,normal
1725,팬츠,long,black,normal
1727,팬츠,long,black,normal
1729,팬츠,long,grey,loose
1733,팬츠,long,grey,loose
1736,팬츠,long,black,normal
1737,팬츠,long,black,normal
1738,팬츠,long,grey,loose
1740,팬츠,long,grey,loose
1741,팬츠,long,grey,loose
1744,팬츠,long,kakki,loose
1745,팬츠,long,kakki,loose
1746,팬츠,long,kakki,loose
1747,팬츠,long,kakki,loose
1748,팬츠,long,kakki,loose
1749,팬츠,long,kakki,loose
1751,팬츠,long,black,loose
1755,,,black,
1757,팬츠,long,black,loose
1758,팬츠,long,black,loose
1760,팬츠,long,black,loose
1762,팬츠,middle,black,tight
1763,팬츠,middle,black,tight
1764,팬츠,middle,black,tight
1767,팬츠,middle,black,tight
1768,팬츠,middle,black,tight
1769,팬츠,middle,black,tight
1770,팬츠,middle,black,tight
1772,팬츠,middle,grey,normal
1773,팬츠,middle,grey,normal
1774,팬츠,middle,grey,normal
1775,팬츠,middle,grey,normal
1777,팬츠,middle,grey,normal
1782,팬츠,middle,white,normal
1786,팬츠,long,pink,tight
1787,팬츠,long,pink,tight
1789,팬츠,long,pink,tight
1790,팬츠,long,pink,tight
1791,팬츠,long,pink,tight
1792,청바지,long,blue,tight
1794,청바지,long,blue,tight
1796,청바지,long,blue,tight
1797,청바지,long,blue,tight
1799,스커트,middle,black,normal
1805,스커트,middle,black,normal
1806,스커트,middle,black,normal
1807,팬츠,long,black,normal
1809,팬츠,long,black,normal
1810,팬츠,long,black,loose
1813,팬츠,long,black,loose
1816,팬츠,long,black,normal
1817,팬츠,long,black,normal
1820,팬츠,long,black,loose
1823,팬츠,long,black,normal
1824,팬츠,long,black,loose
1825,팬츠,long,black,loose
1826,팬츠,long,black,normal
1827,팬츠,long,black,loose
1828,팬츠,long,black,normal
1829,팬츠,long,black,normal
1830,팬츠,long,black,normal
1832,팬츠,long,black,normal
1836,팬츠,short,grey,loose
1837,팬츠,short,grey,loose
1838,팬츠,short,grey,loose
1839,팬츠,short,grey,loose
1840,팬츠,short,grey,loose
1841,팬츠,short,grey,tight
1842,팬츠,short,grey,tight
1843,팬츠,long,black,loose
1844,팬츠,long,black,loose
1845,팬츠,middle,,loose
1846,팬츠,middle,beige,loose
1847,팬츠,middle,,loose
1848,팬츠,middle,beige,loose
1849,팬츠,middle,,loose
1850,팬츠,middle,,loose
1852,팬츠,middle,beige,loose
1853,팬츠,long,black,loose
1854,팬츠,long,black,loose
1855,팬츠,long,black,loose
1857,팬츠,long,black,loose
1860,팬츠,long,black,loose
1861,팬츠,long,black,loose
1863,팬츠,long,black,loose
1865,팬츠,long,black,loose
1868,팬츠,long,black,loose
1869,팬츠,long,black,loose
1871,팬츠,long,black,loose
1872,팬츠,long,black,loose
1873,팬츠,long,black,loose
1874,팬츠,long,black,loose
1875,팬츠,long,black,loose
1877,팬츠,long,black,loose
1882,팬츠,long,black,loose
1885,팬츠,long,black,loose
1886,팬츠,long,black,loose
1887,팬츠,long,black,loose
1888,팬츠,,black,loose
1892,팬츠,long,black,loose
1893,팬츠,long,black,loose
1897,팬츠,long,black,loose
1898,팬츠,long,black,loose
1899,팬츠,long,black,loose
1900,청바지,long,blue,normal
1902,청바지,long,blue,normal
1903,청바지,long,blue,normal
1904,청바지,long,blue,normal
1905,청바지,long,blue,normal
1906,청바지,long,blue,normal
1908,청바지,long,blue,normal
1909,청바지,long,blue,normal
1910,청바지,long,blue,normal
1911,청바지,long,blue,normal
1912,청바지,long,blue,normal
1913,청바지,long,blue,normal
1914,청바지,long,blue,normal
1915,청바지,long,blue,normal
1917,청바지,long,blue,normal
1918,청바지,long,blue,normal
1919,청바지,long,blue,normal
1920,청바지,long,blue,normal
1921,청바지,long,blue,normal
1924,팬츠,long,black,normal
1925,팬츠,long,black,normal
1931,팬츠,long,beige,loose
1934,팬츠,long,beige,loose
1935,청바지,long,navy,loose
1939,청바지,long,navy,loose
1942,팬츠,,black,loose
1943,팬츠,,black,loose
1944,팬츠,,black,loose
1946,팬츠,,black,loose
1947,팬츠,,black,loose
1948,팬츠,long,beige,normal
1949,팬츠,long,black,loose
1950,팬츠,long,black,loose
1951,팬츠,long,black,loose
1952,팬츠,long,black,loose
1953,팬츠,long,black,loose
1954,팬츠,long,black,loose
1955,팬츠,long,black,loose
1958,팬츠,long,black,loose
1959,팬츠,long,black,loose
1960,팬츠,long,black,loose
1962,팬츠,long,black,loose
1963,팬츠,long,black,normal
1966,팬츠,long,black,normal
1967,팬츠,long,black,normal
1968,팬츠,long,,normal
1969,팬츠,long,black,normal
1970,팬츠,long,black,normal
1971,,,skyblue,
1972,팬츠,long,beige,loose
1973,청바지,long,skyblue,loose
1975,청바지,long,skyblue,loose
1977,청바지,long,skyblue,loose
1978,청바지,long,skyblue,loose
1982,팬츠,long,white,loose
1983,팬츠,long,white,loose
1985,팬츠,long,white,loose
1987,팬츠,long,white,loose
1989,팬츠,long,black,normal
1990,팬츠,long,black,normal
1992,팬츠,long,black,loose
1993,팬츠,long,black,loose
1995,팬츠,long,black,loose
1996,팬츠,long,black,loose
1998,팬츠,long,black,loose
2002,청바지,long,skyblue,normal
2003,청바지,long,skyblue,normal
2004,청바지,long,blue,normal
2005,청바지,long,blue,normal
2006,팬츠,long,skyblue,normal
2007,청바지,long,blue,normal
2009,청바지,long,blue,normal
2010,청바지,long,blue,normal
2011,청바지,long,blue,normal
2013,청바지,long,blue,normal
2014,청바지,long,blue,normal
2017,팬츠,long,pink,loose
2018,팬츠,long,black,tight
2022,팬츠,long,pink,loose
2023,팬츠,long,pink,loose
2024,팬츠,long,black,tight
2025,팬츠,long,pink,loose
2030,팬츠,long,pink,loose
2031,팬츠,long,black,tight
2032,팬츠,long,black,tight
2033,팬츠,long,white,normal
2034,팬츠,long,white,normal
2035,팬츠,long,grey,tight
2036,팬츠,long,white,normal
2037,팬츠,long,grey,tight
2038,팬츠,long,white,normal
2039,팬츠,long,white,normal
2040,팬츠,long,white,normal
2041,팬츠,long,white,normal
2042,팬츠,long,white,normal
2043,팬츠,long,white,normal
2044,팬츠,long,black,normal
2045,팬츠,long,white,normal
2046,팬츠,long,white,normal
2047,팬츠,long,grey,tight
2048,팬츠,long,white,normal
2049,팬츠,long,white,normal
2050,팬츠,long,black,normal
2051,팬츠,long,white,normal
2053,팬츠,long,black,normal
2055,팬츠,long,grey,tight
2056,팬츠,long,black,normal
2057,팬츠,long,black,normal
2059,팬츠,long,black,normal
2060,팬츠,long,grey,tight
2061,팬츠,long,grey,tight
2062,팬츠,long,black,normal
2063,팬츠,long,black,normal
2064,팬츠,long,black,normal
2065,팬츠,long,grey,tight
2066,팬츠,long,black,normal
2067,팬츠,long,grey,tight
2068,팬츠,long,black,normal
2069,팬츠,long,grey,tight
2070,팬츠,long,grey,tight
2072,팬츠,long,grey,tight
2073,팬츠,long,black,normal
2074,팬츠,long,grey,tight
2075,팬츠,long,grey,tight
2077,팬츠,long,black,normal
2078,팬츠,long,black,normal
2079,팬츠,long,grey,tight
2080,팬츠,long,black,normal
2081,팬츠,long,black,normal
2082,팬츠,long,black,normal
2083,팬츠,long,black,normal
2084,팬츠,long,black,normal
2085,팬츠,long,grey,tight
2086,팬츠,long,black,normal
2087,팬츠,long,black,normal
2088,팬츠,long,black,normal
2090,팬츠,long,black,normal
2091,팬츠,long,black,normal
2092,팬츠,long,black,normal
2094,팬츠,long,grey,tight
2095,팬츠,long,grey,tight
2096,팬츠,long,black,normal
2097,팬츠,long,black,normal
2098,팬츠,long,black,normal
2099,팬츠,long,black,normal
2102,팬츠,long,black,normal
2103,팬츠,long,black,loose
2104,팬츠,long,black,loose
2105,팬츠,long,black,normal
2109,팬츠,long,black,normal
2111,팬츠,long,black,loose
2112,팬츠,long,black,loose
2114,팬츠,long,black,loose
2115,팬츠,long,black,loose
2116,팬츠,long,black,loose
2117,팬츠,long,black,loose
2118,팬츠,long,black,loose
2119,팬츠,long,black,loose
2120,팬츠,long,black,loose
2121,팬츠,long,black,loose
2122,팬츠,long,black,loose
2123,팬츠,long,black,loose
2124,팬츠,long,black,loose
2125,팬츠,long,black,loose
2128,팬츠,long,black,loose
2130,팬츠,long,black,loose
2131,팬츠,long,black,loose
2132,팬츠,long,black,loose
2133,팬츠,long,black,loose
2134,팬츠,long,black,loose
2135,팬츠,long,black,loose
2136,팬츠,long,black,loose
2137,청바지,long,black,tight
2138,청바지,long,black,tight
2139,청바지,,black,tight
2140,청바지,long,black,tight
2141,청바지,long,black,tight
2142,청바지,long,black,tight
2144,청바지,long,black,tight
2145,청바지,long,black,tight
2146,청바지,long,black,tight
2147,청바지,long,black,tight
2148,청바지,long,black,tight
2149,청바지,long,blue,normal
2150,청바지,long,blue,normal
2151,청바지,long,blue,normal
2152,청바지,long,blue,normal
2153,청바지,long,blue,normal
2154,청바지,long,blue,normal
2155,청바지,long,blue,normal
2156,청바지,long,blue,normal
2157,청바지,long,blue,normal
2158,청바지,long,blue,normal
2159,청바지,long,blue,normal
2160,청바지,long,blue,normal
2161,청바지,long,blue,normal
2162,청바지,long,blue,normal
2163,청바지,long,blue,normal
2164,청바지,long,blue,normal
2165,청바지,long,blue,normal
2166,청바지,long,blue,normal
2167,청바지,long,blue,normal
2168,청바지,long,blue,normal
2169,청바지,long,blue,normal
2170,청바지,long,blue,normal
2171,청바지,long,blue,normal
2172,청바지,long,blue,normal
2173,청바지,long,blue,normal
2174,청바지,long,blue,normal
2175,청바지,long,blue,normal
2176,청바지,long,blue,normal
2177,청바지,long,blue,normal
2178,청바지,long,blue,normal
2183,,,white,
2192,,,white,
2193,,,white,
2201,,,white,
2202,,,white,
2207,청바지,short,skyblue,
2208,청바지,short,skyblue,
2209,청바지,short,skyblue,
2216,청바지,short,skyblue,
2222,청바지,short,skyblue,
2224,청바지,short,skyblue,
2227,청바지,short,skyblue,
2228,청바지,short,skyblue,
2229,청바지,short,skyblue,
2230,청바지,short,skyblue,
2232,청바지,short,skyblue,
2233,팬츠,long,black,loose
2234,팬츠,long,black,loose
2235,팬츠,long,black,loose
2236,팬츠,long,black,loose
2237,청바지,long,blue,normal
2238,청바지,long,blue,normal
2239,청바지,long,blue,normal
2240,청바지,long,,normal
2241,청바지,long,,normal
2242,청바지,long,,normal
2244,청바지,long,,normal
2245,청바지,long,blue,normal
2246,팬츠,long,black,normal
2247,팬츠,long,black,normal
2248,팬츠,long,beige,normal
2249,팬츠,long,black,normal
2250,팬츠,long,black,normal
2251,팬츠,long,black,normal
2252,팬츠,long,black,normal
2253,팬츠,long,black,normal
2254,팬츠,long,black,normal
2255,팬츠,long,black,normal
2256,팬츠,long,black,normal
2257,팬츠,long,black,normal
2258,팬츠,long,black,normal
2259,팬츠,long,black,normal
2260,팬츠,long,black,normal
2261,팬츠,long,black,normal
2262,팬츠,long,black,normal
2263,팬츠,long,black,normal
2264,팬츠,long,black,normal
2265,팬츠,long,black,normal
2266,팬츠,long,black,normal
2267,팬츠,long,black,normal
2268,팬츠,long,black,normal
2269,팬츠,long,black,normal
2270,팬츠,long,black,normal
2271,팬츠,long,black,normal
2272,팬츠,long,black,normal
2273,팬츠,long,black,normal
2274,팬츠,long,black,normal
2275,팬츠,long,white,loose
2276,팬츠,long,white,loose
2277,팬츠,long,white,loose
2278,팬츠,long,white,loose
2279,팬츠,long,white,loose
2280,팬츠,long,,loose
2281,팬츠,long,white,loose
2282,팬츠,long,white,loose
2283,팬츠,long,white,loose
2284,팬츠,long,white,loose
2285,팬츠,long,white,loose
2287,청바지,long,skyblue,loose
2290,청바지,long,skyblue,loose
2292,청바지,middle,blue,normal
2294,청바지,middle,blue,normal
2295,청바지,long,skyblue,loose
2296,청바지,long,skyblue,loose
2298,청바지,long,skyblue,loose
2300,청바지,middle,blue,normal
2301,청바지,long,skyblue,loose
2304,청바지,middle,blue,normal
2305,청바지,middle,blue,normal
2306,청바지,middle,blue,normal
2307,청바지,long,skyblue,loose
2308,청바지,long,skyblue,loose
2309,팬츠,long,lavender,loose
2310,청바지,long,skyblue,loose
2311,팬츠,long,lavender,loose
2313,팬츠,long,lavender,loose
2314,팬츠,long,lavender,loose
2315,청바지,long,skyblue,loose
2317,청바지,long,skyblue,loose
2318,청바지,long,skyblue,loose
2319,청바지,long,skyblue,loose
2321,청바지,long,skyblue,loose
2322,팬츠,long,lavender,loose
2323,청바지,long,skyblue,loose
2324,청바지,long,skyblue,loose
2326,청바지,long,skyblue,loose
2328,청바지,long,skyblue,loose
2329,팬츠,long,lavender,loose
2333,팬츠,long,pink,normal
2335,팬츠,long,pink,normal
2336,팬츠,long,pink,normal
2337,팬츠,long,pink,normal
2338,팬츠,long,pink,normal
2339,팬츠,long,pink,normal
2340,팬츠,long,pink,normal
2343,팬츠,long,pink,normal
2344,팬츠,long,grey,normal
2345,팬츠,long,grey,normal
2346,팬츠,long,grey,normal
2347,팬츠,long,grey,normal
2348,팬츠,long,grey,normal
2349,팬츠,short,beige,loose
2350,팬츠,short,beige,loose
2353,팬츠,short,beige,loose
2358,팬츠,long,beige,loose
2359,팬츠,long,beige,loose
2360,팬츠,long,beige,loose
2361,팬츠,long,beige,loose
2362,팬츠,long,beige,loose
2363,팬츠,long,beige,loose
2364,팬츠,long,beige,loose
2365,팬츠,long,beige,loose
2366,팬츠,long,beige,loose
2367,팬츠,long,beige,loose
2368,팬츠,long,beige,loose
2371,팬츠,long,beige,loose
2373,,,skyblue,
2374,청바지,long,skyblue,loose
2377,청바지,long,skyblue,loose
2378,청바지,long,skyblue,loose
2379,청바지,long,skyblue,loose
2380,청바지,long,skyblue,loose
2381,청바지,long,skyblue,loose
2384,청바지,long,skyblue,loose
2385,청바지,long,skyblue,loose
2388,청바지,long,skyblue,loose
2389,청바지,long,skyblue,loose
2391,스커트,short,beige,normal
2392,스커트,short,beige,normal
2393,스커트,short,beige,normal
2394,스커트,short,beige,normal
2395,스커트,short,beige,normal
2396,팬츠,long,black,normal
2397,팬츠,long,black,normal
2398,팬츠,long,black,normal
2400,팬츠,long,black,normal
2402,팬츠,long,black,normal
2403,팬츠,long,black,normal
2405,팬츠,long,black,normal
2407,팬츠,long,black,normal
2408,팬츠,short,beige,normal
2409,팬츠,short,beige,normal
2410,팬츠,short,beige,normal
2411,팬츠,short,beige,normal
2413,팬츠,short,beige,normal
2414,팬츠,short,beige,normal
2415,팬츠,short,beige,normal
2417,팬츠,short,beige,normal
2418,팬츠,short,beige,normal
2421,팬츠,short,beige,normal
2422,팬츠,short,beige,normal
2423,팬츠,short,beige,normal
2425,팬츠,long,black,loose
2426,팬츠,long,black,loose
2427,팬츠,long,black,loose
2428,팬츠,short,beige,normal
2430,팬츠,short,beige,normal
2431,팬츠,long,black,loose
2433,팬츠,short,beige,normal
2435,팬츠,long,black,loose
2436,팬츠,short,beige,normal
2438,팬츠,short,beige,normal
2439,팬츠,long,black,loose
2440,팬츠,long,black,loose
2442,팬츠,long,black,loose
2444,팬츠,long,black,loose
2445,팬츠,long,black,loose
2446,팬츠,long,black,loose
2447,팬츠,long,black,loose
2448,팬츠,long,black,loose
2449,팬츠,long,white,normal
2451,팬츠,long,white,normal
2455,팬츠,long,white,normal
2456,팬츠,long,white,normal
2457,팬츠,long,white,normal
2458,팬츠,long,white,normal
2459,팬츠,long,white,normal
2460,팬츠,long,white,normal
2465,팬츠,long,white,normal
2469,팬츠,long,white,normal
2470,팬츠,long,white,normal
2471,팬츠,long,white,normal
2472,팬츠,long,white,normal
2473,팬츠,middle,grey,normal
2474,팬츠,middle,grey,normal
2475,팬츠,middle,grey,normal
2476,팬츠,middle,grey,normal
2477,팬츠,middle,grey,normal
2478,팬츠,middle,grey,normal
2479,팬츠,middle,grey,normal
2480,팬츠,middle,grey,normal
2481,팬츠,middle,grey,normal
2482,팬츠,middle,grey,normal
2483,팬츠,middle,grey,normal
2485,팬츠,middle,grey,normal
2486,팬츠,middle,grey,normal
2487,팬츠,middle,grey,normal
2488,팬츠,middle,grey,normal
2489,팬츠,middle,grey,normal
2490,팬츠,middle,grey,normal
2491,팬츠,long,black,normal
2492,팬츠,long,silver,normal
2493,팬츠,long,grey,loose
2494,팬츠,long,grey,loose
2495,팬츠,long,grey,loose
2496,팬츠,long,grey,loose
2497,팬츠,long,grey,loose
2498,팬츠,long,grey,loose
2499,팬츠,long,grey,loose
2500,팬츠,long,grey,loose
2501,팬츠,long,grey,loose
2502,팬츠,long,grey,loose
2503,팬츠,long,grey,loose
2504,팬츠,long,grey,loose
2505,팬츠,long,grey,loose
2506,팬츠,long,grey,loose
2507,팬츠,long,grey,loose
2508,팬츠,long,navy,loose
2509,팬츠,long,navy,loose
2510,팬츠,long,navy,loose
2511,팬츠,long,navy,loose
2512,팬츠,long,navy,loose
2513,팬츠,long,navy,loose
2514,팬츠,long,navy,loose
2515,팬츠,long,navy,loose
2516,팬츠,long,navy,loose
2517,팬츠,long,beige,normal
2518,팬츠,long,beige,normal
2519,팬츠,long,beige,normal
2520,팬츠,long,beige,normal
2521,팬츠,long,beige,normal
2522,팬츠,long,beige,normal
2523,팬츠,long,beige,normal
2524,팬츠,long,beige,normal
2525,팬츠,long,beige,normal
2526,팬츠,long,beige,normal
2527,팬츠,long,beige,normal
2528,팬츠,long,beige,normal
2529,팬츠,long,beige,normal
2530,팬츠,long,beige,normal
2531,팬츠,long,beige,normal
2532,팬츠,long,beige,normal
2533,팬츠,long,beige,normal
2534,팬츠,long,beige,normal
2535,팬츠,long,beige,normal
2536,팬츠,long,beige,normal
2537,팬츠,long,beige,normal
2538,팬츠,long,beige,normal
2539,팬츠,long,beige,normal
2540,팬츠,long,beige,normal
2541,팬츠,long,beige,normal
2542,팬츠,long,beige,normal
2543,팬츠,long,beige,normal
2544,팬츠,long,beige,normal
2545,팬츠,long,beige,normal
2547,팬츠,long,beige,normal
2548,팬츠,long,beige,normal
2549,팬츠,long,beige,normal
2550,팬츠,long,beige,normal
2551,팬츠,long,beige,normal
2552,팬츠,long,beige,normal
2553,팬츠,long,beige,normal
2554,팬츠,long,black,loose
2555,팬츠,long,black,loose
2556,팬츠,long,black,loose
2557,팬츠,long,black,loose
2558,팬츠,long,black,loose
2560,팬츠,long,beige,loose
2562,팬츠,long,beige,loose
2563,팬츠,long,beige,loose
2564,팬츠,long,beige,loose
2565,팬츠,long,beige,loose
2566,팬츠,long,beige,loose
2567,팬츠,long,beige,loose
2568,팬츠,long,beige,loose
2569,팬츠,long,beige,loose
2571,팬츠,long,beige,loose
2573,팬츠,long,beige,loose
2574,팬츠,long,beige,loose
2575,팬츠,long,beige,loose
2576,팬츠,long,beige,loose
2577,팬츠,long,beige,loose
2578,팬츠,long,beige,loose
2579,팬츠,long,beige,loose
2580,팬츠,long,beige,loose
2581,팬츠,long,beige,loose
2582,팬츠,long,beige,loose
2584,팬츠,long,beige,loose
2585,팬츠,long,beige,loose
2586,팬츠,long,beige,loose
2587,팬츠,long,beige,loose
2588,팬츠,long,beige,loose
2589,팬츠,long,beige,loose
2590,팬츠,long,beige,loose
2592,팬츠,long,beige,loose
2593,팬츠,long,beige,loose
2594,팬츠,long,beige,loose
2595,팬츠,long,beige,loose
2596,팬츠,long,beige,loose
2597,팬츠,long,beige,loose
2598,팬츠,long,beige,loose
2600,팬츠,long,beige,loose
2601,팬츠,long,beige,loose
2602,팬츠,long,beige,loose
2603,팬츠,long,beige,loose
2604,팬츠,long,beige,loose
2606,팬츠,long,beige,loose
2607,팬츠,long,beige,loose
2608,팬츠,long,beige,loose
2609,팬츠,long,beige,normal
2610,팬츠,long,beige,normal
2611,팬츠,long,beige,normal
2612,팬츠,long,beige,normal
2613,팬츠,long,beige,normal
2614,팬츠,long,beige,normal
2615,팬츠,long,beige,normal
2616,팬츠,long,beige,normal
2617,팬츠,long,beige,normal
2629,팬츠,long,black,loose
2631,팬츠,long,black,loose
2632,팬츠,long,black,loose
2634,팬츠,long,black,loose
2635,팬츠,long,black,loose
2638,팬츠,long,black,loose
2639,팬츠,long,black,loose
2642,팬츠,long,black,loose
2643,팬츠,long,black,loose
2644,팬츠,long,black,loose
2645,팬츠,long,black,loose
2646,팬츠,long,black,loose
2647,팬츠,long,black,loose
2648,팬츠,long,black,loose
2649,팬츠,long,black,loose
2650,팬츠,long,black,loose
2651,팬츠,long,black,loose
2652,팬츠,long,black,loose
2653,팬츠,long,black,loose
2654,팬츠,long,black,normal
2655,팬츠,long,black,normal
2657,팬츠,long,black,normal
2658,팬츠,long,black,normal
2659,팬츠,long,black,normal
2660,팬츠,long,black,normal
2661,팬츠,long,black,normal
2663,팬츠,long,black,normal
2665,팬츠,long,black,normal
2666,팬츠,long,black,normal
2667,팬츠,long,black,normal
2668,팬츠,long,black,normal
2669,팬츠,long,black,normal
2671,팬츠,long,black,normal
2672,팬츠,long,black,normal
2674,팬츠,long,black,normal
2675,팬츠,long,black,normal
2679,팬츠,long,black,normal
2680,팬츠,long,black,normal
2681,팬츠,long,black,normal
2682,팬츠,long,black,normal
2683,팬츠,long,black,normal
2684,팬츠,long,black,normal
2685,팬츠,long,black,normal
2686,팬츠,long,black,normal
2687,팬츠,long,black,normal
2688,팬츠,long,black,normal
2689,팬츠,long,black,normal
2690,팬츠,long,black,normal
2692,팬츠,long,black,normal
2695,팬츠,long,black,normal
2696,팬츠,long,black,normal
2697,팬츠,long,black,normal
2698,팬츠,long,black,normal
2699,팬츠,,black,normal
2700,팬츠,long,black,normal
2701,팬츠,long,black,normal
2702,팬츠,long,black,normal
2703,팬츠,long,black,normal
2704,팬츠,long,black,normal
2705,팬츠,long,black,normal
2706,팬츠,long,black,normal
2707,팬츠,long,black,normal
2708,팬츠,long,black,normal
2709,팬츠,long,black,normal
2711,팬츠,long,black,normal
2712,팬츠,long,black,normal
2713,팬츠,long,black,normal
2714,팬츠,long,black,normal
2716,팬츠,long,black,normal
2717,팬츠,long,black,normal
2718,팬츠,long,black,normal
2719,팬츠,long,black,normal
2720,팬츠,long,black,normal
2721,팬츠,long,black,normal
2722,팬츠,long,black,normal
2723,팬츠,long,black,normal
2724,팬츠,long,black,normal
2726,팬츠,long,black,normal
2728,팬츠,long,black,normal
2729,팬츠,long,black,normal
2730,팬츠,long,black,normal
2731,팬츠,long,black,normal
2732,팬츠,long,black,normal
2733,팬츠,long,black,normal
2734,팬츠,long,grey,normal
2735,팬츠,long,grey,normal
2736,팬츠,long,grey,normal
2737,팬츠,long,grey,normal
2738,팬츠,long,grey,normal
2739,팬츠,long,grey,normal
2740,팬츠,long,grey,normal
2741,팬츠,long,grey,normal
2742,팬츠,long,grey,normal
2743,팬츠,long,grey,normal
2744,팬츠,long,grey,normal
2745,팬츠,long,grey,normal
2746,팬츠,long,grey,normal
2747,팬츠,long,grey,normal
2748,팬츠,long,grey,normal
2749,팬츠,long,grey,normal
2750,팬츠,long,grey,normal
2751,팬츠,long,grey,normal
2752,팬츠,long,grey,normal
2753,팬츠,long,grey,normal
2754,팬츠,long,grey,normal
2755,팬츠,long,grey,normal
2756,팬츠,long,grey,normal
2757,팬츠,long,grey,normal
2758,팬츠,long,grey,normal
2759,팬츠,long,grey,normal
2760,팬츠,long,grey,normal
2761,팬츠,long,grey,normal
2762,팬츠,long,grey,normal
2763,팬츠,long,grey,normal
2764,팬츠,long,grey,normal
2765,팬츠,long,grey,normal
2766,팬츠,long,grey,normal
2767,팬츠,long,grey,normal
2768,팬츠,long,grey,normal
2769,팬츠,long,grey,normal
2770,팬츠,long,grey,normal
2771,팬츠,long,grey,normal
2772,팬츠,long,grey,normal
2773,팬츠,long,grey,normal
2774,팬츠,long,grey,normal
2775,팬츠,long,grey,normal
2776,팬츠,long,grey,normal
2777,팬츠,long,grey,normal
2778,팬츠,long,grey,normal
2779,팬츠,long,grey,normal
2780,팬츠,long,grey,normal
2781,팬츠,long,grey,normal
2782,팬츠,long,grey,normal
2783,팬츠,long,grey,normal
2784,팬츠,long,grey,normal
2785,팬츠,long,grey,normal
2786,팬츠,long,grey,normal
2787,팬츠,long,grey,normal
2788,팬츠,long,grey,normal
2789,팬츠,long,grey,normal
2790,팬츠,long,grey,normal
2794,팬츠,long,black,loose
2795,팬츠,long,black,loose
2796,팬츠,long,black,loose
2797,팬츠,long,black,loose
2798,팬츠,long,black,loose
2799,팬츠,long,black,loose
2800,팬츠,long,black,loose
2801,팬츠,long,black,loose
2802,팬츠,long,black,loose
2803,청바지,long,blue,loose
2804,청바지,long,blue,loose
2805,청바지,long,blue,loose
2806,청바지,long,blue,loose
2807,청바지,long,blue,loose
2808,청바지,long,blue,loose
2809,청바지,long,blue,loose
2810,청바지,long,blue,loose
2811,청바지,long,blue,loose
2812,청바지,long,blue,loose
2813,청바지,long,blue,loose
2814,청바지,long,navy,loose
2815,청바지,long,navy,loose
2816,청바지,long,navy,loose
2817,청바지,long,navy,loose
2818,팬츠,long,black,tight
2819,팬츠,long,black,tight
2820,팬츠,long,black,tight
2821,팬츠,long,black,tight
2822,팬츠,long,black,tight
2823,팬츠,,,normal
2826,팬츠,,,normal
2828,팬츠,,,normal
2829,팬츠,,,normal
2830,팬츠,long,black,loose
2831,팬츠,,,loose
2832,팬츠,,,normal
2833,팬츠,,black,loose
2834,팬츠,long,black,loose
2835,팬츠,long,black,loose
2836,팬츠,,,normal
2837,팬츠,long,black,loose
2838,팬츠,long,black,loose
2839,팬츠,long,black,loose
2840,팬츠,middle,,tight
2841,팬츠,middle,white,tight
2842,팬츠,middle,,tight
2843,팬츠,middle,white,tight
2844,팬츠,middle,,tight
2845,팬츠,middle,,tight
2846,팬츠,middle,,tight
2847,팬츠,long,black,tight
2848,팬츠,long,black,tight
2849,팬츠,long,black,tight
2850,팬츠,long,black,tight
2851,팬츠,long,black,tight
2852,팬츠,long,black,tight
2853,팬츠,long,black,tight
2854,팬츠,long,black,tight
2855,팬츠,long,black,tight
2857,팬츠,long,pink,normal
2858,팬츠,middle,black,loose
2859,팬츠,middle,black,loose
2860,팬츠,middle,black,loose
2861,팬츠,middle,black,loose
2862,팬츠,middle,black,loose
2863,팬츠,middle,black,loose
2864,팬츠,middle,black,loose
2865,팬츠,middle,black,loose
2866,스커트,short,black,normal
2867,,,black,
2868,,,black,
2869,,,black,
2870,,,black,
2871,,,black,
2874,,,black,
2875,스커트,short,black,normal
2876,,,black,
2877,,,black,
2878,,,black,
2879,,,black,
2880,,,black,
2881,,,black,
2882,스커트,short,black,normal
2883,,,black,
2884,스커트,short,black,normal
2885,스커트,short,black,normal
2886,,,black,
2887,,,black,
2888,스커트,short,black,normal
2889,스커트,short,black,normal
2891,스커트,short,black,normal
2893,스커트,short,black,normal
2897,팬츠,long,white,normal
2899,팬츠,long,white,normal
2901,팬츠,long,white,normal
2902,팬츠,long,white,normal
2912,팬츠,long,white,normal
2914,팬츠,long,white,normal
2915,팬츠,long,white,normal
2916,팬츠,long,white,normal
2917,팬츠,long,white,normal
2918,팬츠,long,black,loose
2919,팬츠,long,white,normal
2920,팬츠,long,black,loose
2921,팬츠,long,black,loose
2922,팬츠,long,black,loose
2923,팬츠,long,white,normal
2924,팬츠,long,black,loose
2925,팬츠,long,white,normal
2926,팬츠,long,black,loose
2927,팬츠,long,black,loose
2928,팬츠,long,white,normal
2929,팬츠,long,white,normal
2930,팬츠,long,black,loose
2931,팬츠,long,white,normal
2932,팬츠,long,black,loose
2933,팬츠,long,white,normal
2934,팬츠,long,white,normal
2935,팬츠,long,black,loose
2936,팬츠,long,white,normal
2943,팬츠,long,black,loose
2944,팬츠,long,black,loose
2945,팬츠,long,black,loose
2946,팬츠,long,black,loose
2947,팬츠,long,black,loose
2948,팬츠,long,black,loose
2949,팬츠,long,black,loose
2951,팬츠,long,black,loose
2953,청바지,long,blue,normal
2954,팬츠,long,black,loose
2955,팬츠,long,black,loose
2957,팬츠,long,black,loose
2959,팬츠,long,black,loose
2962,팬츠,long,black,normal
2963,팬츠,long,black,normal
2964,팬츠,long,black,normal
2966,팬츠,long,black,normal
2968,팬츠,long,black,normal
2969,팬츠,long,black,normal
2970,팬츠,long,black,normal
2971,팬츠,long,black,normal
2972,팬츠,long,black,normal
2973,팬츠,long,black,normal
2974,팬츠,long,black,normal
2975,팬츠,long,black,normal
2976,팬츠,long,black,normal
2979,팬츠,long,black,normal
2980,팬츠,long,black,normal
2981,팬츠,long,black,normal
2984,팬츠,long,black,normal
2985,팬츠,long,black,normal
2986,팬츠,long,black,normal
2988,팬츠,long,black,normal
2989,팬츠,long,navy,normal
2990,팬츠,long,navy,normal
2991,팬츠,long,black,normal
2992,팬츠,long,navy,normal
2993,팬츠,long,white,normal
2994,팬츠,long,white,tight
2996,팬츠,long,black,loose
2997,팬츠,long,black,loose
2998,팬츠,long,black,loose
2999,팬츠,long,black,loose
3005,팬츠,long,black,loose
3006,팬츠,long,black,loose
3007,팬츠,long,black,loose
3008,팬츠,long,black,loose
3009,청바지,middle,blue,tight
3010,청바지,middle,blue,tight
3011,청바지,middle,blue,tight
3012,청바지,middle,blue,tight
3014,청바지,middle,blue,tight
3015,청바지,middle,blue,tight
3016,청바지,middle,blue,tight
3017,청바지,middle,blue,tight
3018,청바지,middle,blue,tight
3020,청바지,middle,blue,tight
3029,팬츠,long,black,normal
3030,팬츠,long,black,normal
3031,팬츠,long,black,normal
3032,팬츠,long,black,normal
3033,팬츠,long,black,normal
3034,팬츠,long,kakki,normal
3035,팬츠,long,kakki,normal
3037,팬츠,long,kakki,normal
3038,팬츠,long,kakki,normal
3039,팬츠,long,kakki,normal
3040,팬츠,long,kakki,normal
3041,팬츠,long,kakki,normal
3042,팬츠,long,kakki,normal
3043,팬츠,long,kakki,normal
3044,팬츠,long,kakki,normal
3045,팬츠,long,kakki,normal
3046,팬츠,long,kakki,normal
3047,팬츠,long,kakki,normal
3048,팬츠,long,kakki,normal
3049,팬츠,long,kakki,normal
3050,팬츠,long,kakki,normal
3051,팬츠,long,kakki,normal
3052,팬츠,long,kakki,normal
3053,팬츠,long,kakki,normal
3055,팬츠,long,kakki,normal
3056,팬츠,long,kakki,normal
3057,팬츠,long,kakki,normal
3058,팬츠,long,kakki,normal
3059,팬츠,long,kakki,normal
3060,팬츠,long,kakki,normal
3062,팬츠,long,kakki,normal
3063,팬츠,long,kakki,normal
3064,팬츠,long,kakki,normal
3065,팬츠,long,kakki,normal
3066,팬츠,long,kakki,normal
3067,팬츠,long,kakki,normal
3068,팬츠,long,kakki,normal
3069,팬츠,long,kakki,normal
3070,팬츠,long,kakki,normal
3071,팬츠,long,kakki,normal
3072,팬츠,long,,normal
3073,팬츠,long,kakki,normal
3074,팬츠,long,kakki,normal
3075,팬츠,long,kakki,normal
3076,팬츠,long,grey,normal
3077,팬츠,long,grey,normal
3078,팬츠,long,grey,normal
3079,팬츠,long,grey,normal
3080,팬츠,long,grey,normal
3081,팬츠,long,grey,normal
3082,팬츠,long,grey,normal
3083,팬츠,long,grey,normal
3084,팬츠,long,grey,normal
3085,팬츠,long,grey,normal
3086,팬츠,long,grey,normal
3087,팬츠,long,grey,normal
3088,팬츠,long,grey,normal
3089,팬츠,long,grey,normal
3090,팬츠,long,grey,normal
3091,팬츠,long,grey,normal
3092,팬츠,long,grey,normal
3093,팬츠,long,silver,normal
3094,팬츠,long,grey,normal
3095,팬츠,long,silver,normal
3096,팬츠,long,silver,normal
3097,팬츠,long,grey,normal
3098,팬츠,long,silver,normal
3099,팬츠,long,grey,normal
3100,팬츠,long,grey,normal
3101,팬츠,long,grey,normal
3102,팬츠,long,grey,normal
3103,팬츠,long,silver,normal
3104,팬츠,long,silver,normal
3105,팬츠,long,silver,normal
3106,팬츠,long,silver,normal
3107,팬츠,long,grey,normal
3108,팬츠,long,grey,normal
3109,팬츠,long,grey,normal
3110,팬츠,long,silver,normal
3111,팬츠,long,grey,normal
3112,팬츠,long,grey,normal
3113,팬츠,long,silver,normal
3114,팬츠,long,grey,normal
3115,팬츠,long,grey,normal
3116,팬츠,long,grey,normal
3117,팬츠,long,grey,normal
3118,팬츠,long,grey,normal
3119,팬츠,long,grey,normal
3120,팬츠,long,silver,normal
3121,팬츠,long,silver,normal
3122,팬츠,long,grey,normal
3135,팬츠,long,grey,normal
3136,팬츠,long,grey,normal
3137,팬츠,long,grey,normal
3138,팬츠,long,grey,normal
3139,팬츠,long,grey,normal
3140,팬츠,long,grey,normal
3141,팬츠,long,grey,normal
3142,팬츠,long,grey,normal
3143,팬츠,long,grey,normal
3144,팬츠,long,grey,normal
3145,팬츠,long,grey,normal
3146,팬츠,long,grey,normal
3147,팬츠,long,grey,normal
3148,팬츠,long,grey,normal
3149,팬츠,long,silver,normal
3150,팬츠,long,silver,normal
3151,팬츠,long,grey,normal
3152,팬츠,long,grey,normal
3153,팬츠,long,grey,normal
3154,팬츠,long,grey,normal
3155,팬츠,long,grey,normal
3156,팬츠,long,grey,normal
3157,팬츠,long,grey,normal
3158,팬츠,long,grey,normal
3159,팬츠,long,grey,normal
3160,팬츠,long,silver,normal
3161,팬츠,long,silver,normal
3162,팬츠,long,grey,normal
3163,팬츠,long,grey,normal
3164,팬츠,long,grey,normal
3165,팬츠,long,grey,normal
3166,팬츠,long,grey,normal
3167,팬츠,long,grey,normal
3168,팬츠,long,silver,normal
3169,팬츠,long,grey,normal
3170,팬츠,long,grey,normal
3171,팬츠,long,grey,normal
3172,팬츠,long,silver,normal
3173,팬츠,long,grey,normal
3174,팬츠,long,grey,normal
3175,팬츠,long,silver,normal
3176,팬츠,long,grey,normal
3177,팬츠,long,grey,normal
3178,팬츠,long,silver,normal
3179,팬츠,long,grey,normal
3180,팬츠,long,silver,normal
3181,팬츠,long,grey,normal
3182,팬츠,long,grey,normal
3183,팬츠,long,grey,normal
3184,팬츠,long,silver,normal
3185,팬츠,long,silver,normal
3186,팬츠,long,silver,normal
3187,팬츠,long,silver,normal
3188,팬츠,long,silver,normal
3189,팬츠,long,silver,normal
3190,팬츠,long,silver,normal
3191,팬츠,long,silver,normal
3192,팬츠,long,silver,normal
3193,팬츠,long,silver,normal
3194,팬츠,long,silver,normal
3195,팬츠,long,silver,normal
3196,팬츠,long,silver,normal
3197,팬츠,long,silver,normal
3198,팬츠,long,silver,normal
3199,팬츠,long,silver,normal
3200,팬츠,long,silver,normal
3201,팬츠,long,silver,normal
3202,팬츠,long,silver,normal
3203,팬츠,long,silver,normal
3204,팬츠,long,silver,normal
3205,팬츠,long,silver,normal
3206,팬츠,long,silver,normal
3207,팬츠,long,silver,normal
3208,팬츠,long,silver,normal
3209,팬츠,long,silver,normal
3210,팬츠,long,silver,normal
3211,팬츠,long,silver,normal
3212,팬츠,long,silver,normal
3213,팬츠,long,black,normal
3214,팬츠,long,black,normal
3215,팬츠,long,black,normal
3216,팬츠,long,black,normal
3217,팬츠,long,black,normal
3218,팬츠,long,black,normal
3219,팬츠,long,black,normal
3220,팬츠,long,black,normal
3221,팬츠,long,black,normal
3222,팬츠,long,black,normal
3223,팬츠,long,black,normal
3224,팬츠,long,black,normal
3225,팬츠,long,black,normal
3226,팬츠,long,black,normal
3227,팬츠,long,black,normal
3228,팬츠,long,black,normal
3229,팬츠,long,black,normal
3230,팬츠,long,black,normal
3231,팬츠,long,black,normal
3232,팬츠,long,black,normal
3233,팬츠,long,black,normal
3234,팬츠,long,black,normal
3235,팬츠,long,black,normal
3236,팬츠,long,black,normal
3237,팬츠,long,black,normal
3238,팬츠,long,black,normal
3239,팬츠,long,black,normal
3240,팬츠,long,black,normal
3241,팬츠,long,black,normal
3242,팬츠,long,black,normal
3243,팬츠,long,black,normal
3244,팬츠,long,black,normal
3245,팬츠,long,black,normal
3246,팬츠,long,black,normal
3247,팬츠,long,black,normal
3248,팬츠,long,black,normal
3249,팬츠,long,black,normal
3250,팬츠,long,black,normal
3251,팬츠,long,black,normal
3252,팬츠,long,black,normal
3253,팬츠,long,black,normal
3254,팬츠,long,black,normal
3255,팬츠,long,beige,loose
3256,팬츠,long,beige,loose
3257,팬츠,long,beige,loose
3258,팬츠,long,beige,loose
3259,팬츠,long,beige,loose
3260,팬츠,long,beige,loose
3261,팬츠,long,beige,loose
3262,팬츠,long,beige,loose
3263,팬츠,long,beige,loose
3264,팬츠,long,beige,loose
3265,팬츠,long,beige,loose
3266,팬츠,long,beige,loose
3267,팬츠,long,beige,loose
3268,팬츠,long,beige,loose
3269,팬츠,long,beige,loose
3270,팬츠,long,beige,loose
3271,팬츠,long,beige,loose
3272,팬츠,long,beige,loose
3273,팬츠,long,beige,loose
3274,팬츠,long,beige,loose
3275,팬츠,long,beige,loose
3276,팬츠,long,beige,loose
3277,팬츠,long,beige,loose
3278,팬츠,long,beige,loose
3279,팬츠,long,beige,loose
3280,팬츠,long,beige,loose
3281,팬츠,long,beige,loose
3282,팬츠,long,beige,loose
3283,팬츠,long,beige,loose
3284,팬츠,long,beige,loose
3285,팬츠,long,beige,loose
3286,팬츠,long,beige,loose
3287,팬츠,long,beige,loose
3288,팬츠,long,beige,loose
3289,팬츠,long,beige,loose
3290,팬츠,long,beige,loose
3291,팬츠,long,beige,loose
3292,팬츠,long,beige,loose
3293,팬츠,long,beige,loose
3294,팬츠,long,beige,loose
3295,팬츠,long,beige,loose
3313,팬츠,long,grey,normal
3314,팬츠,long,grey,normal
3315,팬츠,long,grey,normal
3316,팬츠,long,grey,normal
3317,팬츠,long,grey,normal
3318,팬츠,long,grey,normal
3319,팬츠,long,black,loose
3320,팬츠,long,black,loose
3321,팬츠,long,black,loose
3322,팬츠,long,black,loose
3323,팬츠,long,black,loose
3324,팬츠,long,black,loose
3325,팬츠,long,black,loose
3326,팬츠,long,black,loose
3327,팬츠,long,black,loose
3328,팬츠,long,black,loose
3329,팬츠,long,black,loose
3330,팬츠,long,black,loose
3331,팬츠,long,black,loose
3332,팬츠,long,black,loose
3333,팬츠,long,black,loose
3334,팬츠,long,black,loose
3335,팬츠,long,black,loose
3336,팬츠,long,black,loose
3337,팬츠,long,black,loose
3338,팬츠,long,black,loose
3339,팬츠,long,black,loose
3340,팬츠,long,black,loose
3341,팬츠,long,black,loose
3342,팬츠,long,black,loose
3343,팬츠,long,black,loose
3344,팬츠,long,black,loose
3345,팬츠,long,black,loose
3346,팬츠,long,black,loose
3347,팬츠,long,black,loose
3348,팬츠,long,black,loose
3349,팬츠,long,black,loose
3350,팬츠,long,black,loose
3351,팬츠,long,black,loose
3352,팬츠,long,black,loose
3353,팬츠,long,black,loose
3354,팬츠,long,black,loose
3355,팬츠,long,black,loose
3356,팬츠,long,black,loose
3357,팬츠,long,black,loose
3358,팬츠,long,black,loose
3359,팬츠,long,black,loose
3360,팬츠,long,black,loose
3361,팬츠,long,black,loose
3394,팬츠,long,black,normal
3397,팬츠,long,black,normal
3448,팬츠,long,black,normal
3449,팬츠,long,black,normal
3450,팬츠,long,black,normal
3451,팬츠,long,black,normal
3452,팬츠,long,black,normal
3453,팬츠,long,black,normal
3454,팬츠,long,black,normal
3455,팬츠,long,black,normal
3456,팬츠,long,black,normal
3457,팬츠,long,black,normal
3458,팬츠,long,black,normal
3459,팬츠,long,black,normal
3460,팬츠,long,black,normal
3461,팬츠,long,black,normal
3462,팬츠,long,black,normal
3463,팬츠,long,black,normal
3464,팬츠,long,black,normal
3465,팬츠,long,black,normal
3466,팬츠,long,black,normal
3467,팬츠,long,black,normal
3468,팬츠,long,black,normal
3469,팬츠,long,black,normal
3470,팬츠,long,black,normal
3471,팬츠,long,black,normal
3472,팬츠,long,black,normal
3473,팬츠,long,black,normal
3474,팬츠,long,black,normal
3475,팬츠,long,,normal
3476,팬츠,long,black,normal
3477,팬츠,long,black,normal
3478,팬츠,long,black,normal
3479,팬츠,long,black,normal
3480,팬츠,long,black,normal
3481,팬츠,long,black,normal
3482,팬츠,long,black,normal
3483,팬츠,long,black,normal
3484,팬츠,long,black,normal
3485,팬츠,long,black,normal
3486,팬츠,long,black,normal
3487,팬츠,long,black,normal
3488,팬츠,long,black,normal
3489,팬츠,long,black,normal
3490,팬츠,long,black,normal
3491,팬츠,long,black,normal
3492,팬츠,long,black,normal
3493,팬츠,long,black,normal
3494,팬츠,long,black,normal
3495,팬츠,long,black,normal
3496,팬츠,long,black,normal
3497,팬츠,long,black,normal
3498,팬츠,long,black,normal
3499,팬츠,long,black,normal
3500,팬츠,long,black,normal
3501,팬츠,long,black,normal
3502,팬츠,long,black,normal
3503,팬츠,long,black,normal
3504,팬츠,long,black,normal
3505,팬츠,long,black,loose
3506,팬츠,long,black,loose
3507,팬츠,long,black,loose
3508,팬츠,long,black,loose
3509,팬츠,long,black,loose
3510,팬츠,long,black,loose
3511,팬츠,long,black,loose
3512,팬츠,long,black,loose
3513,팬츠,long,black,loose
3514,팬츠,long,black,loose
3515,팬츠,middle,black,normal
3517,팬츠,middle,black,normal
3518,팬츠,middle,black,normal
3519,팬츠,middle,black,normal
3520,팬츠,middle,black,normal
3521,팬츠,middle,black,normal
3523,팬츠,middle,black,normal
3524,팬츠,middle,black,normal
3525,팬츠,middle,black,normal
3526,팬츠,middle,black,normal
3527,팬츠,middle,black,normal
3535,팬츠,long,grey,normal
3536,팬츠,long,grey,normal
3537,팬츠,long,grey,normal
3539,팬츠,long,grey,normal
3541,팬츠,long,grey,normal
3542,팬츠,long,grey,normal
3543,,,grey,
3544,팬츠,long,grey,normal
3545,팬츠,long,grey,normal
3546,,,grey,
3547,팬츠,long,grey,normal
3548,팬츠,long,grey,normal
3579,팬츠,long,black,normal
3580,팬츠,long,black,normal
3581,팬츠,long,black,normal
3582,팬츠,long,black,normal
3583,팬츠,long,black,normal
3584,팬츠,long,black,normal
3585,팬츠,long,black,normal
3586,팬츠,long,black,normal
3587,팬츠,long,black,normal
3588,팬츠,long,black,normal
3589,팬츠,long,black,normal
3590,팬츠,long,grey,normal
3591,팬츠,long,grey,normal
3592,팬츠,long,grey,normal
3593,팬츠,long,grey,normal
3594,팬츠,long,,normal
3595,팬츠,long,grey,normal
3596,팬츠,long,,normal
3597,팬츠,long,black,normal
3598,팬츠,long,grey,normal
3599,팬츠,long,grey,normal
3600,팬츠,long,grey,normal
3601,팬츠,long,grey,normal
3602,팬츠,long,grey,normal
3603,팬츠,long,black,normal
3604,팬츠,long,grey,normal
3605,팬츠,long,,normal
3606,팬츠,long,grey,normal
3607,팬츠,long,grey,normal
3608,팬츠,long,grey,normal
3609,팬츠,long,black,normal
3610,팬츠,long,black,normal
3611,팬츠,long,kakki,normal
3612,팬츠,long,kakki,normal
3613,팬츠,long,kakki,normal
3614,팬츠,long,kakki,normal
3615,팬츠,long,kakki,normal
3616,팬츠,long,kakki,normal
3617,팬츠,long,kakki,normal
3618,팬츠,long,beige,normal
3619,팬츠,long,kakki,normal
3620,팬츠,long,beige,normal
3621,팬츠,long,kakki,normal
3622,팬츠,long,beige,normal
3623,팬츠,long,beige,normal
3624,팬츠,long,beige,normal
3625,팬츠,long,beige,normal
3626,팬츠,long,beige,normal
3627,팬츠,long,beige,normal
3628,팬츠,long,beige,normal
3629,팬츠,long,,normal
3630,팬츠,long,beige,normal
3631,팬츠,long,beige,normal
3632,팬츠,long,beige,normal
3633,팬츠,long,beige,normal
3634,팬츠,long,beige,normal
3635,팬츠,long,beige,normal
3636,팬츠,long,beige,normal
3637,팬츠,long,beige,normal
3638,팬츠,long,beige,normal
3639,팬츠,long,beige,normal
3640,팬츠,long,beige,normal
3641,팬츠,long,beige,normal
3643,팬츠,long,beige,normal
3645,팬츠,long,beige,normal
3646,팬츠,long,beige,normal
3647,팬츠,long,beige,normal
3648,팬츠,long,beige,normal
3650,팬츠,long,beige,normal
3651,팬츠,long,beige,normal
3652,팬츠,long,beige,normal
3654,팬츠,long,black,normal
3655,팬츠,long,black,normal
3656,팬츠,long,black,normal
3657,팬츠,long,black,normal
3659,팬츠,long,black,normal
3660,팬츠,long,black,normal
3662,,,,
3668,청바지,long,navy,tight
3670,청바지,long,navy,tight
3672,청바지,long,navy,tight
3674,청바지,long,navy,tight
3675,청바지,long,navy,tight
3677,청바지,long,navy,tight
3678,청바지,long,navy,tight
3679,청바지,long,navy,normal
3680,청바지,long,navy,tight
3681,청바지,long,navy,tight
3683,청바지,long,navy,tight
3684,청바지,long,navy,tight
3685,청바지,long,navy,tight
3686,청바지,long,navy,tight
3688,청바지,long,navy,tight
3689,팬츠,long,grey,normal
3691,팬츠,long,grey,normal
3693,팬츠,long,grey,normal
3695,팬츠,long,grey,normal
3696,팬츠,long,grey,normal
3698,,,grey,
3701,팬츠,long,grey,normal
3703,팬츠,long,,loose
3704,팬츠,long,grey,normal
3708,,,grey,
3709,팬츠,long,grey,normal
3711,팬츠,long,grey,normal
3713,팬츠,long,grey,normal
3714,팬츠,long,grey,normal
3716,팬츠,long,grey,normal
3723,팬츠,long,grey,normal
3725,팬츠,long,grey,loose
3727,팬츠,long,grey,loose
3728,팬츠,long,grey,loose
3729,팬츠,long,grey,loose
3730,팬츠,,grey,loose
3731,팬츠,long,grey,loose
3733,팬츠,long,grey,loose
3734,팬츠,long,grey,loose
3735,팬츠,long,grey,loose
3736,팬츠,long,grey,loose
3737,팬츠,long,grey,loose
3738,팬츠,long,black,normal
3739,팬츠,long,black,normal
3740,팬츠,long,black,normal
3741,팬츠,long,black,normal
3742,팬츠,long,black,normal
3743,팬츠,long,black,normal
3744,팬츠,long,black,normal
3745,팬츠,long,black,normal
3747,팬츠,long,black,normal
3748,팬츠,long,black,normal
3749,팬츠,long,black,normal
3750,팬츠,long,black,normal
3751,팬츠,long,black,normal
3752,팬츠,long,black,normal
3753,팬츠,long,black,normal
3754,팬츠,long,black,normal
3755,팬츠,long,black,normal
3757,팬츠,long,black,normal
3758,팬츠,long,black,normal
3759,팬츠,long,black,normal
3760,팬츠,long,black,normal
3761,팬츠,long,black,normal
3762,팬츠,long,black,normal
3763,팬츠,long,black,normal
3765,팬츠,long,,normal
3766,팬츠,long,,normal
3767,팬츠,long,,normal
3768,팬츠,long,,normal
3769,팬츠,long,,normal
3770,팬츠,long,,normal
3771,팬츠,long,,normal
3772,팬츠,long,,normal
3773,팬츠,long,,normal
3774,팬츠,long,,normal
3775,팬츠,long,,normal
3776,팬츠,long,,normal
3777,팬츠,long,,normal
3778,팬츠,long,,normal
3779,팬츠,long,,normal
3780,팬츠,long,,normal
3781,팬츠,long,,normal
3782,팬츠,long,,normal
3783,팬츠,long,,normal
3784,청바지,long,,normal
3785,청바지,long,,normal
3786,청바지,long,,normal
3787,청바지,long,,normal
3788,청바지,long,,normal
3789,청바지,long,,normal
3790,청바지,long,,normal
3791,청바지,long,,normal
3792,팬츠,middle,,tight
3793,팬츠,middle,,tight
3794,팬츠,middle,,tight
3795,팬츠,middle,,tight
3796,팬츠,middle,,tight
3797,팬츠,middle,,tight
3798,팬츠,long,,loose
3799,팬츠,long,,loose
3800,팬츠,long,,loose
3801,팬츠,long,,loose
3802,팬츠,long,,loose
3803,팬츠,long,,loose
3804,팬츠,long,,loose
3805,팬츠,long,,loose
3806,팬츠,long,,loose
3807,팬츠,long,,loose
3808,팬츠,long,,loose
3809,팬츠,long,,loose
3810,팬츠,long,,loose
3811,팬츠,long,,loose
3812,팬츠,long,,loose
3813,팬츠,long,,loose
3814,팬츠,long,,loose
3815,팬츠,long,,loose
3817,팬츠,long,black,normal
3820,팬츠,long,black,normal
3822,팬츠,long,black,normal
3825,팬츠,long,black,normal
3829,팬츠,long,black,normal
3869,팬츠,long,brown,loose
3874,팬츠,long,grey,loose
3875,팬츠,long,grey,loose
3876,팬츠,long,grey,loose
3877,팬츠,long,grey,loose
3878,팬츠,long,grey,loose
3879,팬츠,long,grey,loose
3880,팬츠,long,grey,loose
3881,팬츠,long,grey,loose
3882,팬츠,long,grey,loose
3886,팬츠,short,black,normal
3888,팬츠,short,black,normal
3889,팬츠,short,black,normal
3890,팬츠,short,black,normal
3891,팬츠,short,black,normal
3892,팬츠,short,black,normal
3893,팬츠,short,black,normal
3894,팬츠,short,black,normal
3896,청바지,,navy,normal
3897,청바지,middle,navy,normal
3898,청바지,,navy,normal
3899,청바지,,navy,normal
3900,청바지,middle,navy,normal
3901,청바지,,navy,normal
3902,청바지,middle,navy,normal
3903,청바지,,navy,normal
3905,청바지,middle,navy,normal
3908,팬츠,middle,white,normal
3914,팬츠,middle,white,normal
3916,팬츠,middle,white,normal
3918,팬츠,middle,white,normal
3919,팬츠,middle,white,normal
3920,팬츠,long,beige,loose
3922,팬츠,long,beige,loose
3924,팬츠,long,beige,loose
3925,팬츠,long,beige,loose
3927,팬츠,long,beige,loose
3930,팬츠,long,beige,loose
3932,팬츠,long,beige,loose
3935,팬츠,long,beige,loose
3937,팬츠,long,beige,loose
3938,팬츠,long,black,loose
3939,팬츠,long,black,loose
3941,팬츠,long,black,loose
3942,팬츠,long,black,loose
3943,팬츠,long,black,loose
3944,팬츠,long,black,loose
3945,팬츠,long,black,loose
3946,팬츠,long,black,loose
3947,팬츠,long,black,loose
3948,팬츠,long,black,loose
3949,팬츠,long,black,loose
3950,팬츠,long,black,loose
3951,팬츠,long,black,loose
3952,팬츠,long,black,loose
3953,팬츠,long,black,loose
3955,팬츠,long,black,loose
3956,팬츠,long,black,loose
3957,팬츠,long,black,loose
3958,팬츠,long,black,loose
3959,팬츠,long,black,loose
3960,팬츠,long,black,loose
3961,팬츠,long,black,loose
3962,팬츠,long,black,loose
3963,팬츠,long,black,loose
3964,팬츠,long,black,loose
3965,팬츠,long,black,loose
3966,팬츠,long,black,loose
3967,팬츠,long,black,loose
3968,팬츠,long,black,loose
3969,팬츠,long,black,loose
3970,팬츠,long,black,loose
3971,팬츠,long,black,loose
3972,팬츠,long,black,loose
3973,스커트,short,black,normal
3974,스커트,short,black,normal
3976,팬츠,long,white,loose
3977,팬츠,long,white,loose
3978,팬츠,long,white,loose
3979,팬츠,long,white,loose
3980,팬츠,long,white,loose
3981,팬츠,long,white,loose
3982,팬츠,long,white,loose
3983,팬츠,long,white,loose
3984,팬츠,long,white,loose
3985,팬츠,long,white,loose
3986,팬츠,long,white,loose
3987,팬츠,long,white,loose
3988,팬츠,long,white,loose
3991,팬츠,long,white,loose
3992,팬츠,long,white,loose
3993,팬츠,long,white,loose
3996,팬츠,long,white,loose
3997,팬츠,long,white,loose
3998,팬츠,long,white,loose
4000,청바지,long,,normal
4005,청바지,long,skyblue,tight
4012,청바지,long,skyblue,tight
4016,청바지,long,skyblue,tight
4017,팬츠,short,black,loose
4019,팬츠,middle,black,loose
4021,팬츠,short,navy,loose
4022,팬츠,short,black,loose
4023,팬츠,short,navy,loose
4028,팬츠,short,,loose
4029,팬츠,short,,loose
4030,,,white,
4042,팬츠,long,black,tight
4044,팬츠,long,beige,tight
4046,팬츠,long,black,tight
4053,팬츠,long,black,normal
4054,팬츠,long,,normal
4055,팬츠,long,,normal
4056,팬츠,long,black,normal
4057,팬츠,long,black,normal
4058,팬츠,long,black,normal
4059,팬츠,long,black,normal
4060,팬츠,long,black,normal
4061,팬츠,long,black,normal
4062,팬츠,long,,normal
4063,팬츠,long,black,normal
4064,팬츠,long,,normal
4065,팬츠,middle,white,normal
4066,팬츠,middle,white,normal
4067,팬츠,middle,white,normal
4068,팬츠,middle,white,normal
4069,팬츠,middle,white,normal
4070,팬츠,middle,grey,normal
4071,팬츠,middle,grey,normal
4072,팬츠,middle,grey,normal
4073,팬츠,middle,grey,normal
4074,팬츠,middle,white,normal
4075,팬츠,middle,white,normal
4076,팬츠,middle,grey,normal
4077,팬츠,middle,white,normal
4078,팬츠,middle,white,normal
4079,팬츠,middle,white,normal
4080,팬츠,middle,grey,normal
4081,팬츠,middle,grey,normal
4082,팬츠,middle,grey,normal
4083,팬츠,middle,grey,normal
4084,팬츠,middle,white,normal
4085,팬츠,middle,white,normal
4086,팬츠,middle,grey,normal
4087,팬츠,middle,grey,normal
4088,팬츠,middle,grey,normal
4089,팬츠,middle,white,normal
4090,팬츠,middle,grey,normal
4091,팬츠,middle,grey,normal
4092,팬츠,middle,grey,normal
4093,팬츠,middle,grey,normal
4094,팬츠,middle,white,normal
4095,팬츠,middle,grey,normal
4096,팬츠,middle,grey,normal
4097,팬츠,middle,white,normal
4098,팬츠,middle,white,normal
4099,팬츠,middle,white,normal
4100,팬츠,middle,grey,normal
4101,팬츠,middle,white,normal
4102,팬츠,middle,grey,normal
4103,팬츠,middle,grey,normal
4104,팬츠,middle,grey,normal
4105,팬츠,middle,grey,normal
4106,팬츠,middle,grey,normal
4107,팬츠,middle,grey,normal
4108,팬츠,middle,grey,normal
4109,팬츠,middle,grey,normal
4110,팬츠,middle,grey,normal
4111,팬츠,middle,grey,normal
4112,팬츠,middle,grey,normal
4113,팬츠,middle,grey,normal
4114,팬츠,middle,grey,normal
4115,팬츠,middle,grey,normal
4116,팬츠,middle,grey,normal
4117,팬츠,middle,grey,normal
4118,팬츠,middle,grey,normal
4119,팬츠,long,silver,loose
4120,팬츠,long,navy,loose
4121,팬츠,long,silver,loose
4122,팬츠,long,grey,loose
4123,팬츠,long,grey,loose
4124,팬츠,long,navy,loose
4125,팬츠,long,grey,loose
4126,팬츠,long,navy,loose
4127,팬츠,long,beige,loose
4128,팬츠,long,blue,normal
4129,팬츠,long,blue,normal
4130,팬츠,long,blue,normal
4131,팬츠,long,blue,normal
4132,팬츠,long,blue,normal
4133,팬츠,long,blue,normal
4134,팬츠,long,blue,normal
4135,팬츠,long,blue,normal
4136,팬츠,long,blue,normal
0,0,0,0,0
0,0,0,0,0
0,0,0,0,0
0,0,0,0,0
0,0,0,0,0
0,0,0,0,0
0,0,0,0,0
0,0,0,0,0
0,0,0,0,0
0,0,0,0,0
0,0,0,0,0
0,0,0,0,0
0,0,0,0,0
0,0,0,0,0
0,0,0,0,0
0,0,0,0,0
0,0,0,0,0
0,0,0,0,0
0,0,0,0,0
0,0,0,0,0
0,0,0,0,0
0,0,0,0,0
0,0,0,0,0
0,0,0,0,0
0,0,0,0,0
0,0,0,0,0
0,0,0,0,0
0,0,0,0,0
0,0,0,0,0
0,0,0,0,0
0,0,0,0,0
0,0,0,0,0
0,0,0,0,0
0,0,0,0,0
0,0,0,0,0
0,0,0,0,0
0,0,0,0,0
0,0,0,0,0
0,0,0,0,0
0,0,0,0,0
0,0,0,0,0
0,0,0,0,0
0,0,0,0,0
0,0,0,0,0
0,0,0,0,0
0,0,0,0,0
0,0,0,0,0
0,0,0,0,0
0,0,0,0,0
0,0,0,0,0
0,0,0,0,0
0,0,0,0,0
0,0,0,0,0
0,0,0,0,0
0,0,0,0,0
0,0,0,0,0
0,0,0,0,0
0,0,0,0,0
0,0,0,0,0
0,0,0,0,0
0,0,0,0,0
0,0,0,0,0
0,0,0,0,0
0,0,0,0,0
0,0,0,0,0
0,0,0,0,0
0,0,0,0,0
0,0,0,0,0
0,0,0,0,0
0,0,0,0,0
0,0,0,0,0
0,0,0,0,0
0,0,0,0,0
0,0,0,0,0
0,0,0,0,0
0,0,0,0,0
0,0,0,0,0
0,0,0,0,0
0,0,0,0,0
0,0,0,0,0
0,0,0,0,0
0,0,0,0,0
0,0,0,0,0
0,0,0,0,0
0,0,0,0,0
0,0,0,0,0
0,0,0,0,0
0,0,0,0,0
0,0,0,0,0
0,0,0,0,0
0,0,0,0,0
0,0,0,0,0
0,0,0,0,0
0,0,0,0,0
0,0,0,0,0
0,0,0,0,0
0,0,0,0,0
0,0,0,0,0
0,0,0,0,0
0,0,0,0,0
0,0,0,0,0
0,0,0,0,0
0,0,0,0,0
0,0,0,0,0
0,0,0,0,0
0,0,0,0,0
0,0,0,0,0
0,0,0,0,0
0,0,0,0,0
0,0,0,0,0
0,0,0,0,0
0,0,0,0,0
0,0,0,0,0
0,0,0,0,0
0,0,0,0,0
0,0,0,0,0
0,0,0,0,0
0,0,0,0,0
0,0,0,0,0
0,0,0,0,0
0,0,0,0,0
0,0,0,0,0
0,0,0,0,0
0,0,0,0,0
0,0,0,0,0
0,0,0,0,0
0,0,0,0,0
0,0,0,0,0
0,0,0,0,0
0,0,0,0,0
0,0,0,0,0
0,0,0,0,0
0,0,0,0,0
0,0,0,0,0
0,0,0,0,0
0,0,0,0,0
0,0,0,0,0
0,0,0,0,0
0,0,0,0,0
0,0,0,0,0
0,0,0,0,0
0,0,0,0,0
0,0,0,0,0
0,0,0,0,0
0,0,0,0,0
0,0,0,0,0
0,0,0,0,0
0,0,0,0,0
0,0,0,0,0
0,0,0,0,0
0,0,0,0,0
0,0,0,0,0
0,0,0,0,0
0,0,0,0,0
0,0,0,0,0
0,0,0,0,0
0,0,0,0,0
0,0,0,0,0
0,0,0,0,0
0,0,0,0,0
0,0,0,0,0
0,0,0,0,0
0,0,0,0,0
0,0,0,0,0
0,0,0,0,0
0,0,0,0,0
0,0,0,0,0
0,0,0,0,0
0,0,0,0,0
0,0,0,0,0
0,0,0,0,0
0,0,0,0,0
0,0,0,0,0
0,0,0,0,0
0,0,0,0,0
0,0,0,0,0
0,0,0,0,0
0,0,0,0,0
0,0,0,0,0
0,0,0,0,0
0,0,0,0,0
0,0,0,0,0
0,0,0,0,0
0,0,0,0,0
0,0,0,0,0
0,0,0,0,0
0,0,0,0,0
0,0,0,0,0
0,0,0,0,0
0,0,0,0,0
0,0,0,0,0
0,0,0,0,0
0,0,0,0,0
0,0,0,0,0
0,0,0,0,0
0,0,0,0,0
0,0,0,0,0
0,0,0,0,0
0,0,0,0,0
0,0,0,0,0
0,0,0,0,0
0,0,0,0,0
0,0,0,0,0
0,0,0,0,0
0,0,0,0,0
0,0,0,0,0
0,0,0,0,0
0,0,0,0,0
0,0,0,0,0
0,0,0,0,0
0,0,0,0,0
0,0,0,0,0
0,0,0,0,0
0,0,0,0,0
0,0,0,0,0
0,0,0,0,0
0,0,0,0,0
0,0,0,0,0
0,0,0,0,0
0,0,0,0,0
0,0,0,0,0
0,0,0,0,0
0,0,0,0,0
0,0,0,0,0
0,0,0,0,0
0,0,0,0,0
0,0,0,0,0
0,0,0,0,0
0,0,0,0,0
0,0,0,0,0
0,0,0,0,0
0,0,0,0,0
0,0,0,0,0
0,0,0,0,0
0,0,0,0,0
0,0,0,0,0
0,0,0,0,0
0,0,0,0,0
0,0,0,0,0
0,0,0,0,0
0,0,0,0,0
0,0,0,0,0
0,0,0,0,0
0,0,0,0,0
0,0,0,0,0
0,0,0,0,0
0,0,0,0,0
0,0,0,0,0
0,0,0,0,0
0,0,0,0,0
0,0,0,0,0
0,0,0,0,0
0,0,0,0,0
0,0,0,0,0
0,0,0,0,0
0,0,0,0,0
0,0,0,0,0
0,0,0,0,0
0,0,0,0,0
0,0,0,0,0
0,0,0,0,0
0,0,0,0,0
0,0,0,0,0
0,0,0,0,0
0,0,0,0,0
0,0,0,0,0
0,0,0,0,0
0,0,0,0,0
0,0,0,0,0
0,0,0,0,0
0,0,0,0,0
0,0,0,0,0
0,0,0,0,0
0,0,0,0,0
0,0,0,0,0
0,0,0,0,0
0,0,0,0,0
0,0,0,0,0
0,0,0,0,0
0,0,0,0,0
0,0,0,0,0
0,0,0,0,0
0,0,0,0,0
0,0,0,0,0
0,0,0,0,0
0,0,0,0,0
0,0,0,0,0
0,0,0,0,0
0,0,0,0,0
0,0,0,0,0
0,0,0,0,0
0,0,0,0,0
0,0,0,0,0
0,0,0,0,0
0,0,0,0,0
0,0,0,0,0
0,0,0,0,0
0,0,0,0,0
0,0,0,0,0
0,0,0,0,0
0,0,0,0,0
0,0,0,0,0
0,0,0,0,0
0,0,0,0,0
0,0,0,0,0
0,0,0,0,0
0,0,0,0,0
0,0,0,0,0
0,0,0,0,0
0,0,0,0,0
0,0,0,0,0
0,0,0,0,0
0,0,0,0,0
0,0,0,0,0
0,0,0,0,0
0,0,0,0,0
0,0,0,0,0
0,0,0,0,0
0,0,0,0,0
0,0,0,0,0
0,0,0,0,0
0,0,0,0,0
0,0,0,0,0
0,0,0,0,0
0,0,0,0,0
0,0,0,0,0
0,0,0,0,0
0,0,0,0,0
0,0,0,0,0
0,0,0,0,0
0,0,0,0,0
0,0,0,0,0
0,0,0,0,0
0,0,0,0,0
0,0,0,0,0
0,0,0,0,0
0,0,0,0,0
0,0,0,0,0
0,0,0,0,0
0,0,0,0,0
0,0,0,0,0
0,0,0,0,0
0,0,0,0,0
0,0,0,0,0
0,0,0,0,0
0,0,0,0,0
0,0,0,0,0
0,0,0,0,0
0,0,0,0,0
0,0,0,0,0
0,0,0,0,0
0,0,0,0,0
0,0,0,0,0
0,0,0,0,0
0,0,0,0,0
0,0,0,0,0
0,0,0,0,0
0,0,0,0,0
0,0,0,0,0
0,0,0,0,0
0,0,0,0,0
0,0,0,0,0
0,0,0,0,0
0,0,0,0,0
0,0,0,0,0
0,0,0,0,0
0,0,0,0,0
0,0,0,0,0
0,0,0,0,0
0,0,0,0,0
0,0,0,0,0
0,0,0,0,0
0,0,0,0,0
0,0,0,0,0
0,0,0,0,0
0,0,0,0,0
0,0,0,0,0
0,0,0,0,0
0,0,0,0,0
0,0,0,0,0
0,0,0,0,0
0,0,0,0,0
0,0,0,0,0
0,0,0,0,0
0,0,0,0,0
0,0,0,0,0
0,0,0,0,0
0,0,0,0,0
0,0,0,0,0
0,0,0,0,0
0,0,0,0,0
0,0,0,0,0
0,0,0,0,0
0,0,0,0,0
0,0,0,0,0
0,0,0,0,0
0,0,0,0,0
0,0,0,0,0
0,0,0,0,0
0,0,0,0,0
0,0,0,0,0
0,0,0,0,0
0,0,0,0,0
0,0,0,0,0
0,0,0,0,0
0,0,0,0,0
0,0,0,0,0
0,0,0,0,0
0,0,0,0,0
0,0,0,0,0
0,0,0,0,0
0,0,0,0,0
0,0,0,0,0
0,0,0,0,0
0,0,0,0,0
0,0,0,0,0
0,0,0,0,0
0,0,0,0,0
0,0,0,0,0
0,0,0,0,0
0,0,0,0,0
0,0,0,0,0
0,0,0,0,0
0,0,0,0,0
0,0,0,0,0
0,0,0,0,0
0,0,0,0,0
0,0,0,0,0
0,0,0,0,0
0,0,0,0,0
0,0,0,0,0
0,0,0,0,0
0,0,0,0,0
0,0,0,0,0
0,0,0,0,0
0,0,0,0,0
0,0,0,0,0
0,0,0,0,0
0,0,0,0,0
0,0,0,0,0
0,0,0,0,0
0,0,0,0,0
0,0,0,0,0
0,0,0,0,0
0,0,0,0,0
0,0,0,0,0
0,0,0,0,0
0,0,0,0,0
0,0,0,0,0
0,0,0,0,0
0,0,0,0,0
0,0,0,0,0
0,0,0,0,0
0,0,0,0,0
0,0,0,0,0
0,0,0,0,0
0,0,0,0,0
0,0,0,0,0
0,0,0,0,0
0,0,0,0,0
0,0,0,0,0
0,0,0,0,0
0,0,0,0,0
0,0,0,0,0
0,0,0,0,0
0,0,0,0,0
0,0,0,0,0
0,0,0,0,0
0,0,0,0,0
0,0,0,0,0
0,0,0,0,0
0,0,0,0,0
0,0,0,0,0
0,0,0,0,0
0,0,0,0,0
0,0,0,0,0
0,0,0,0,0
0,0,0,0,0
0,0,0,0,0
0,0,0,0,0
0,0,0,0,0
0,0,0,0,0
0,0,0,0,0
0,0,0,0,0
0,0,0,0,0
0,0,0,0,0
0,0,0,0,0
0,0,0,0,0
0,0,0,0,0
0,0,0,0,0
0,0,0,0,0
0,0,0,0,0
0,0,0,0,0
0,0,0,0,0
0,0,0,0,0
0,0,0,0,0
0,0,0,0,0
0,0,0,0,0
0,0,0,0,0
0,0,0,0,0
0,0,0,0,0
0,0,0,0,0
0,0,0,0,0
0,0,0,0,0
0,0,0,0,0
0,0,0,0,0
0,0,0,0,0
0,0,0,0,0
0,0,0,0,0
0,0,0,0,0
0,0,0,0,0
0,0,0,0,0
0,0,0,0,0
0,0,0,0,0
0,0,0,0,0
0,0,0,0,0
0,0,0,0,0
0,0,0,0,0
0,0,0,0,0
0,0,0,0,0
0,0,0,0,0
0,0,0,0,0
0,0,0,0,0
0,0,0,0,0
0,0,0,0,0
0,0,0,0,0
0,0,0,0,0
0,0,0,0,0
0,0,0,0,0
0,0,0,0,0
0,0,0,0,0
0,0,0,0,0
0,0,0,0,0
0,0,0,0,0
0,0,0,0,0
0,0,0,0,0
0,0,0,0,0
0,0,0,0,0
0,0,0,0,0
0,0,0,0,0
0,0,0,0,0
0,0,0,0,0
0,0,0,0,0
0,0,0,0,0
0,0,0,0,0
0,0,0,0,0
0,0,0,0,0
0,0,0,0,0
0,0,0,0,0
0,0,0,0,0
0,0,0,0,0
0,0,0,0,0
0,0,0,0,0
0,0,0,0,0
0,0,0,0,0
0,0,0,0,0
0,0,0,0,0
0,0,0,0,0
0,0,0,0,0
0,0,0,0,0
0,0,0,0,0
0,0,0,0,0
0,0,0,0,0
0,0,0,0,0
0,0,0,0,0
0,0,0,0,0
0,0,0,0,0
0,0,0,0,0
0,0,0,0,0
0,0,0,0,0
0,0,0,0,0
0,0,0,0,0
0,0,0,0,0
0,0,0,0,0
0,0,0,0,0
0,0,0,0,0
0,0,0,0,0
0,0,0,0,0
0,0,0,0,0
0,0,0,0,0
0,0,0,0,0
0,0,0,0,0
0,0,0,0,0
0,0,0,0,0
0,0,0,0,0
0,0,0,0,0
0,0,0,0,0
0,0,0,0,0
0,0,0,0,0
0,0,0,0,0
0,0,0,0,0
0,0,0,0,0
0,0,0,0,0
0,0,0,0,0
0,0,0,0,0
0,0,0,0,0
0,0,0,0,0
0,0,0,0,0
0,0,0,0,0
0,0,0,0,0
0,0,0,0,0
0,0,0,0,0
0,0,0,0,0
0,0,0,0,0
0,0,0,0,0
0,0,0,0,0
0,0,0,0,0
0,0,0,0,0
0,0,0,0,0
0,0,0,0,0
0,0,0,0,0
0,0,0,0,0
0,0,0,0,0
0,0,0,0,0
0,0,0,0,0
0,0,0,0,0
0,0,0,0,0
0,0,0,0,0
0,0,0,0,0
0,0,0,0,0
0,0,0,0,0
0,0,0,0,0
0,0,0,0,0
0,0,0,0,0
0,0,0,0,0
0,0,0,0,0
0,0,0,0,0
0,0,0,0,0
0,0,0,0,0
0,0,0,0,0
0,0,0,0,0
0,0,0,0,0
0,0,0,0,0
0,0,0,0,0
0,0,0,0,0
0,0,0,0,0
0,0,0,0,0
0,0,0,0,0
0,0,0,0,0
0,0,0,0,0
0,0,0,0,0
0,0,0,0,0
0,0,0,0,0
0,0,0,0,0
0,0,0,0,0
0,0,0,0,0
0,0,0,0,0
0,0,0,0,0
0,0,0,0,0
0,0,0,0,0
0,0,0,0,0
0,0,0,0,0
0,0,0,0,0
0,0,0,0,0
0,0,0,0,0
0,0,0,0,0
0,0,0,0,0
0,0,0,0,0
0,0,0,0,0
0,0,0,0,0
0,0,0,0,0
0,0,0,0,0
0,0,0,0,0
0,0,0,0,0
0,0,0,0,0
0,0,0,0,0
0,0,0,0,0
0,0,0,0,0
0,0,0,0,0
0,0,0,0,0
0,0,0,0,0
0,0,0,0,0
0,0,0,0,0
0,0,0,0,0
0,0,0,0,0
0,0,0,0,0
0,0,0,0,0
0,0,0,0,0
0,0,0,0,0
0,0,0,0,0
0,0,0,0,0
0,0,0,0,0
0,0,0,0,0
0,0,0,0,0
0,0,0,0,0
0,0,0,0,0
0,0,0,0,0
0,0,0,0,0
0,0,0,0,0
0,0,0,0,0
0,0,0,0,0
0,0,0,0,0
0,0,0,0,0
0,0,0,0,0
0,0,0,0,0
0,0,0,0,0
0,0,0,0,0
0,0,0,0,0
0,0,0,0,0
0,0,0,0,0
0,0,0,0,0
0,0,0,0,0
0,0,0,0,0
0,0,0,0,0
0,0,0,0,0
0,0,0,0,0
0,0,0,0,0
0,0,0,0,0
0,0,0,0,0
0,0,0,0,0
0,0,0,0,0
0,0,0,0,0
0,0,0,0,0
0,0,0,0,0
0,0,0,0,0
0,0,0,0,0
0,0,0,0,0
0,0,0,0,0
0,0,0,0,0
0,0,0,0,0
0,0,0,0,0
0,0,0,0,0
0,0,0,0,0
0,0,0,0,0
0,0,0,0,0
0,0,0,0,0
0,0,0,0,0
0,0,0,0,0
0,0,0,0,0
0,0,0,0,0
0,0,0,0,0
0,0,0,0,0
0,0,0,0,0
0,0,0,0,0
0,0,0,0,0
0,0,0,0,0
0,0,0,0,0
0,0,0,0,0
0,0,0,0,0
0,0,0,0,0
0,0,0,0,0
0,0,0,0,0
0,0,0,0,0
0,0,0,0,0
0,0,0,0,0
0,0,0,0,0
0,0,0,0,0
0,0,0,0,0
0,0,0,0,0
0,0,0,0,0
0,0,0,0,0
0,0,0,0,0
0,0,0,0,0
0,0,0,0,0
0,0,0,0,0
0,0,0,0,0
0,0,0,0,0
0,0,0,0,0
0,0,0,0,0
0,0,0,0,0
0,0,0,0,0
0,0,0,0,0
0,0,0,0,0
0,0,0,0,0
0,0,0,0,0
0,0,0,0,0
0,0,0,0,0
0,0,0,0,0
0,0,0,0,0
0,0,0,0,0
0,0,0,0,0
0,0,0,0,0
0,0,0,0,0
0,0,0,0,0
0,0,0,0,0
0,0,0,0,0
0,0,0,0,0
0,0,0,0,0
0,0,0,0,0
0,0,0,0,0
0,0,0,0,0
0,0,0,0,0
0,0,0,0,0
0,0,0,0,0
0,0,0,0,0
0,0,0,0,0
0,0,0,0,0
0,0,0,0,0
0,0,0,0,0
0,0,0,0,0
0,0,0,0,0
0,0,0,0,0
0,0,0,0,0
0,0,0,0,0
0,0,0,0,0
0,0,0,0,0
0,0,0,0,0
0,0,0,0,0
0,0,0,0,0
0,0,0,0,0
0,0,0,0,0
0,0,0,0,0
0,0,0,0,0
0,0,0,0,0
0,0,0,0,0
0,0,0,0,0
0,0,0,0,0
0,0,0,0,0
0,0,0,0,0
0,0,0,0,0
0,0,0,0,0
0,0,0,0,0
0,0,0,0,0
0,0,0,0,0
0,0,0,0,0
0,0,0,0,0
0,0,0,0,0
0,0,0,0,0
0,0,0,0,0
0,0,0,0,0
0,0,0,0,0
0,0,0,0,0
0,0,0,0,0
0,0,0,0,0
0,0,0,0,0
0,0,0,0,0
0,0,0,0,0
0,0,0,0,0
0,0,0,0,0
0,0,0,0,0
0,0,0,0,0
0,0,0,0,0
0,0,0,0,0
0,0,0,0,0
0,0,0,0,0
0,0,0,0,0
0,0,0,0,0
0,0,0,0,0
0,0,0,0,0
0,0,0,0,0
0,0,0,0,0
0,0,0,0,0
0,0,0,0,0
0,0,0,0,0
0,0,0,0,0
0,0,0,0,0
0,0,0,0,0
0,0,0,0,0
0,0,0,0,0
0,0,0,0,0
0,0,0,0,0
0,0,0,0,0
0,0,0,0,0
0,0,0,0,0
0,0,0,0,0
0,0,0,0,0
0,0,0,0,0
0,0,0,0,0
0,0,0,0,0
0,0,0,0,0
0,0,0,0,0
0,0,0,0,0
0,0,0,0,0
0,0,0,0,0
0,0,0,0,0
0,0,0,0,0
0,0,0,0,0
0,0,0,0,0
0,0,0,0,0
0,0,0,0,0
0,0,0,0,0
0,0,0,0,0
0,0,0,0,0
0,0,0,0,0
0,0,0,0,0
0,0,0,0,0
0,0,0,0,0
0,0,0,0,0
0,0,0,0,0
0,0,0,0,0
0,0,0,0,0
0,0,0,0,0
0,0,0,0,0
0,0,0,0,0
0,0,0,0,0
0,0,0,0,0
0,0,0,0,0
0,0,0,0,0
0,0,0,0,0
0,0,0,0,0
0,0,0,0,0
0,0,0,0,0
0,0,0,0,0
0,0,0,0,0
0,0,0,0,0
0,0,0,0,0
0,0,0,0,0
0,0,0,0,0
0,0,0,0,0
0,0,0,0,0
0,0,0,0,0
0,0,0,0,0
0,0,0,0,0
0,0,0,0,0
0,0,0,0,0
0,0,0,0,0
0,0,0,0,0
0,0,0,0,0
0,0,0,0,0
0,0,0,0,0
0,0,0,0,0
0,0,0,0,0
0,0,0,0,0
0,0,0,0,0
0,0,0,0,0
0,0,0,0,0
0,0,0,0,0
0,0,0,0,0
0,0,0,0,0
0,0,0,0,0
0,0,0,0,0
0,0,0,0,0
0,0,0,0,0
0,0,0,0,0
0,0,0,0,0
0,0,0,0,0
0,0,0,0,0
0,0,0,0,0
0,0,0,0,0
0,0,0,0,0
0,0,0,0,0
0,0,0,0,0
0,0,0,0,0
0,0,0,0,0
0,0,0,0,0
0,0,0,0,0
0,0,0,0,0
0,0,0,0,0
0,0,0,0,0
0,0,0,0,0
0,0,0,0,0
0,0,0,0,0
0,0,0,0,0
0,0,0,0,0
0,0,0,0,0
0,0,0,0,0
0,0,0,0,0
0,0,0,0,0
0,0,0,0,0
0,0,0,0,0
0,0,0,0,0
0,0,0,0,0
0,0,0,0,0
0,0,0,0,0
0,0,0,0,0
0,0,0,0,0
0,0,0,0,0
0,0,0,0,0
0,0,0,0,0
0,0,0,0,0
0,0,0,0,0
0,0,0,0,0
0,0,0,0,0
0,0,0,0,0
0,0,0,0,0
0,0,0,0,0
0,0,0,0,0
0,0,0,0,0
0,0,0,0,0
0,0,0,0,0
0,0,0,0,0
0,0,0,0,0
0,0,0,0,0
0,0,0,0,0
0,0,0,0,0
0,0,0,0,0
0,0,0,0,0
0,0,0,0,0
0,0,0,0,0
0,0,0,0,0
0,0,0,0,0
0,0,0,0,0
0,0,0,0,0
0,0,0,0,0
0,0,0,0,0
0,0,0,0,0
0,0,0,0,0
0,0,0,0,0
0,0,0,0,0
0,0,0,0,0
0,0,0,0,0
0,0,0,0,0
0,0,0,0,0
0,0,0,0,0
0,0,0,0,0
0,0,0,0,0
0,0,0,0,0
0,0,0,0,0
0,0,0,0,0
0,0,0,0,0
0,0,0,0,0
0,0,0,0,0
0,0,0,0,0
0,0,0,0,0
0,0,0,0,0
0,0,0,0,0
0,0,0,0,0
0,0,0,0,0
0,0,0,0,0
0,0,0,0,0
0,0,0,0,0
0,0,0,0,0
0,0,0,0,0
0,0,0,0,0
0,0,0,0,0
0,0,0,0,0
0,0,0,0,0
0,0,0,0,0
0,0,0,0,0
0,0,0,0,0
0,0,0,0,0
0,0,0,0,0
0,0,0,0,0
0,0,0,0,0
0,0,0,0,0
0,0,0,0,0
0,0,0,0,0
0,0,0,0,0
0,0,0,0,0
0,0,0,0,0
0,0,0,0,0
0,0,0,0,0
0,0,0,0,0
0,0,0,0,0
0,0,0,0,0
0,0,0,0,0
0,0,0,0,0
0,0,0,0,0
0,0,0,0,0
0,0,0,0,0
0,0,0,0,0
0,0,0,0,0
0,0,0,0,0
0,0,0,0,0
0,0,0,0,0
0,0,0,0,0
0,0,0,0,0
0,0,0,0,0
0,0,0,0,0
0,0,0,0,0
0,0,0,0,0
0,0,0,0,0
0,0,0,0,0
0,0,0,0,0
0,0,0,0,0
0,0,0,0,0
0,0,0,0,0
0,0,0,0,0
0,0,0,0,0
0,0,0,0,0
0,0,0,0,0
0,0,0,0,0
0,0,0,0,0
0,0,0,0,0
0,0,0,0,0
0,0,0,0,0
0,0,0,0,0
0,0,0,0,0
0,0,0,0,0
0,0,0,0,0
0,0,0,0,0
0,0,0,0,0
0,0,0,0,0
0,0,0,0,0
0,0,0,0,0
0,0,0,0,0
0,0,0,0,0
0,0,0,0,0
0,0,0,0,0
0,0,0,0,0
0,0,0,0,0
0,0,0,0,0
0,0,0,0,0
0,0,0,0,0
0,0,0,0,0
0,0,0,0,0
0,0,0,0,0
0,0,0,0,0
0,0,0,0,0
0,0,0,0,0
0,0,0,0,0
0,0,0,0,0
0,0,0,0,0
0,0,0,0,0
0,0,0,0,0
0,0,0,0,0
0,0,0,0,0
0,0,0,0,0
0,0,0,0,0
0,0,0,0,0
0,0,0,0,0
0,0,0,0,0
0,0,0,0,0
0,0,0,0,0
0,0,0,0,0
0,0,0,0,0
0,0,0,0,0
0,0,0,0,0
0,0,0,0,0
0,0,0,0,0
0,0,0,0,0
0,0,0,0,0
0,0,0,0,0
0,0,0,0,0
0,0,0,0,0
0,0,0,0,0
0,0,0,0,0
0,0,0,0,0
0,0,0,0,0
0,0,0,0,0
0,0,0,0,0
0,0,0,0,0
0,0,0,0,0
0,0,0,0,0
0,0,0,0,0
0,0,0,0,0
0,0,0,0,0
0,0,0,0,0
0,0,0,0,0
0,0,0,0,0
0,0,0,0,0
0,0,0,0,0
0,0,0,0,0
0,0,0,0,0
0,0,0,0,0
0,0,0,0,0
0,0,0,0,0
0,0,0,0,0
0,0,0,0,0
0,0,0,0,0
0,0,0,0,0
0,0,0,0,0
0,0,0,0,0
0,0,0,0,0
0,0,0,0,0
0,0,0,0,0
0,0,0,0,0
0,0,0,0,0
0,0,0,0,0
0,0,0,0,0
0,0,0,0,0
0,0,0,0,0
0,0,0,0,0
0,0,0,0,0
0,0,0,0,0
0,0,0,0,0
0,0,0,0,0
0,0,0,0,0
0,0,0,0,0
0,0,0,0,0
0,0,0,0,0
0,0,0,0,0
0,0,0,0,0
0,0,0,0,0
0,0,0,0,0
0,0,0,0,0
0,0,0,0,0
0,0,0,0,0
0,0,0,0,0
0,0,0,0,0
0,0,0,0,0
0,0,0,0,0
0,0,0,0,0
0,0,0,0,0
0,0,0,0,0
0,0,0,0,0
0,0,0,0,0
0,0,0,0,0
0,0,0,0,0
0,0,0,0,0
0,0,0,0,0
0,0,0,0,0
0,0,0,0,0
0,0,0,0,0
0,0,0,0,0
0,0,0,0,0
0,0,0,0,0
0,0,0,0,0
0,0,0,0,0
0,0,0,0,0
0,0,0,0,0
0,0,0,0,0
0,0,0,0,0
0,0,0,0,0
0,0,0,0,0
0,0,0,0,0
0,0,0,0,0
0,0,0,0,0
0,0,0,0,0
0,0,0,0,0
0,0,0,0,0
0,0,0,0,0
0,0,0,0,0
0,0,0,0,0
0,0,0,0,0
0,0,0,0,0
0,0,0,0,0
0,0,0,0,0
0,0,0,0,0
0,0,0,0,0
0,0,0,0,0
0,0,0,0,0
0,0,0,0,0
0,0,0,0,0
0,0,0,0,0
0,0,0,0,0
0,0,0,0,0
0,0,0,0,0
0,0,0,0,0
0,0,0,0,0
0,0,0,0,0
0,0,0,0,0
0,0,0,0,0
0,0,0,0,0
0,0,0,0,0
0,0,0,0,0
0,0,0,0,0
0,0,0,0,0
0,0,0,0,0
0,0,0,0,0
0,0,0,0,0
0,0,0,0,0
0,0,0,0,0
0,0,0,0,0
0,0,0,0,0
0,0,0,0,0
0,0,0,0,0
0,0,0,0,0
0,0,0,0,0
0,0,0,0,0
0,0,0,0,0
0,0,0,0,0
0,0,0,0,0
0,0,0,0,0
0,0,0,0,0
0,0,0,0,0
0,0,0,0,0
0,0,0,0,0
0,0,0,0,0
0,0,0,0,0
0,0,0,0,0
0,0,0,0,0
0,0,0,0,0
0,0,0,0,0
0,0,0,0,0
0,0,0,0,0
0,0,0,0,0
0,0,0,0,0
0,0,0,0,0
0,0,0,0,0
0,0,0,0,0
0,0,0,0,0
0,0,0,0,0
0,0,0,0,0
0,0,0,0,0
0,0,0,0,0
0,0,0,0,0
0,0,0,0,0
0,0,0,0,0
0,0,0,0,0
0,0,0,0,0
0,0,0,0,0
0,0,0,0,0
0,0,0,0,0
0,0,0,0,0
0,0,0,0,0
0,0,0,0,0
0,0,0,0,0
0,0,0,0,0
0,0,0,0,0
0,0,0,0,0
0,0,0,0,0
0,0,0,0,0
0,0,0,0,0
0,0,0,0,0
0,0,0,0,0
0,0,0,0,0
0,0,0,0,0
0,0,0,0,0
0,0,0,0,0
0,0,0,0,0
0,0,0,0,0
0,0,0,0,0
0,0,0,0,0
0,0,0,0,0
0,0,0,0,0
0,0,0,0,0
0,0,0,0,0
0,0,0,0,0
0,0,0,0,0
0,0,0,0,0
0,0,0,0,0
0,0,0,0,0
0,0,0,0,0
0,0,0,0,0
0,0,0,0,0
0,0,0,0,0
0,0,0,0,0
0,0,0,0,0
0,0,0,0,0
0,0,0,0,0
0,0,0,0,0
0,0,0,0,0
0,0,0,0,0
0,0,0,0,0
0,0,0,0,0
0,0,0,0,0
0,0,0,0,0
0,0,0,0,0
0,0,0,0,0
0,0,0,0,0
0,0,0,0,0
0,0,0,0,0
0,0,0,0,0
0,0,0,0,0
0,0,0,0,0
0,0,0,0,0
0,0,0,0,0
0,0,0,0,0
0,0,0,0,0
0,0,0,0,0
0,0,0,0,0
0,0,0,0,0
0,0,0,0,0
0,0,0,0,0
0,0,0,0,0
0,0,0,0,0
0,0,0,0,0
0,0,0,0,0
0,0,0,0,0
0,0,0,0,0
0,0,0,0,0
0,0,0,0,0
0,0,0,0,0
0,0,0,0,0
0,0,0,0,0
0,0,0,0,0
0,0,0,0,0
0,0,0,0,0
0,0,0,0,0
0,0,0,0,0
0,0,0,0,0
0,0,0,0,0
0,0,0,0,0
0,0,0,0,0
0,0,0,0,0
0,0,0,0,0
0,0,0,0,0
0,0,0,0,0
0,0,0,0,0
0,0,0,0,0
0,0,0,0,0
0,0,0,0,0
0,0,0,0,0
0,0,0,0,0
0,0,0,0,0
0,0,0,0,0
0,0,0,0,0
0,0,0,0,0
0,0,0,0,0
0,0,0,0,0
0,0,0,0,0
0,0,0,0,0
0,0,0,0,0
0,0,0,0,0
0,0,0,0,0
0,0,0,0,0
0,0,0,0,0
0,0,0,0,0
0,0,0,0,0
0,0,0,0,0
0,0,0,0,0
0,0,0,0,0
0,0,0,0,0
0,0,0,0,0
0,0,0,0,0
0,0,0,0,0
0,0,0,0,0
0,0,0,0,0
0,0,0,0,0
0,0,0,0,0
0,0,0,0,0
0,0,0,0,0
0,0,0,0,0
0,0,0,0,0
0,0,0,0,0
0,0,0,0,0
0,0,0,0,0
0,0,0,0,0
0,0,0,0,0
0,0,0,0,0
0,0,0,0,0
0,0,0,0,0
0,0,0,0,0
0,0,0,0,0
0,0,0,0,0
0,0,0,0,0
0,0,0,0,0
0,0,0,0,0
0,0,0,0,0
0,0,0,0,0
0,0,0,0,0
0,0,0,0,0
0,0,0,0,0
0,0,0,0,0
0,0,0,0,0
0,0,0,0,0
0,0,0,0,0
0,0,0,0,0
0,0,0,0,0
0,0,0,0,0
0,0,0,0,0
0,0,0,0,0
0,0,0,0,0
0,0,0,0,0
0,0,0,0,0
0,0,0,0,0
0,0,0,0,0
0,0,0,0,0
0,0,0,0,0
0,0,0,0,0
0,0,0,0,0
0,0,0,0,0
0,0,0,0,0
0,0,0,0,0
0,0,0,0,0
0,0,0,0,0
0,0,0,0,0
0,0,0,0,0
0,0,0,0,0
0,0,0,0,0
0,0,0,0,0
0,0,0,0,0
0,0,0,0,0
0,0,0,0,0
0,0,0,0,0
0,0,0,0,0
0,0,0,0,0
0,0,0,0,0
0,0,0,0,0
0,0,0,0,0
0,0,0,0,0
0,0,0,0,0
0,0,0,0,0
0,0,0,0,0
0,0,0,0,0
0,0,0,0,0
0,0,0,0,0
0,0,0,0,0
0,0,0,0,0
0,0,0,0,0
0,0,0,0,0
0,0,0,0,0
0,0,0,0,0
0,0,0,0,0
0,0,0,0,0
0,0,0,0,0
0,0,0,0,0
0,0,0,0,0
0,0,0,0,0
0,0,0,0,0
0,0,0,0,0
0,0,0,0,0
0,0,0,0,0
0,0,0,0,0
0,0,0,0,0
0,0,0,0,0
0,0,0,0,0
0,0,0,0,0
0,0,0,0,0
0,0,0,0,0
0,0,0,0,0
0,0,0,0,0
0,0,0,0,0
0,0,0,0,0
0,0,0,0,0
0,0,0,0,0
0,0,0,0,0
0,0,0,0,0
0,0,0,0,0
0,0,0,0,0
0,0,0,0,0
0,0,0,0,0
0,0,0,0,0
0,0,0,0,0
0,0,0,0,0
0,0,0,0,0
0,0,0,0,0
0,0,0,0,0
0,0,0,0,0
0,0,0,0,0
0,0,0,0,0
0,0,0,0,0
0,0,0,0,0
0,0,0,0,0
0,0,0,0,0
0,0,0,0,0
0,0,0,0,0
0,0,0,0,0
0,0,0,0,0
0,0,0,0,0
0,0,0,0,0
0,0,0,0,0
0,0,0,0,0
0,0,0,0,0
0,0,0,0,0
0,0,0,0,0
0,0,0,0,0
0,0,0,0,0
0,0,0,0,0
0,0,0,0,0
0,0,0,0,0
0,0,0,0,0
0,0,0,0,0
0,0,0,0,0
0,0,0,0,0
0,0,0,0,0
0,0,0,0,0
0,0,0,0,0
0,0,0,0,0
0,0,0,0,0
0,0,0,0,0
0,0,0,0,0
0,0,0,0,0
0,0,0,0,0
0,0,0,0,0
0,0,0,0,0
0,0,0,0,0
0,0,0,0,0
0,0,0,0,0
0,0,0,0,0
0,0,0,0,0
0,0,0,0,0
0,0,0,0,0
