1,셔츠,middle,lavender,normal
2,셔츠,middle,lavender,normal
3,셔츠,middle,lavender,normal
4,셔츠,long,pink,normal
5,셔츠,long,lavender,normal
6,셔츠,long,pink,normal
7,티셔츠,,white,normal
8,셔츠,long,pink,normal
9,셔츠,middle,lavender,normal
10,티셔츠,,white,normal
11,티셔츠,,white,normal
12,셔츠,middle,lavender,normal
13,티셔츠,,white,normal
14,셔츠,long,lavender,normal
15,셔츠,long,pink,normal
16,셔츠,middle,lavender,normal
17,티셔츠,,white,normal
18,티셔츠,,white,normal
19,셔츠,long,lavender,normal
20,셔츠,long,pink,normal
21,셔츠,long,lavender,normal
22,셔츠,long,lavender,normal
23,셔츠,middle,lavender,normal
24,셔츠,,silver,normal
25,셔츠,long,white,loose
26,셔츠,long,silver,normal
27,셔츠,,silver,normal
28,셔츠,,silver,normal
29,셔츠,middle,lavender,normal
30,셔츠,,silver,normal
31,셔츠,,silver,normal
32,셔츠,long,white,loose
33,셔츠,long,white,loose
34,셔츠,long,white,loose
35,셔츠,long,white,loose
36,셔츠,long,silver,normal
37,셔츠,long,white,loose
38,셔츠,long,white,loose
39,셔츠,long,white,loose
40,셔츠,,silver,normal
41,셔츠,,silver,normal
42,셔츠,,silver,normal
43,셔츠,long,white,loose
44,셔츠,middle,white,normal
45,셔츠,long,red,normal
46,셔츠,long,red,normal
47,셔츠,middle,white,normal
48,셔츠,middle,white,normal
49,셔츠,,skyblue,loose
50,셔츠,middle,white,normal
51,셔츠,middle,white,normal
52,셔츠,middle,white,normal
53,셔츠,long,white,normal
54,셔츠,long,white,loose
55,셔츠,long,white,loose
56,셔츠,long,white,loose
57,셔츠,long,white,loose
58,셔츠,long,white,loose
59,셔츠,long,white,loose
60,셔츠,long,white,loose
61,셔츠,long,white,loose
62,셔츠,middle,yellow,normal
63,셔츠,middle,yellow,normal
64,셔츠,middle,yellow,normal
65,셔츠,middle,yellow,normal
66,셔츠,long,white,loose
67,셔츠,long,white,loose
68,셔츠,long,white,loose
69,셔츠,long,white,loose
70,티셔츠,,white,normal
71,셔츠,long,white,loose
72,셔츠,long,white,loose
73,셔츠,long,white,loose
74,셔츠,long,white,loose
75,셔츠,long,navy,normal
76,셔츠,,navy,normal
77,셔츠,long,navy,normal
78,셔츠,long,navy,normal
79,셔츠,long,navy,normal
80,셔츠,long,navy,normal
81,셔츠,long,navy,normal
82,셔츠,,navy,normal
83,셔츠,,navy,normal
84,탑,,white,normal
85,셔츠,,navy,normal
86,탑,,black,normal
87,셔츠,,white,normal
88,셔츠,,white,normal
89,셔츠,,white,normal
90,셔츠,,white,normal
91,셔츠,middle,beige,normal
93,블라우스,middle,white,loose
94,셔츠,middle,beige,normal
95,셔츠,middle,beige,normal
97,셔츠,middle,beige,normal
98,블라우스,long,white,loose
99,셔츠,middle,beige,normal
100,블라우스,long,white,loose
101,셔츠,middle,beige,normal
103,셔츠,middle,beige,normal
104,블라우스,middle,white,loose
105,블라우스,long,black,loose
106,블라우스,long,black,loose
107,블라우스,long,black,loose
108,블라우스,long,black,loose
109,블라우스,long,black,loose
110,블라우스,long,black,loose
113,셔츠,middle,navy,loose
115,셔츠,middle,navy,loose
116,셔츠,middle,navy,loose
119,블라우스,long,beige,loose
121,티셔츠,middle,beige,loose
122,니트웨어,middle,beige,normal
124,티셔츠,middle,beige,loose
125,블라우스,middle,beige,loose
129,니트웨어,middle,beige,loose
130,블라우스,middle,beige,loose
131,블라우스,middle,beige,loose
132,니트웨어,middle,beige,normal
133,니트웨어,middle,beige,normal
134,티셔츠,middle,beige,loose
135,니트웨어,middle,beige,normal
136,블라우스,long,beige,loose
137,니트웨어,middle,beige,normal
138,니트웨어,middle,beige,loose
140,티셔츠,middle,white,tight
144,티셔츠,middle,silver,normal
145,티셔츠,middle,silver,normal
146,티셔츠,middle,silver,normal
147,티셔츠,middle,silver,normal
148,블라우스,middle,beige,normal
149,블라우스,middle,beige,normal
151,블라우스,middle,beige,normal
152,티셔츠,,white,normal
153,티셔츠,,white,normal
154,티셔츠,,white,normal
155,티셔츠,,white,normal
156,티셔츠,,white,normal
157,티셔츠,,white,normal
158,티셔츠,,white,normal
159,탑,,white,loose
160,탑,,white,loose
161,탑,,white,loose
162,탑,,white,loose
163,탑,,white,loose
164,탑,,white,loose
165,탑,,white,loose
166,티셔츠,middle,white,normal
167,티셔츠,middle,white,normal
168,티셔츠,middle,white,normal
169,티셔츠,middle,white,normal
170,티셔츠,middle,white,normal
171,티셔츠,middle,white,normal
172,티셔츠,,white,normal
173,티셔츠,,white,normal
174,티셔츠,,white,
175,티셔츠,,white,normal
176,티셔츠,,white,
177,셔츠,,white,loose
180,셔츠,,white,loose
182,셔츠,,white,loose
193,티셔츠,,white,normal
194,티셔츠,,white,normal
195,티셔츠,,white,normal
198,티셔츠,,white,normal
199,티셔츠,middle,silver,loose
200,니트웨어,middle,black,loose
201,티셔츠,middle,silver,loose
202,티셔츠,middle,beige,normal
204,티셔츠,middle,beige,normal
207,니트웨어,middle,black,loose
208,티셔츠,middle,beige,normal
211,티셔츠,middle,beige,normal
214,티셔츠,middle,silver,loose
217,니트웨어,middle,black,loose
221,셔츠,,white,loose
222,셔츠,,white,loose
224,셔츠,,white,loose
225,셔츠,,white,loose
228,티셔츠,,black,loose
229,티셔츠,,black,loose
231,티셔츠,,black,loose
232,티셔츠,,black,loose
233,셔츠,,white,loose
234,셔츠,,white,loose
235,셔츠,,white,loose
236,셔츠,,white,loose
238,셔츠,,white,loose
240,티셔츠,middle,kakki,loose
242,티셔츠,middle,kakki,loose
245,티셔츠,middle,kakki,loose
249,니트웨어,,brown,normal
250,니트웨어,,brown,normal
251,니트웨어,,brown,normal
252,니트웨어,,brown,normal
253,니트웨어,,brown,normal
254,니트웨어,,brown,normal
255,티셔츠,,white,tight
256,니트웨어,middle,silver,loose
258,티셔츠,,white,tight
260,니트웨어,middle,silver,loose
261,니트웨어,,silver,loose
262,티셔츠,,white,tight
263,티셔츠,,white,normal
267,티셔츠,,white,normal
268,티셔츠,,white,normal
270,티셔츠,,white,normal
271,티셔츠,,white,normal
272,블라우스,,white,
273,블라우스,,white,
274,블라우스,,white,
275,블라우스,,white,
276,블라우스,,white,
277,블라우스,,white,
278,블라우스,,white,
279,블라우스,,white,
280,블라우스,,white,
281,블라우스,,white,
282,셔츠,middle,black,normal
283,셔츠,middle,black,normal
284,셔츠,middle,black,normal
285,블라우스,middle,navy,normal
286,블라우스,middle,navy,normal
287,블라우스,middle,navy,normal
288,블라우스,middle,navy,normal
289,블라우스,middle,navy,normal
290,셔츠,middle,black,normal
291,블라우스,middle,navy,normal
292,블라우스,middle,navy,normal
293,블라우스,middle,navy,normal
294,블라우스,middle,navy,normal
295,블라우스,middle,white,normal
296,블라우스,middle,white,normal
297,블라우스,middle,navy,normal
298,블라우스,middle,white,normal
299,블라우스,middle,white,normal
300,블라우스,middle,white,normal
301,블라우스,middle,white,normal
302,블라우스,middle,navy,normal
303,블라우스,middle,navy,normal
304,블라우스,middle,navy,normal
305,블라우스,middle,navy,normal
306,블라우스,middle,white,normal
307,블라우스,middle,white,normal
308,블라우스,middle,white,normal
309,블라우스,middle,white,normal
310,블라우스,middle,white,normal
311,블라우스,middle,navy,normal
312,블라우스,middle,white,normal
313,블라우스,middle,white,normal
314,블라우스,middle,white,normal
315,블라우스,middle,white,normal
316,블라우스,middle,white,normal
317,블라우스,middle,white,normal
318,블라우스,middle,white,normal
319,셔츠,middle,wine,normal
320,셔츠,middle,wine,normal
321,셔츠,middle,wine,normal
322,셔츠,middle,wine,normal
323,셔츠,middle,wine,normal
324,셔츠,middle,wine,normal
325,셔츠,middle,wine,normal
326,셔츠,middle,wine,normal
327,셔츠,middle,wine,normal
328,셔츠,middle,wine,normal
329,티셔츠,middle,beige,normal
332,티셔츠,middle,beige,normal
334,티셔츠,middle,beige,normal
336,티셔츠,middle,black,normal
342,티셔츠,,white,
343,티셔츠,middle,white,normal
345,티셔츠,,black,
346,티셔츠,middle,black,normal
347,티셔츠,middle,black,normal
348,티셔츠,middle,black,normal
351,티셔츠,middle,black,normal
352,니트웨어,long,wine,loose
353,니트웨어,long,wine,loose
354,니트웨어,long,wine,loose
355,니트웨어,long,wine,loose
356,니트웨어,long,wine,loose
357,니트웨어,long,wine,loose
359,티셔츠,,brown,
360,티셔츠,,white,
361,티셔츠,,white,
366,티셔츠,,white,
369,티셔츠,,white,
374,티셔츠,,brown,
384,티셔츠,,brown,
386,티셔츠,,brown,
390,,,black,
396,티셔츠,,skyblue,
405,티셔츠,,skyblue,
421,티셔츠,,beige,
424,티셔츠,,beige,
425,티셔츠,,beige,
426,티셔츠,,beige,
427,티셔츠,,beige,
428,티셔츠,,beige,
432,티셔츠,,beige,
437,티셔츠,,beige,
440,티셔츠,,beige,
442,티셔츠,,white,
443,티셔츠,,white,
444,티셔츠,,white,
445,티셔츠,,white,
446,티셔츠,,white,
455,니트웨어,,black,
463,니트웨어,,black,
467,니트웨어,,black,
476,니트웨어,,black,
479,탑,,black,
480,탑,,black,
487,니트웨어,middle,black,normal
488,니트웨어,middle,black,normal
491,니트웨어,middle,black,normal
492,티셔츠,middle,white,loose
493,티셔츠,middle,white,loose
495,티셔츠,middle,white,loose
496,티셔츠,middle,white,loose
499,티셔츠,middle,white,loose
500,티셔츠,middle,white,loose
501,티셔츠,middle,white,loose
502,티셔츠,middle,white,loose
503,티셔츠,middle,white,loose
504,블라우스,,white,normal
509,블라우스,,white,normal
510,니트웨어,,black,normal
511,블라우스,,white,normal
513,니트웨어,,black,normal
516,니트웨어,,black,normal
520,블라우스,,white,normal
526,티셔츠,,white,normal
528,티셔츠,,white,normal
529,티셔츠,,beige,normal
532,티셔츠,,beige,normal
533,티셔츠,,beige,normal
534,티셔츠,,beige,normal
535,티셔츠,,beige,normal
536,티셔츠,,white,normal
537,티셔츠,,white,normal
538,티셔츠,,white,normal
539,티셔츠,,beige,normal
540,티셔츠,,white,normal
541,티셔츠,,beige,normal
543,티셔츠,,beige,normal
547,티셔츠,,beige,normal
550,탑,,black,normal
551,탑,,black,normal
552,탑,,black,normal
553,탑,,black,normal
556,탑,,black,normal
563,티셔츠,middle,white,normal
566,티셔츠,middle,white,normal
567,티셔츠,middle,white,normal
570,티셔츠,middle,white,normal
571,티셔츠,middle,white,normal
572,티셔츠,middle,white,normal
573,셔츠,long,white,loose
576,셔츠,long,white,loose
581,셔츠,,white,normal
585,셔츠,,white,normal
587,셔츠,,white,normal
589,셔츠,,white,normal
591,셔츠,,white,normal
600,블라우스,middle,pink,normal
601,블라우스,middle,pink,normal
641,,,skyblue,
646,탑,,black,
648,셔츠,,brown,normal
650,탑,,black,
651,탑,,black,
658,탑,,beige,tight
659,셔츠,middle,white,loose
662,탑,,beige,tight
681,티셔츠,,beige,normal
690,니트웨어,,grey,loose
692,니트웨어,,grey,loose
693,니트웨어,,grey,loose
698,니트웨어,,grey,loose
700,티셔츠,,beige,
706,티셔츠,,beige,
708,티셔츠,,beige,
709,티셔츠,,beige,
710,티셔츠,,beige,
713,티셔츠,,beige,
714,티셔츠,,white,
723,티셔츠,,white,
724,티셔츠,,white,
727,티셔츠,,white,
730,티셔츠,,beige,
731,티셔츠,,beige,
732,티셔츠,,white,
736,티셔츠,,beige,normal
737,티셔츠,,beige,normal
738,티셔츠,,beige,normal
739,탑,,beige,tight
740,티셔츠,,beige,normal
741,티셔츠,,beige,normal
742,탑,,beige,tight
743,탑,,beige,tight
744,티셔츠,,beige,normal
745,티셔츠,,beige,normal
746,탑,,beige,tight
747,티셔츠,,beige,normal
748,티셔츠,,beige,normal
749,티셔츠,,beige,normal
750,티셔츠,,beige,normal
751,티셔츠,,beige,normal
753,탑,,black,normal
755,셔츠,middle,skyblue,loose
756,셔츠,middle,skyblue,loose
757,셔츠,middle,skyblue,loose
758,셔츠,middle,skyblue,loose
759,셔츠,long,skyblue,loose
760,셔츠,middle,skyblue,loose
761,셔츠,long,blue,loose
762,셔츠,long,skyblue,loose
763,셔츠,long,blue,loose
764,셔츠,long,blue,loose
765,셔츠,long,blue,loose
766,셔츠,long,blue,loose
767,셔츠,middle,skyblue,loose
768,셔츠,middle,skyblue,loose
769,셔츠,long,blue,loose
770,셔츠,long,blue,loose
771,셔츠,long,blue,loose
773,탑,,black,tight
776,탑,,black,tight
779,탑,,black,tight
780,티셔츠,,grey,normal
782,티셔츠,,grey,normal
784,,,grey,
785,티셔츠,,grey,normal
787,탑,,grey,loose
788,탑,,grey,loose
789,티셔츠,,grey,normal
790,탑,,grey,loose
792,티셔츠,,grey,normal
793,,,grey,
795,티셔츠,,grey,normal
796,셔츠,,skyblue,normal
797,셔츠,,skyblue,normal
798,셔츠,long,skyblue,loose
799,셔츠,long,skyblue,loose
800,셔츠,long,skyblue,loose
801,셔츠,,skyblue,normal
802,셔츠,long,skyblue,loose
803,셔츠,,skyblue,normal
804,셔츠,middle,skyblue,loose
805,셔츠,,skyblue,normal
806,셔츠,,skyblue,normal
807,셔츠,,skyblue,normal
808,셔츠,middle,skyblue,loose
809,셔츠,,skyblue,normal
810,셔츠,long,skyblue,loose
811,셔츠,middle,skyblue,loose
812,셔츠,,skyblue,normal
813,셔츠,long,skyblue,loose
814,셔츠,,skyblue,normal
815,티셔츠,,white,loose
816,티셔츠,,white,loose
817,티셔츠,,white,loose
818,티셔츠,,white,loose
819,티셔츠,,white,loose
820,티셔츠,,white,loose
821,티셔츠,,white,loose
822,셔츠,,beige,loose
823,셔츠,,beige,loose
824,셔츠,,beige,loose
825,셔츠,,beige,loose
826,블라우스,middle,white,loose
827,블라우스,middle,white,loose
828,블라우스,middle,white,loose
829,블라우스,middle,white,loose
830,블라우스,middle,white,loose
831,블라우스,middle,white,loose
832,셔츠,long,white,normal
833,셔츠,long,white,normal
834,셔츠,long,white,normal
835,셔츠,long,white,normal
836,셔츠,long,white,normal
837,셔츠,long,white,normal
838,셔츠,long,white,normal
839,셔츠,long,white,normal
840,셔츠,long,white,normal
841,셔츠,long,white,normal
842,셔츠,long,white,normal
843,셔츠,long,white,normal
844,셔츠,long,white,normal
845,셔츠,long,white,normal
846,셔츠,long,white,normal
847,셔츠,long,white,normal
848,셔츠,long,white,normal
849,셔츠,long,white,normal
850,셔츠,long,white,normal
851,셔츠,long,white,normal
852,셔츠,long,white,normal
853,셔츠,long,white,normal
854,셔츠,long,white,normal
855,셔츠,long,white,normal
856,셔츠,long,white,normal
857,셔츠,long,white,normal
858,셔츠,long,white,normal
859,셔츠,long,white,normal
860,셔츠,middle,beige,normal
861,셔츠,middle,beige,normal
862,셔츠,middle,beige,normal
863,셔츠,middle,beige,normal
864,셔츠,middle,beige,normal
865,셔츠,middle,beige,normal
866,셔츠,middle,beige,normal
867,셔츠,middle,beige,normal
868,셔츠,middle,beige,normal
869,셔츠,middle,beige,normal
870,셔츠,middle,beige,normal
871,셔츠,middle,beige,normal
872,셔츠,middle,beige,normal
873,셔츠,middle,beige,normal
874,셔츠,middle,beige,normal
875,셔츠,middle,beige,normal
877,탑,middle,white,tight
883,셔츠,middle,beige,normal
884,셔츠,middle,beige,normal
885,셔츠,middle,beige,normal
886,셔츠,middle,beige,normal
887,셔츠,middle,,normal
888,셔츠,middle,beige,normal
889,셔츠,middle,beige,normal
890,셔츠,middle,beige,normal
891,셔츠,middle,beige,normal
892,셔츠,middle,beige,normal
893,셔츠,middle,beige,normal
894,셔츠,middle,beige,normal
898,셔츠,middle,,normal
900,셔츠,middle,,normal
937,셔츠,,white,normal
938,셔츠,middle,white,normal
939,셔츠,,white,normal
940,셔츠,long,white,loose
941,셔츠,,white,normal
942,셔츠,long,white,loose
943,셔츠,,white,normal
944,셔츠,,white,normal
945,셔츠,,white,normal
946,셔츠,middle,white,normal
947,셔츠,,white,normal
948,셔츠,middle,white,normal
949,셔츠,middle,white,normal
950,셔츠,long,white,loose
951,셔츠,middle,white,normal
952,셔츠,,white,normal
953,셔츠,,white,normal
954,셔츠,,white,normal
955,셔츠,,white,normal
956,셔츠,,white,normal
957,셔츠,middle,white,normal
958,셔츠,,white,normal
959,셔츠,,white,normal
960,셔츠,long,white,loose
969,셔츠,,white,loose
970,셔츠,,white,loose
971,셔츠,,white,loose
972,셔츠,,white,loose
973,셔츠,,white,loose
974,셔츠,,white,loose
975,셔츠,,white,loose
976,셔츠,,white,loose
977,셔츠,,white,loose
978,셔츠,,white,loose
979,셔츠,,white,loose
980,셔츠,,white,loose
981,셔츠,,white,loose
982,셔츠,,white,loose
983,셔츠,,white,loose
984,셔츠,,white,loose
985,셔츠,,white,loose
986,셔츠,,white,loose
987,셔츠,,white,loose
988,셔츠,,white,loose
989,셔츠,,white,loose
990,셔츠,,white,loose
991,셔츠,,white,loose
992,셔츠,,white,loose
993,셔츠,,white,loose
994,니트웨어,long,white,loose
996,니트웨어,long,white,loose
997,니트웨어,long,white,loose
999,니트웨어,long,white,loose
1000,티셔츠,,white,tight
1001,티셔츠,,white,tight
1002,티셔츠,,white,tight
1003,티셔츠,,white,tight
1004,티셔츠,,white,tight
1005,티셔츠,,white,tight
1006,티셔츠,middle,white,tight
1007,티셔츠,,white,tight
1008,티셔츠,,white,tight
1009,티셔츠,,white,tight
1010,셔츠,,beige,normal
1011,셔츠,,beige,normal
1012,셔츠,,beige,normal
1013,셔츠,,white,normal
1014,셔츠,,beige,normal
1015,셔츠,,beige,normal
1016,셔츠,,beige,normal
1017,셔츠,,beige,normal
1018,셔츠,,beige,normal
1019,셔츠,,beige,normal
1020,셔츠,,beige,normal
1021,셔츠,,beige,normal
1022,셔츠,,beige,normal
1023,셔츠,,beige,normal
1024,셔츠,,beige,normal
1025,셔츠,,beige,normal
1026,셔츠,,white,normal
1027,셔츠,,beige,normal
1028,셔츠,,beige,normal
1029,셔츠,,beige,normal
1030,셔츠,,beige,normal
1031,셔츠,,beige,normal
1032,셔츠,,beige,normal
1033,셔츠,,beige,normal
1035,셔츠,,beige,normal
1038,셔츠,,beige,normal
1061,,,skyblue,
1064,,,,
1098,셔츠,middle,pink,normal
1099,셔츠,middle,pink,normal
1100,셔츠,middle,pink,normal
1101,셔츠,middle,pink,normal
1102,셔츠,middle,pink,normal
1103,셔츠,middle,pink,normal
1104,셔츠,middle,pink,normal
1105,셔츠,middle,pink,normal
1106,셔츠,middle,pink,normal
1107,셔츠,middle,pink,normal
1108,셔츠,middle,pink,normal
1109,셔츠,middle,pink,normal
1110,셔츠,middle,pink,normal
1111,셔츠,middle,pink,normal
1112,셔츠,middle,pink,normal
1113,셔츠,middle,pink,normal
1114,셔츠,middle,pink,normal
1115,셔츠,middle,pink,normal
1116,셔츠,middle,pink,normal
1117,셔츠,middle,pink,normal
1118,셔츠,middle,pink,normal
1119,셔츠,middle,pink,normal
1120,셔츠,middle,pink,normal
1121,셔츠,middle,pink,normal
1122,셔츠,middle,pink,normal
1123,셔츠,middle,pink,normal
1124,셔츠,middle,pink,normal
1125,셔츠,middle,pink,normal
1126,탑,middle,skyblue,normal
1128,탑,middle,skyblue,normal
1129,탑,middle,skyblue,normal
1130,탑,middle,skyblue,normal
1132,탑,middle,skyblue,normal
1133,탑,middle,skyblue,normal
1135,탑,middle,skyblue,normal
1136,탑,middle,lavender,normal
1137,탑,middle,skyblue,normal
1138,탑,middle,skyblue,normal
1140,탑,middle,skyblue,normal
1141,탑,middle,skyblue,normal
1143,탑,middle,skyblue,normal
1144,탑,middle,skyblue,normal
1145,탑,middle,skyblue,normal
1146,탑,middle,skyblue,normal
1147,탑,middle,skyblue,normal
1148,탑,middle,skyblue,normal
1149,탑,middle,skyblue,normal
1150,탑,middle,skyblue,normal
1151,탑,middle,skyblue,normal
1152,탑,middle,skyblue,normal
1153,탑,middle,skyblue,normal
1154,탑,middle,skyblue,normal
1155,탑,middle,skyblue,normal
1156,탑,middle,skyblue,normal
1157,탑,middle,skyblue,normal
1170,니트웨어,,beige,normal
1171,니트웨어,,beige,normal
1172,니트웨어,,beige,normal
1173,니트웨어,,beige,normal
1174,니트웨어,,beige,normal
1175,니트웨어,,beige,normal
1177,니트웨어,,beige,normal
1178,니트웨어,,beige,normal
1179,니트웨어,,beige,normal
1180,니트웨어,,beige,normal
1181,니트웨어,,beige,normal
1182,니트웨어,,beige,normal
1183,니트웨어,,beige,normal
1184,니트웨어,,beige,normal
1185,니트웨어,,beige,normal
1186,셔츠,,white,loose
1192,셔츠,,white,loose
1193,셔츠,,white,loose
1195,셔츠,,white,loose
1196,셔츠,,white,loose
1197,셔츠,,white,loose
1198,셔츠,,white,loose
1199,셔츠,,white,loose
1200,셔츠,,red,normal
1201,셔츠,middle,red,normal
1202,셔츠,middle,red,normal
1203,셔츠,,red,normal
1204,셔츠,middle,red,normal
1205,셔츠,middle,red,normal
1206,셔츠,,red,normal
1207,셔츠,middle,red,normal
1208,셔츠,middle,red,normal
1209,셔츠,,red,normal
1210,셔츠,middle,red,normal
1211,셔츠,middle,red,normal
1212,셔츠,middle,red,normal
1213,셔츠,middle,red,normal
1214,셔츠,middle,red,normal
1215,셔츠,,red,normal
1216,셔츠,middle,red,normal
1217,셔츠,,red,normal
1218,셔츠,middle,red,normal
1219,셔츠,middle,red,normal
1220,셔츠,middle,red,normal
1221,셔츠,middle,red,normal
1222,셔츠,middle,red,normal
1223,셔츠,middle,red,normal
1224,셔츠,,red,normal
1225,셔츠,,red,normal
1226,셔츠,,red,normal
1227,셔츠,,red,normal
1228,셔츠,,,normal
1229,셔츠,,red,normal
1230,셔츠,middle,red,normal
1243,니트웨어,,white,normal
1247,니트웨어,,white,normal
1255,탑,,white,tight
1256,탑,,white,tight
1257,니트웨어,,white,normal
1259,니트웨어,short,black,tight
1260,니트웨어,short,black,tight
1261,니트웨어,short,,tight
1262,니트웨어,short,,tight
1284,셔츠,,navy,loose
1285,셔츠,long,navy,loose
1286,셔츠,,navy,loose
1287,셔츠,,navy,loose
1288,셔츠,,white,loose
1289,셔츠,long,white,loose
1290,셔츠,long,white,loose
1291,셔츠,,white,normal
1292,셔츠,,white,loose
1293,셔츠,,black,normal
1294,셔츠,,white,normal
1295,셔츠,,skyblue,normal
1296,셔츠,long,white,loose
1297,셔츠,,white,normal
1298,셔츠,,white,loose
1299,셔츠,,black,normal
1300,셔츠,,white,loose
1301,셔츠,,white,loose
1302,셔츠,,white,normal
1303,셔츠,,white,normal
1304,셔츠,long,white,loose
1305,셔츠,,beige,normal
1306,셔츠,,white,normal
1307,셔츠,,white,normal
1308,셔츠,,white,normal
1309,셔츠,,white,normal
1310,셔츠,,black,normal
1311,셔츠,,white,normal
1312,셔츠,long,white,loose
1313,,,white,
1314,,,white,
1315,셔츠,long,white,loose
1316,,,white,
1317,셔츠,,blue,loose
1318,,,white,
1319,셔츠,long,white,normal
1320,셔츠,long,white,normal
1321,셔츠,long,white,normal
1322,셔츠,long,white,normal
1323,셔츠,long,white,normal
1324,셔츠,long,white,normal
1325,셔츠,,white,normal
1326,셔츠,,pink,loose
1327,셔츠,,pink,loose
1328,셔츠,,beige,loose
1329,셔츠,long,beige,loose
1330,셔츠,,white,loose
1331,셔츠,long,lavender,loose
1332,탑,,brown,normal
1333,셔츠,long,navy,loose
1334,탑,,brown,normal
1335,탑,,brown,normal
1336,탑,,brown,normal
1337,셔츠,long,navy,loose
1338,셔츠,long,wine,loose
1339,셔츠,,wine,loose
1340,셔츠,long,white,normal
1341,셔츠,long,white,normal
1342,셔츠,long,white,normal
1343,셔츠,long,white,normal
1344,셔츠,long,white,normal
1345,셔츠,,lavender,normal
1346,셔츠,,lavender,normal
1347,셔츠,long,white,normal
1348,니트웨어,middle,brown,loose
1349,니트웨어,,skyblue,loose
1350,니트웨어,middle,skyblue,loose
1351,니트웨어,middle,skyblue,loose
1352,니트웨어,,skyblue,loose
1354,티셔츠,,white,normal
1358,티셔츠,,white,normal
1359,티셔츠,,white,normal
1360,티셔츠,,white,normal
1361,티셔츠,,white,normal
1362,티셔츠,,white,normal
1363,티셔츠,,white,normal
1364,티셔츠,,white,normal
1366,티셔츠,,white,normal
1367,티셔츠,,white,normal
1368,티셔츠,,white,normal
1369,티셔츠,,white,normal
1371,티셔츠,,white,normal
1372,티셔츠,,white,normal
1373,티셔츠,,white,normal
1375,티셔츠,,white,normal
1376,티셔츠,,white,normal
1382,니트웨어,,brown,
1393,니트웨어,,brown,
1395,니트웨어,,brown,
1399,니트웨어,,brown,
1400,니트웨어,,brown,
1401,니트웨어,,brown,
1402,니트웨어,,brown,
1404,니트웨어,,brown,
1405,니트웨어,,brown,
1406,니트웨어,,brown,
1408,니트웨어,,brown,
1409,니트웨어,,brown,
1410,니트웨어,,brown,
1417,니트웨어,,brown,
1421,니트웨어,,brown,
1422,니트웨어,,brown,
1423,니트웨어,,brown,
1425,니트웨어,,brown,
1426,니트웨어,,brown,
1429,니트웨어,,brown,
1430,니트웨어,,brown,
1431,니트웨어,,brown,
1434,셔츠,,white,normal
1435,셔츠,,white,normal
1436,셔츠,,white,normal
1437,셔츠,,white,normal
1438,셔츠,,white,normal
1439,셔츠,,white,normal
1440,티셔츠,middle,black,normal
1441,티셔츠,middle,black,normal
1442,티셔츠,middle,black,normal
1443,티셔츠,middle,black,normal
1446,티셔츠,middle,beige,normal
1447,티셔츠,middle,beige,normal
1449,티셔츠,middle,beige,normal
1451,티셔츠,middle,beige,normal
1452,티셔츠,middle,beige,normal
1453,티셔츠,middle,beige,normal
1454,티셔츠,middle,beige,normal
1455,셔츠,long,white,loose
1456,셔츠,,white,loose
1465,블라우스,middle,white,normal
1466,블라우스,middle,white,normal
1467,블라우스,middle,white,normal
1469,블라우스,middle,white,normal
1470,블라우스,middle,white,normal
1471,블라우스,middle,white,normal
1472,블라우스,middle,white,normal
1474,브라탑,middle,white,tight
1475,브라탑,middle,white,tight
1476,브라탑,middle,white,tight
1477,브라탑,middle,white,tight
1478,브라탑,middle,white,tight
1479,셔츠,,white,loose
1481,셔츠,,white,loose
1483,셔츠,,white,loose
1484,셔츠,,white,loose
1487,티셔츠,,white,normal
1494,티셔츠,,white,normal
1495,티셔츠,middle,white,normal
1496,티셔츠,middle,white,normal
1497,티셔츠,middle,white,normal
1498,티셔츠,middle,white,normal
1499,티셔츠,,white,
1500,티셔츠,,white,
1501,티셔츠,,white,
1503,티셔츠,,white,normal
1504,티셔츠,,white,loose
1505,티셔츠,,white,loose
1506,티셔츠,,navy,tight
1507,티셔츠,,navy,tight
1509,셔츠,,white,normal
1510,셔츠,,white,normal
1512,셔츠,,white,normal
1515,셔츠,,white,normal
1516,셔츠,,white,normal
1517,셔츠,,white,normal
1518,셔츠,,white,normal
1520,티셔츠,middle,green,normal
1521,티셔츠,middle,green,normal
1522,티셔츠,short,black,tight
1523,티셔츠,short,black,tight
1539,티셔츠,middle,black,tight
1540,티셔츠,middle,black,tight
1541,티셔츠,middle,black,tight
1542,티셔츠,middle,black,tight
1543,티셔츠,middle,black,tight
1544,티셔츠,middle,black,tight
1545,티셔츠,middle,black,tight
1546,티셔츠,middle,black,tight
1547,티셔츠,middle,black,tight
1548,티셔츠,middle,black,tight
1549,티셔츠,middle,black,tight
1550,티셔츠,middle,black,tight
1551,티셔츠,middle,black,tight
1556,티셔츠,middle,white,tight
1557,티셔츠,middle,white,tight
1559,티셔츠,middle,white,tight
1560,티셔츠,middle,white,tight
1564,티셔츠,middle,white,tight
1565,티셔츠,middle,white,tight
1566,티셔츠,middle,black,tight
1570,티셔츠,middle,white,tight
1573,티셔츠,middle,white,tight
1582,티셔츠,middle,white,tight
1585,티셔츠,middle,black,tight
1601,티셔츠,,white,loose
1602,티셔츠,,white,loose
1603,티셔츠,,white,loose
1604,티셔츠,,white,loose
1605,티셔츠,,white,loose
1606,티셔츠,,white,loose
1608,티셔츠,,white,loose
1610,티셔츠,,white,loose
1615,티셔츠,,white,loose
1616,티셔츠,,white,loose
1617,티셔츠,,white,loose
1618,티셔츠,,white,loose
1623,티셔츠,,white,loose
1632,티셔츠,,white,loose
1645,티셔츠,,white,loose
1646,셔츠,long,pink,loose
1647,셔츠,,pink,loose
1648,셔츠,long,pink,loose
1649,셔츠,long,pink,loose
1650,셔츠,,pink,loose
1651,셔츠,long,pink,loose
1652,셔츠,long,pink,loose
1653,셔츠,long,pink,loose
1654,셔츠,long,pink,loose
1655,셔츠,long,pink,loose
1656,셔츠,long,pink,loose
1657,셔츠,long,pink,loose
1658,셔츠,long,pink,loose
1659,셔츠,long,pink,loose
1660,셔츠,long,pink,loose
1661,셔츠,long,pink,loose
1662,셔츠,long,pink,loose
1663,셔츠,long,pink,loose
1664,셔츠,long,pink,loose
1665,셔츠,long,pink,loose
1666,셔츠,long,pink,loose
1667,셔츠,long,pink,loose
1668,셔츠,long,pink,loose
1669,셔츠,long,pink,loose
1670,셔츠,long,pink,loose
1671,셔츠,,pink,loose
1672,셔츠,long,pink,loose
1673,셔츠,long,pink,loose
1674,셔츠,long,pink,loose
1675,셔츠,long,pink,loose
1676,셔츠,,pink,loose
1677,셔츠,long,pink,loose
1678,셔츠,long,pink,loose
1679,셔츠,long,pink,loose
1680,셔츠,,pink,loose
1681,셔츠,long,pink,loose
1682,셔츠,long,pink,loose
1683,셔츠,,pink,loose
1684,셔츠,,pink,loose
1685,티셔츠,,navy,normal
1686,티셔츠,,navy,normal
1687,티셔츠,,navy,normal
1688,티셔츠,,navy,normal
1689,티셔츠,,navy,normal
1690,티셔츠,,navy,normal
1691,티셔츠,,navy,normal
1692,티셔츠,,navy,normal
1693,티셔츠,,navy,normal
1694,티셔츠,,navy,normal
1695,티셔츠,,navy,normal
1696,티셔츠,,navy,normal
1697,티셔츠,,navy,normal
1698,티셔츠,,navy,normal
1699,티셔츠,,navy,normal
1700,티셔츠,,navy,normal
1701,티셔츠,,navy,normal
1702,티셔츠,,navy,normal
1703,셔츠,long,white,normal
1704,셔츠,middle,white,normal
1705,셔츠,middle,white,normal
1706,셔츠,,white,normal
1707,셔츠,,white,normal
1708,셔츠,,white,normal
1709,셔츠,middle,white,normal
1710,탑,,black,loose
1711,탑,,black,loose
1712,탑,,white,loose
1713,탑,,black,loose
1715,탑,,black,loose
1718,탑,,white,loose
1720,탑,,white,loose
1721,탑,,black,loose
1723,탑,,white,loose
1728,탑,,white,normal
1729,탑,,white,normal
1732,탑,,white,normal
1733,탑,,white,normal
1734,탑,,white,normal
1738,탑,,white,normal
1741,탑,,white,normal
1742,탑,,white,normal
1743,탑,,white,normal
1745,탑,,white,normal
1746,탑,,white,normal
1752,티셔츠,,black,normal
1755,티셔츠,,black,normal
1757,티셔츠,,black,normal
1758,티셔츠,,black,normal
1760,티셔츠,,black,normal
1763,니트웨어,middle,wine,loose
1764,니트웨어,middle,wine,loose
1765,티셔츠,middle,wine,normal
1766,티셔츠,middle,wine,normal
1767,니트웨어,middle,wine,loose
1768,니트웨어,middle,wine,loose
1770,니트웨어,middle,wine,loose
1771,니트웨어,,white,normal
1773,,,white,
1775,니트웨어,,white,normal
1776,,,white,
1777,니트웨어,,white,normal
1779,니트웨어,,white,normal
1781,니트웨어,,orange,loose
1782,니트웨어,,orange,loose
1783,니트웨어,,orange,loose
1784,니트웨어,,orange,loose
1788,블라우스,,white,tight
1789,블라우스,,white,tight
1790,블라우스,,white,tight
1792,블라우스,,white,normal
1793,블라우스,,white,normal
1794,블라우스,,white,normal
1795,블라우스,,white,normal
1796,블라우스,,white,normal
1797,블라우스,,white,normal
1798,블라우스,,white,normal
1801,블라우스,middle,white,normal
1806,블라우스,middle,white,normal
1807,블라우스,short,white,normal
1809,셔츠,,wine,normal
1811,셔츠,,wine,normal
1814,셔츠,,wine,normal
1815,셔츠,,wine,normal
1816,니트웨어,,black,normal
1819,셔츠,,wine,normal
1821,니트웨어,,black,normal
1823,니트웨어,,black,normal
1826,셔츠,,wine,normal
1832,니트웨어,,black,normal
1834,티셔츠,,black,normal
1836,티셔츠,,black,normal
1838,티셔츠,,black,normal
1839,티셔츠,,black,normal
1840,티셔츠,,black,normal
1841,티셔츠,,black,normal
1842,티셔츠,,black,normal
1843,니트웨어,,black,normal
1844,니트웨어,,black,normal
1845,블라우스,,white,loose
1847,블라우스,,white,loose
1849,블라우스,,white,loose
1850,블라우스,,white,loose
1851,블라우스,,white,loose
1859,티셔츠,,black,normal
1860,티셔츠,,black,normal
1864,티셔츠,,black,normal
1877,티셔츠,,black,normal
1883,티셔츠,,black,normal
1885,티셔츠,,black,normal
1886,티셔츠,,black,normal
1887,티셔츠,,black,normal
1888,티셔츠,,black,normal
1890,티셔츠,,black,normal
1891,티셔츠,,,normal
1892,티셔츠,,,normal
1893,티셔츠,,black,normal
1894,티셔츠,,black,normal
1895,티셔츠,,black,normal
1896,티셔츠,,black,normal
1897,티셔츠,,black,normal
1898,티셔츠,,black,normal
1901,,,white,
1904,,,white,
1905,,,white,
1907,티셔츠,,white,
1908,,,white,
1910,,,white,
1913,,,white,
1914,,,white,
1916,,,white,
1917,,,white,
1920,,,white,
1922,,,,
1923,셔츠,middle,white,loose
1924,셔츠,middle,white,loose
1925,셔츠,middle,white,loose
1926,셔츠,middle,white,loose
1927,셔츠,,navy,loose
1928,셔츠,,navy,loose
1929,셔츠,,navy,loose
1930,셔츠,,navy,loose
1931,셔츠,,navy,loose
1932,셔츠,,navy,loose
1933,셔츠,,navy,loose
1934,셔츠,,navy,loose
1935,셔츠,long,silver,loose
1936,셔츠,long,silver,loose
1937,셔츠,long,white,loose
1938,셔츠,long,silver,loose
1939,셔츠,long,silver,loose
1940,셔츠,long,silver,loose
1941,셔츠,long,silver,loose
1942,셔츠,,white,normal
1946,셔츠,,white,normal
1948,니트웨어,middle,green,loose
1951,셔츠,,skyblue,normal
1952,셔츠,,skyblue,normal
1953,셔츠,,skyblue,normal
1954,셔츠,,skyblue,normal
1957,셔츠,middle,white,normal
1958,셔츠,middle,white,normal
1959,셔츠,middle,white,normal
1960,셔츠,middle,white,normal
1961,셔츠,middle,white,normal
1962,셔츠,middle,white,normal
1963,블라우스,middle,white,normal
1965,블라우스,middle,white,normal
1966,블라우스,middle,white,normal
1967,블라우스,middle,white,normal
1968,블라우스,middle,white,normal
1969,블라우스,middle,white,normal
1970,블라우스,middle,white,normal
1971,,,white,
1973,티셔츠,middle,white,normal
1974,티셔츠,middle,white,normal
1975,티셔츠,middle,white,normal
1976,티셔츠,middle,white,normal
1978,티셔츠,middle,white,normal
1979,니트웨어,middle,black,normal
1980,니트웨어,middle,black,normal
1981,니트웨어,middle,black,normal
1982,니트웨어,middle,black,normal
1984,니트웨어,middle,black,normal
1985,니트웨어,middle,black,normal
1986,니트웨어,middle,black,normal
1987,니트웨어,middle,black,normal
1989,블라우스,middle,,normal
1990,블라우스,middle,black,normal
1991,블라우스,middle,black,normal
1994,티셔츠,middle,white,normal
1997,티셔츠,middle,,normal
1998,티셔츠,middle,,normal
2000,셔츠,long,blue,normal
2001,셔츠,long,blue,normal
2009,탑,middle,white,normal
2012,탑,middle,white,normal
2013,탑,middle,white,normal
2017,탑,short,black,tight
2018,탑,middle,white,loose
2019,탑,short,black,tight
2020,탑,short,black,tight
2021,탑,short,black,tight
2022,탑,short,black,tight
2023,탑,short,black,tight
2024,탑,middle,white,loose
2025,탑,short,black,tight
2026,탑,short,black,tight
2027,탑,short,black,tight
2028,탑,short,black,tight
2029,탑,short,black,tight
2030,탑,short,black,tight
2031,탑,middle,white,loose
2032,탑,middle,white,loose
2033,니트웨어,middle,black,normal
2034,니트웨어,middle,black,normal
2035,티셔츠,middle,white,loose
2036,니트웨어,middle,black,normal
2037,티셔츠,middle,white,loose
2038,니트웨어,middle,black,normal
2039,니트웨어,middle,black,normal
2041,니트웨어,middle,black,normal
2042,니트웨어,middle,black,normal
2043,니트웨어,middle,black,normal
2045,니트웨어,middle,black,normal
2046,니트웨어,middle,black,normal
2047,티셔츠,middle,white,loose
2048,니트웨어,middle,black,normal
2049,니트웨어,middle,black,normal
2051,니트웨어,middle,black,normal
2055,티셔츠,middle,white,loose
2057,티셔츠,middle,white,normal
2058,티셔츠,middle,white,normal
2060,티셔츠,middle,white,loose
2061,티셔츠,middle,white,loose
2065,티셔츠,middle,white,loose
2066,티셔츠,middle,white,normal
2067,티셔츠,middle,white,loose
2069,티셔츠,middle,white,loose
2070,티셔츠,middle,white,loose
2071,티셔츠,middle,white,normal
2072,티셔츠,middle,white,loose
2074,티셔츠,middle,white,loose
2078,티셔츠,middle,white,normal
2079,티셔츠,middle,white,loose
2081,티셔츠,middle,white,normal
2085,티셔츠,middle,white,loose
2086,티셔츠,middle,white,normal
2089,티셔츠,middle,white,normal
2094,티셔츠,middle,white,loose
2095,티셔츠,middle,white,loose
2097,티셔츠,middle,white,normal
2099,티셔츠,middle,white,normal
2101,셔츠,,beige,loose
2103,셔츠,,beige,normal
2104,셔츠,,beige,normal
2106,티셔츠,middle,white,loose
2107,셔츠,,beige,loose
2108,셔츠,,beige,loose
2109,티셔츠,middle,white,normal
2110,셔츠,,beige,loose
2111,셔츠,,beige,normal
2112,셔츠,,beige,normal
2113,셔츠,middle,beige,normal
2114,셔츠,,beige,normal
2115,셔츠,middle,beige,normal
2116,셔츠,,beige,normal
2117,셔츠,,beige,normal
2118,셔츠,middle,beige,normal
2119,셔츠,middle,beige,normal
2120,셔츠,,beige,normal
2121,셔츠,,beige,normal
2122,셔츠,middle,beige,normal
2123,셔츠,middle,beige,normal
2124,셔츠,middle,beige,normal
2125,셔츠,,beige,normal
2126,셔츠,middle,beige,normal
2127,셔츠,middle,beige,normal
2128,셔츠,middle,beige,normal
2129,셔츠,middle,beige,normal
2130,셔츠,middle,beige,normal
2131,셔츠,middle,beige,normal
2132,셔츠,middle,beige,normal
2133,셔츠,,beige,normal
2134,셔츠,middle,beige,normal
2135,셔츠,middle,beige,normal
2136,셔츠,,beige,normal
2149,셔츠,middle,yellow,normal
2150,셔츠,middle,yellow,normal
2151,셔츠,middle,yellow,normal
2152,셔츠,middle,yellow,normal
2153,셔츠,middle,yellow,normal
2154,셔츠,middle,yellow,normal
2155,셔츠,middle,yellow,normal
2156,셔츠,middle,yellow,normal
2157,셔츠,middle,yellow,normal
2158,셔츠,middle,yellow,normal
2159,셔츠,middle,yellow,normal
2160,셔츠,middle,yellow,normal
2161,셔츠,middle,yellow,normal
2165,셔츠,middle,yellow,normal
2174,셔츠,middle,yellow,normal
2177,셔츠,middle,yellow,normal
2179,셔츠,long,skyblue,loose
2180,셔츠,long,skyblue,loose
2181,셔츠,long,skyblue,normal
2182,셔츠,long,skyblue,normal
2183,셔츠,long,skyblue,normal
2184,셔츠,long,skyblue,loose
2185,셔츠,long,skyblue,loose
2186,셔츠,long,skyblue,normal
2187,셔츠,long,skyblue,loose
2188,셔츠,long,white,loose
2189,셔츠,long,skyblue,loose
2190,셔츠,long,skyblue,loose
2191,셔츠,long,skyblue,normal
2192,셔츠,long,skyblue,normal
2193,셔츠,long,skyblue,normal
2194,셔츠,long,skyblue,loose
2195,셔츠,long,skyblue,normal
2196,셔츠,long,skyblue,loose
2197,셔츠,long,skyblue,normal
2198,셔츠,long,skyblue,normal
2199,셔츠,long,skyblue,loose
2200,셔츠,long,skyblue,loose
2201,셔츠,long,skyblue,normal
2202,셔츠,long,skyblue,normal
2203,셔츠,long,skyblue,normal
2204,셔츠,long,skyblue,loose
2205,셔츠,long,skyblue,normal
2206,셔츠,long,white,loose
2207,셔츠,long,white,loose
2208,셔츠,long,white,loose
2209,셔츠,long,white,loose
2210,셔츠,long,white,loose
2211,셔츠,long,white,loose
2212,셔츠,long,white,loose
2213,셔츠,long,white,loose
2214,셔츠,long,white,loose
2215,셔츠,long,white,loose
2216,셔츠,long,white,loose
2217,셔츠,long,white,loose
2218,셔츠,long,white,loose
2219,셔츠,long,white,loose
2220,셔츠,long,white,loose
2221,셔츠,long,white,loose
2222,셔츠,long,white,loose
2223,셔츠,long,white,loose
2224,셔츠,long,white,loose
2225,셔츠,long,white,loose
2226,셔츠,long,white,loose
2227,셔츠,long,white,loose
2228,셔츠,long,white,loose
2229,셔츠,long,white,loose
2230,셔츠,long,white,loose
2231,셔츠,long,white,loose
2232,셔츠,long,white,loose
2233,셔츠,long,white,loose
2234,셔츠,long,white,loose
2235,셔츠,long,white,loose
2236,셔츠,long,white,loose
2246,니트웨어,long,black,normal
2247,니트웨어,long,grey,normal
2248,니트웨어,long,grey,normal
2249,니트웨어,long,grey,normal
2250,니트웨어,long,grey,normal
2251,니트웨어,long,grey,normal
2252,니트웨어,long,grey,normal
2253,니트웨어,long,grey,normal
2254,니트웨어,long,grey,normal
2255,니트웨어,long,grey,normal
2256,니트웨어,long,grey,normal
2257,니트웨어,long,grey,normal
2258,니트웨어,long,grey,normal
2259,니트웨어,long,grey,normal
2260,니트웨어,long,grey,normal
2261,니트웨어,long,grey,normal
2262,니트웨어,long,grey,normal
2263,니트웨어,long,grey,normal
2264,니트웨어,long,grey,normal
2265,니트웨어,long,grey,normal
2266,니트웨어,long,grey,normal
2267,니트웨어,long,grey,normal
2268,니트웨어,long,grey,normal
2269,니트웨어,long,grey,normal
2270,니트웨어,long,grey,normal
2271,니트웨어,long,grey,normal
2272,니트웨어,long,grey,normal
2273,니트웨어,long,grey,normal
2274,니트웨어,long,grey,normal
2275,티셔츠,,green,tight
2276,티셔츠,,green,tight
2277,티셔츠,,green,tight
2278,,,green,
2279,티셔츠,,green,tight
2280,,,green,
2281,티셔츠,,green,tight
2282,티셔츠,,green,tight
2283,티셔츠,,green,tight
2284,티셔츠,,green,tight
2285,티셔츠,middle,green,tight
2286,니트웨어,,orange,normal
2287,니트웨어,,orange,normal
2288,니트웨어,,white,normal
2289,니트웨어,,orange,normal
2291,니트웨어,,orange,normal
2292,티셔츠,,pink,normal
2293,니트웨어,,white,normal
2294,티셔츠,,pink,normal
2295,니트웨어,,orange,normal
2296,니트웨어,,orange,normal
2297,니트웨어,,orange,normal
2298,니트웨어,,orange,normal
2299,니트웨어,,orange,normal
2301,니트웨어,,orange,normal
2302,니트웨어,,white,normal
2303,니트웨어,,orange,normal
2304,티셔츠,,pink,normal
2305,티셔츠,,pink,normal
2306,티셔츠,,pink,normal
2307,니트웨어,,orange,normal
2308,티셔츠,,orange,normal
2309,니트웨어,,white,normal
2310,티셔츠,,orange,normal
2311,니트웨어,,white,normal
2312,니트웨어,,white,normal
2313,니트웨어,,white,normal
2314,니트웨어,,white,normal
2315,티셔츠,,orange,normal
2316,티셔츠,,orange,normal
2317,티셔츠,,orange,normal
2318,티셔츠,,orange,normal
2320,티셔츠,,orange,normal
2321,티셔츠,,orange,normal
2322,니트웨어,,white,normal
2323,티셔츠,,orange,normal
2324,티셔츠,,orange,normal
2325,티셔츠,,orange,normal
2326,티셔츠,,orange,normal
2327,티셔츠,,orange,normal
2328,티셔츠,,orange,normal
2329,니트웨어,,white,normal
2344,니트웨어,long,green,loose
2346,니트웨어,long,green,loose
2396,니트웨어,middle,,normal
2397,니트웨어,middle,,normal
2398,니트웨어,middle,,normal
2399,니트웨어,middle,,normal
2400,니트웨어,middle,,normal
2401,니트웨어,middle,,normal
2402,니트웨어,middle,,normal
2403,니트웨어,middle,,normal
2404,니트웨어,middle,,normal
2405,니트웨어,middle,,normal
2406,니트웨어,middle,,normal
2407,니트웨어,middle,,normal
2473,티셔츠,middle,white,loose
2474,티셔츠,middle,white,loose
2475,티셔츠,middle,white,loose
2476,티셔츠,middle,white,loose
2477,티셔츠,middle,white,loose
2478,티셔츠,middle,white,loose
2479,티셔츠,middle,white,loose
2484,,,grey,
2485,티셔츠,middle,white,loose
2486,티셔츠,middle,white,loose
2487,티셔츠,middle,white,loose
2488,티셔츠,middle,white,loose
2490,티셔츠,middle,white,loose
2491,셔츠,long,white,loose
2493,니트웨어,,white,normal
2494,니트웨어,,white,normal
2495,니트웨어,,white,normal
2496,니트웨어,,white,normal
2497,니트웨어,,white,normal
2504,니트웨어,,white,normal
2508,니트웨어,long,silver,loose
2509,니트웨어,long,silver,loose
2510,니트웨어,long,silver,loose
2511,니트웨어,long,silver,loose
2512,니트웨어,long,silver,loose
2513,니트웨어,long,silver,loose
2514,니트웨어,long,silver,loose
2515,니트웨어,long,silver,loose
2516,니트웨어,long,silver,loose
2517,티셔츠,middle,,normal
2520,티셔츠,middle,,normal
2521,티셔츠,middle,,normal
2522,티셔츠,middle,black,normal
2524,티셔츠,middle,black,normal
2525,티셔츠,middle,,normal
2526,티셔츠,middle,,normal
2527,티셔츠,middle,,normal
2528,티셔츠,middle,,normal
2529,티셔츠,middle,black,normal
2530,티셔츠,middle,,normal
2531,티셔츠,middle,black,normal
2532,티셔츠,middle,black,normal
2533,티셔츠,middle,black,normal
2534,티셔츠,middle,,normal
2535,티셔츠,middle,black,normal
2536,티셔츠,middle,,normal
2538,티셔츠,middle,black,normal
2539,티셔츠,middle,,normal
2542,티셔츠,middle,,normal
2543,티셔츠,middle,,normal
2544,티셔츠,middle,,normal
2545,티셔츠,middle,,normal
2548,티셔츠,middle,black,normal
2549,티셔츠,middle,black,normal
2551,티셔츠,middle,,normal
2552,티셔츠,middle,black,normal
2553,티셔츠,middle,,normal
2561,티셔츠,middle,black,loose
2567,티셔츠,middle,black,loose
2568,티셔츠,middle,black,loose
2571,티셔츠,middle,black,loose
2573,티셔츠,middle,black,loose
2574,티셔츠,middle,black,loose
2576,티셔츠,middle,black,loose
2583,티셔츠,middle,black,loose
2584,티셔츠,middle,black,loose
2586,티셔츠,middle,beige,loose
2597,티셔츠,middle,black,loose
2598,티셔츠,middle,black,loose
2599,티셔츠,middle,black,loose
2601,티셔츠,middle,black,loose
2603,티셔츠,middle,black,loose
2604,티셔츠,middle,black,loose
2605,티셔츠,middle,black,loose
2606,티셔츠,middle,black,loose
2607,티셔츠,middle,black,loose
2608,티셔츠,middle,black,loose
2609,탑,middle,beige,normal
2610,탑,middle,beige,normal
2611,탑,middle,beige,normal
2612,탑,middle,beige,normal
2613,탑,middle,beige,normal
2614,탑,middle,beige,normal
2615,탑,middle,beige,normal
2616,탑,middle,beige,normal
2617,탑,middle,beige,normal
2618,,,grey,
2619,,,grey,
2620,,,grey,
2621,,,grey,
2622,,,grey,
2623,,,grey,
2624,,,grey,
2625,,,grey,
2626,,,grey,
2627,,,grey,
2628,니트웨어,long,grey,loose
2629,니트웨어,long,grey,loose
2630,니트웨어,long,grey,loose
2631,니트웨어,long,grey,loose
2632,니트웨어,long,grey,loose
2633,니트웨어,long,grey,loose
2634,니트웨어,long,grey,loose
2635,니트웨어,long,grey,loose
2636,니트웨어,long,grey,loose
2637,니트웨어,long,grey,loose
2638,니트웨어,long,grey,loose
2639,니트웨어,long,grey,loose
2640,니트웨어,long,grey,loose
2641,니트웨어,long,grey,loose
2642,니트웨어,long,grey,loose
2643,니트웨어,long,grey,loose
2644,니트웨어,long,grey,loose
2645,니트웨어,long,grey,loose
2646,니트웨어,long,grey,loose
2647,니트웨어,long,grey,loose
2648,니트웨어,long,grey,loose
2649,니트웨어,long,grey,loose
2650,니트웨어,long,grey,loose
2651,니트웨어,long,grey,loose
2652,니트웨어,long,grey,loose
2653,니트웨어,long,grey,loose
2654,셔츠,long,navy,normal
2655,셔츠,long,navy,normal
2656,셔츠,,navy,normal
2657,셔츠,middle,beige,normal
2658,셔츠,middle,beige,normal
2659,셔츠,long,navy,normal
2660,셔츠,long,navy,normal
2661,셔츠,long,navy,normal
2662,셔츠,long,navy,normal
2663,셔츠,long,navy,normal
2664,셔츠,long,navy,normal
2665,셔츠,middle,beige,normal
2666,셔츠,long,navy,normal
2667,셔츠,long,navy,normal
2668,셔츠,long,navy,normal
2669,셔츠,middle,beige,loose
2670,셔츠,long,navy,normal
2671,셔츠,long,navy,normal
2672,셔츠,long,navy,normal
2673,셔츠,,navy,normal
2674,셔츠,long,navy,normal
2675,셔츠,middle,beige,loose
2676,셔츠,,navy,normal
2677,셔츠,,navy,normal
2678,셔츠,long,navy,normal
2679,셔츠,long,navy,normal
2680,셔츠,middle,beige,normal
2681,셔츠,long,navy,normal
2682,셔츠,long,navy,normal
2683,셔츠,long,navy,normal
2684,셔츠,long,navy,normal
2685,셔츠,long,navy,normal
2686,셔츠,middle,beige,normal
2687,셔츠,middle,beige,loose
2688,셔츠,middle,beige,loose
2689,셔츠,long,navy,normal
2690,셔츠,middle,beige,normal
2691,셔츠,long,navy,normal
2692,셔츠,middle,beige,loose
2693,셔츠,middle,beige,normal
2694,셔츠,middle,beige,loose
2695,셔츠,middle,beige,normal
2696,셔츠,middle,beige,normal
2697,셔츠,middle,beige,normal
2698,셔츠,middle,beige,normal
2699,셔츠,middle,beige,loose
2700,셔츠,middle,beige,normal
2701,셔츠,middle,beige,loose
2702,셔츠,middle,beige,normal
2703,셔츠,middle,beige,normal
2704,셔츠,middle,beige,loose
2705,셔츠,middle,beige,normal
2706,셔츠,middle,grey,normal
2707,셔츠,middle,grey,normal
2708,셔츠,middle,grey,normal
2709,셔츠,middle,grey,normal
2710,티셔츠,middle,grey,normal
2711,셔츠,middle,grey,normal
2712,셔츠,middle,grey,normal
2713,셔츠,middle,grey,normal
2714,셔츠,middle,grey,normal
2715,티셔츠,middle,grey,normal
2716,셔츠,middle,grey,normal
2717,셔츠,middle,grey,normal
2718,셔츠,middle,grey,normal
2719,셔츠,middle,grey,normal
2720,셔츠,middle,grey,normal
2721,셔츠,middle,grey,normal
2722,셔츠,middle,grey,normal
2723,셔츠,middle,grey,normal
2724,셔츠,middle,grey,normal
2725,티셔츠,middle,grey,normal
2726,셔츠,middle,grey,normal
2727,티셔츠,middle,grey,normal
2728,셔츠,middle,grey,normal
2729,셔츠,middle,grey,normal
2730,셔츠,middle,grey,normal
2731,셔츠,middle,grey,normal
2732,셔츠,middle,grey,normal
2733,셔츠,middle,grey,normal
2736,니트웨어,,black,normal
2737,니트웨어,,black,normal
2739,니트웨어,,black,normal
2740,니트웨어,,black,normal
2741,니트웨어,,black,normal
2742,니트웨어,,black,normal
2747,니트웨어,,black,normal
2750,니트웨어,,black,normal
2753,니트웨어,,black,normal
2754,니트웨어,,black,normal
2758,니트웨어,,black,normal
2760,니트웨어,,black,normal
2761,니트웨어,,black,normal
2766,니트웨어,,black,normal
2772,니트웨어,,black,normal
2774,니트웨어,,black,normal
2775,니트웨어,,black,normal
2776,니트웨어,,black,normal
2777,니트웨어,,black,normal
2778,니트웨어,,black,normal
2791,셔츠,middle,black,loose
2792,셔츠,middle,black,loose
2793,셔츠,middle,black,loose
2805,니트웨어,,black,normal
2808,니트웨어,,black,normal
2809,니트웨어,,,normal
2811,니트웨어,,black,normal
2813,니트웨어,,black,normal
2814,니트웨어,,,normal
2816,니트웨어,,,normal
2817,니트웨어,,,normal
2818,티셔츠,,,normal
2819,티셔츠,,,normal
2820,티셔츠,,,normal
2821,티셔츠,,,normal
2822,티셔츠,,,normal
2823,티셔츠,,white,normal
2826,티셔츠,,white,normal
2828,티셔츠,,white,normal
2831,블라우스,,white,normal
2833,블라우스,,white,normal
2840,티셔츠,,,normal
2841,티셔츠,,,normal
2842,티셔츠,,,normal
2843,티셔츠,,,normal
2844,티셔츠,,,normal
2845,티셔츠,,,normal
2856,셔츠,long,white,normal
2857,셔츠,long,white,normal
2858,셔츠,,white,loose
2860,셔츠,,white,loose
2861,셔츠,,white,loose
2862,셔츠,,white,loose
2863,셔츠,,white,loose
2864,셔츠,,white,loose
2865,셔츠,,white,loose
2866,니트웨어,,white,tight
2867,블라우스,,white,normal
2868,블라우스,,white,normal
2869,블라우스,,white,normal
2870,블라우스,,white,normal
2871,블라우스,,white,normal
2874,블라우스,,white,normal
2875,니트웨어,,white,tight
2876,블라우스,,white,normal
2878,블라우스,,white,normal
2879,블라우스,,white,normal
2882,니트웨어,,white,tight
2884,니트웨어,,white,tight
2885,니트웨어,,white,tight
2888,니트웨어,,white,tight
2889,니트웨어,,white,tight
2891,니트웨어,,white,tight
2893,니트웨어,,white,tight
2914,셔츠,middle,white,loose
2915,셔츠,long,white,loose
2916,셔츠,long,white,loose
2917,셔츠,long,white,loose
2918,셔츠,long,white,loose
2919,셔츠,long,white,loose
2920,셔츠,long,white,loose
2921,셔츠,long,white,loose
2922,셔츠,long,white,loose
2923,셔츠,long,white,loose
2924,셔츠,long,white,loose
2925,셔츠,long,white,loose
2926,셔츠,long,white,loose
2927,셔츠,long,white,loose
2929,셔츠,middle,white,loose
2930,셔츠,long,white,loose
2931,셔츠,long,white,loose
2932,셔츠,long,white,loose
2933,셔츠,long,white,loose
2934,셔츠,long,white,loose
2935,셔츠,long,white,loose
2936,셔츠,long,white,loose
2937,후드티,middle,white,normal
2938,후드티,middle,white,normal
2939,후드티,middle,white,normal
2940,후드티,middle,white,normal
2941,후드티,middle,white,normal
2942,후드티,middle,white,normal
2962,티셔츠,long,silver,loose
2963,티셔츠,middle,silver,loose
2964,티셔츠,long,silver,loose
2965,티셔츠,long,silver,loose
2966,티셔츠,long,silver,loose
2967,티셔츠,long,silver,loose
2968,티셔츠,middle,silver,loose
2969,티셔츠,long,silver,loose
2970,티셔츠,long,silver,loose
2971,티셔츠,middle,silver,loose
2972,티셔츠,long,silver,loose
2973,티셔츠,long,silver,loose
2974,티셔츠,long,silver,loose
2975,티셔츠,long,silver,loose
2976,티셔츠,long,silver,loose
2977,티셔츠,long,silver,loose
2978,티셔츠,middle,silver,loose
2979,티셔츠,middle,silver,loose
2980,티셔츠,long,silver,loose
2981,티셔츠,long,silver,loose
2982,티셔츠,long,silver,loose
2983,티셔츠,long,silver,loose
2984,티셔츠,middle,silver,loose
2985,티셔츠,long,silver,loose
2986,티셔츠,long,silver,loose
2987,티셔츠,long,silver,loose
2988,티셔츠,long,silver,loose
2989,티셔츠,middle,silver,loose
2990,티셔츠,middle,silver,loose
2992,티셔츠,middle,silver,loose
2994,니트웨어,,black,normal
2995,티셔츠,,white,tight
2996,티셔츠,,white,tight
2997,티셔츠,,white,tight
2998,티셔츠,,white,tight
2999,티셔츠,,white,tight
3013,티셔츠,,white,normal
3019,티셔츠,,white,normal
3024,티셔츠,,white,normal
3029,니트웨어,middle,silver,normal
3030,니트웨어,middle,red,normal
3031,니트웨어,middle,silver,normal
3032,니트웨어,middle,red,normal
3033,니트웨어,middle,silver,normal
3036,티셔츠,,beige,loose
3037,티셔츠,,beige,loose
3038,티셔츠,,beige,loose
3039,티셔츠,,beige,loose
3040,티셔츠,,beige,loose
3043,티셔츠,,beige,loose
3044,티셔츠,,beige,loose
3045,티셔츠,,beige,loose
3046,티셔츠,,beige,loose
3047,티셔츠,,beige,loose
3048,티셔츠,,beige,loose
3050,티셔츠,,beige,loose
3051,티셔츠,,beige,loose
3052,티셔츠,,beige,loose
3076,블라우스,,white,loose
3077,블라우스,,white,loose
3078,블라우스,,white,loose
3079,블라우스,,white,loose
3080,블라우스,,white,loose
3081,블라우스,,white,loose
3082,블라우스,,white,loose
3083,블라우스,,white,loose
3084,블라우스,,white,loose
3085,블라우스,,white,loose
3086,블라우스,,white,loose
3087,블라우스,,white,loose
3088,블라우스,,white,loose
3089,블라우스,,white,loose
3090,블라우스,,white,loose
3091,블라우스,,white,loose
3092,블라우스,,white,loose
3094,블라우스,,white,loose
3097,블라우스,,white,loose
3099,블라우스,,white,loose
3100,블라우스,,white,loose
3101,블라우스,,white,loose
3102,블라우스,,white,loose
3107,블라우스,,white,loose
3108,블라우스,,white,loose
3109,블라우스,,white,loose
3111,블라우스,,white,loose
3112,블라우스,,white,loose
3114,블라우스,,white,loose
3115,블라우스,,white,loose
3116,블라우스,,white,loose
3117,블라우스,,white,loose
3118,블라우스,,white,loose
3119,블라우스,,white,loose
3122,블라우스,,white,loose
3135,셔츠,,black,loose
3136,셔츠,,black,loose
3137,셔츠,,black,loose
3138,셔츠,,black,loose
3139,셔츠,,black,loose
3140,셔츠,,black,loose
3141,셔츠,long,black,loose
3142,셔츠,,black,loose
3143,셔츠,long,black,loose
3144,셔츠,long,black,loose
3145,셔츠,,black,loose
3146,셔츠,long,black,loose
3147,셔츠,,black,loose
3148,셔츠,,black,loose
3149,셔츠,,white,normal
3150,셔츠,,white,normal
3151,셔츠,,black,loose
3152,셔츠,,black,loose
3153,셔츠,,black,loose
3154,셔츠,long,black,loose
3155,셔츠,,black,loose
3158,셔츠,long,black,loose
3159,셔츠,,black,loose
3160,셔츠,,white,normal
3161,셔츠,,white,normal
3163,셔츠,,black,loose
3165,셔츠,long,black,loose
3166,셔츠,,black,loose
3168,셔츠,,white,normal
3169,셔츠,long,black,loose
3170,셔츠,,black,loose
3172,셔츠,,white,normal
3173,셔츠,long,black,loose
3175,셔츠,,white,normal
3178,셔츠,,white,normal
3179,셔츠,,black,loose
3180,셔츠,,white,normal
3182,셔츠,long,black,loose
3183,셔츠,long,black,loose
3184,셔츠,,white,normal
3185,셔츠,,white,normal
3188,셔츠,,white,normal
3189,셔츠,,white,normal
3191,셔츠,,white,normal
3201,셔츠,,white,normal
3202,셔츠,,white,normal
3203,셔츠,,white,normal
3204,셔츠,,white,normal
3205,셔츠,,white,normal
3206,셔츠,,white,normal
3207,셔츠,,white,normal
3209,셔츠,,white,normal
3210,셔츠,,white,normal
3212,셔츠,,white,normal
3213,블라우스,,white,normal
3214,블라우스,,white,normal
3215,블라우스,,white,normal
3216,블라우스,,white,normal
3217,블라우스,,white,normal
3218,블라우스,,white,normal
3219,블라우스,,white,normal
3220,블라우스,,white,normal
3221,블라우스,,white,normal
3222,블라우스,,white,normal
3223,블라우스,,white,normal
3224,블라우스,,white,normal
3225,블라우스,,white,normal
3226,블라우스,,white,normal
3227,블라우스,,white,normal
3228,블라우스,,white,normal
3229,블라우스,,white,normal
3230,블라우스,,white,normal
3231,블라우스,,white,normal
3232,블라우스,,white,normal
3233,블라우스,,white,normal
3234,블라우스,,white,normal
3235,블라우스,,white,normal
3236,블라우스,,white,normal
3237,블라우스,,white,normal
3238,블라우스,,white,normal
3239,블라우스,,white,normal
3240,블라우스,,white,normal
3241,블라우스,,white,normal
3242,블라우스,,white,normal
3243,블라우스,,white,normal
3255,니트웨어,middle,black,loose
3256,니트웨어,,black,loose
3257,니트웨어,middle,black,loose
3258,니트웨어,,black,loose
3259,니트웨어,,black,loose
3260,니트웨어,,black,loose
3261,니트웨어,,black,loose
3262,니트웨어,,black,loose
3263,니트웨어,,black,loose
3264,니트웨어,middle,black,loose
3265,니트웨어,middle,black,loose
3266,니트웨어,middle,black,loose
3267,니트웨어,middle,black,loose
3268,니트웨어,,black,loose
3270,니트웨어,,black,loose
3271,니트웨어,,black,loose
3272,니트웨어,middle,black,loose
3273,니트웨어,,black,loose
3274,니트웨어,,black,loose
3275,니트웨어,,black,loose
3276,니트웨어,,black,loose
3277,니트웨어,,black,loose
3278,니트웨어,,black,loose
3279,니트웨어,,black,loose
3280,니트웨어,middle,black,loose
3281,니트웨어,,black,loose
3282,니트웨어,middle,black,loose
3283,니트웨어,,black,loose
3284,니트웨어,middle,black,loose
3321,,,white,
3324,티셔츠,,white,
3327,티셔츠,,white,tight
3328,티셔츠,,white,tight
3330,티셔츠,,white,
3331,티셔츠,,white,
3332,티셔츠,,white,tight
3334,티셔츠,,white,
3337,티셔츠,,white,tight
3341,티셔츠,,,
3348,티셔츠,,white,tight
3349,티셔츠,,white,tight
3353,티셔츠,,white,
3394,티셔츠,,white,normal
3397,티셔츠,,white,normal
3448,티셔츠,,white,normal
3450,,,white,
3451,,,white,
3452,티셔츠,,white,normal
3453,,,white,
3454,티셔츠,,white,normal
3455,티셔츠,,white,normal
3456,,,white,
3457,티셔츠,,white,normal
3459,티셔츠,,white,normal
3460,티셔츠,,white,normal
3462,,,white,
3464,,,lavender,
3465,티셔츠,,white,normal
3466,티셔츠,,white,normal
3467,티셔츠,,white,normal
3468,티셔츠,,white,normal
3470,,,white,
3472,,,white,
3475,,,,
3476,티셔츠,,silver,normal
3477,티셔츠,,white,normal
3479,티셔츠,,white,normal
3480,티셔츠,,white,normal
3481,티셔츠,,white,normal
3482,티셔츠,,white,normal
3483,티셔츠,,white,normal
3484,티셔츠,,white,normal
3491,티셔츠,,white,loose
3494,티셔츠,,white,normal
3495,티셔츠,,white,normal
3497,티셔츠,,white,normal
3499,티셔츠,,white,normal
3503,,,white,
3515,블라우스,long,white,loose
3516,블라우스,long,white,loose
3517,블라우스,long,white,loose
3518,블라우스,long,white,loose
3519,블라우스,long,white,loose
3520,블라우스,long,white,loose
3522,블라우스,long,white,loose
3523,블라우스,long,white,loose
3524,블라우스,long,white,loose
3525,블라우스,long,white,loose
3526,블라우스,long,white,loose
3527,블라우스,long,white,loose
3546,셔츠,,white,normal
3579,,,yellow,
3590,니트웨어,long,silver,loose
3591,니트웨어,long,silver,loose
3592,니트웨어,long,silver,loose
3593,니트웨어,long,silver,loose
3594,니트웨어,long,silver,loose
3595,니트웨어,long,silver,loose
3596,니트웨어,long,silver,loose
3597,니트웨어,long,silver,loose
3598,니트웨어,long,silver,loose
3599,니트웨어,long,silver,loose
3600,니트웨어,long,silver,loose
3601,니트웨어,long,silver,loose
3603,니트웨어,long,silver,loose
3604,니트웨어,long,silver,loose
3605,니트웨어,long,silver,loose
3606,니트웨어,long,silver,loose
3607,니트웨어,long,silver,loose
3608,니트웨어,long,silver,loose
3609,니트웨어,long,silver,loose
3610,니트웨어,long,silver,loose
3611,티셔츠,,beige,normal
3612,티셔츠,,beige,normal
3613,티셔츠,,beige,normal
3614,티셔츠,,beige,normal
3615,티셔츠,,beige,normal
3616,티셔츠,,beige,normal
3617,티셔츠,,beige,normal
3619,티셔츠,,beige,normal
3621,티셔츠,,beige,normal
3624,,,white,
3627,,,beige,
3631,티셔츠,,white,normal
3632,,,white,
3633,티셔츠,,beige,normal
3635,,,beige,
3636,티셔츠,,white,normal
3639,티셔츠,,white,normal
3640,,,white,
3645,티셔츠,,white,normal
3648,,,white,
3651,,,white,
3652,티셔츠,,beige,normal
3653,셔츠,,lavender,loose
3654,셔츠,middle,lavender,normal
3655,셔츠,,lavender,normal
3656,셔츠,,lavender,normal
3657,셔츠,,lavender,normal
3658,셔츠,,lavender,normal
3659,셔츠,,lavender,normal
3660,셔츠,middle,lavender,normal
3661,셔츠,,grey,normal
3662,셔츠,long,grey,loose
3663,셔츠,long,grey,loose
3689,탑,,wine,normal
3690,탑,,wine,normal
3691,탑,,wine,normal
3692,탑,,wine,normal
3693,탑,,wine,normal
3694,탑,,wine,normal
3695,탑,,wine,normal
3696,탑,,wine,normal
3697,탑,,wine,normal
3698,탑,,wine,normal
3699,탑,,wine,normal
3700,탑,,wine,normal
3701,탑,,wine,normal
3702,탑,long,wine,normal
3703,탑,,wine,normal
3704,탑,,wine,normal
3705,탑,,wine,normal
3706,탑,long,wine,normal
3707,탑,,wine,normal
3708,탑,,wine,normal
3709,탑,,wine,normal
3710,탑,,wine,normal
3711,탑,,wine,normal
3712,탑,,wine,normal
3713,탑,,wine,normal
3714,탑,,wine,normal
3715,탑,,wine,normal
3716,탑,,wine,normal
3717,탑,,wine,normal
3718,탑,,wine,normal
3719,탑,,wine,normal
3720,탑,,wine,normal
3721,탑,,wine,normal
3722,탑,,wine,normal
3723,탑,,wine,normal
3724,탑,,wine,normal
3725,티셔츠,middle,silver,normal
3726,티셔츠,middle,silver,normal
3727,티셔츠,middle,silver,normal
3728,티셔츠,middle,silver,normal
3729,티셔츠,middle,silver,normal
3730,티셔츠,middle,silver,normal
3731,티셔츠,middle,silver,normal
3732,티셔츠,middle,silver,normal
3733,티셔츠,middle,silver,normal
3734,티셔츠,middle,silver,normal
3735,티셔츠,middle,silver,normal
3736,티셔츠,middle,silver,normal
3737,티셔츠,middle,silver,normal
3738,니트웨어,middle,white,normal
3739,니트웨어,middle,white,normal
3740,니트웨어,middle,white,normal
3741,니트웨어,middle,white,normal
3742,니트웨어,middle,white,normal
3743,니트웨어,middle,white,normal
3744,니트웨어,middle,white,normal
3745,니트웨어,middle,white,normal
3746,니트웨어,middle,white,normal
3747,니트웨어,middle,white,normal
3749,니트웨어,middle,white,normal
3750,니트웨어,middle,white,normal
3752,니트웨어,middle,white,normal
3754,니트웨어,middle,white,normal
3756,니트웨어,middle,white,normal
3759,니트웨어,middle,white,normal
3760,니트웨어,middle,white,normal
3763,니트웨어,middle,white,normal
3765,니트웨어,middle,,normal
3766,니트웨어,middle,,normal
3767,니트웨어,middle,,normal
3768,니트웨어,middle,,normal
3769,니트웨어,middle,,normal
3770,니트웨어,middle,,normal
3771,니트웨어,middle,,normal
3772,니트웨어,middle,,normal
3774,니트웨어,middle,,normal
3775,니트웨어,middle,,normal
3776,니트웨어,middle,,normal
3777,니트웨어,middle,,normal
3778,니트웨어,middle,,normal
3779,니트웨어,middle,,normal
3780,니트웨어,middle,,normal
3781,니트웨어,middle,,normal
3783,니트웨어,middle,,normal
3784,니트웨어,,,normal
3785,니트웨어,,,normal
3786,니트웨어,,,normal
3787,니트웨어,,,normal
3788,니트웨어,,,normal
3789,니트웨어,,,normal
3791,니트웨어,,,normal
3792,니트웨어,middle,,normal
3793,니트웨어,middle,,normal
3794,니트웨어,middle,,normal
3795,니트웨어,middle,,normal
3796,니트웨어,middle,,normal
3797,니트웨어,middle,,normal
3799,니트웨어,,,normal
3800,니트웨어,,,normal
3801,니트웨어,,,normal
3802,니트웨어,,,normal
3803,니트웨어,,,normal
3804,니트웨어,,,normal
3807,니트웨어,,,normal
3808,니트웨어,,,normal
3809,니트웨어,,,normal
3810,니트웨어,,,normal
3811,니트웨어,,,normal
3812,니트웨어,,,normal
3813,니트웨어,,,normal
3815,니트웨어,,,normal
3817,니트웨어,,,normal
3820,니트웨어,,,normal
3821,니트웨어,,,normal
3822,니트웨어,,,normal
3824,니트웨어,,,normal
3825,니트웨어,,,normal
3829,니트웨어,,,normal
3874,니트웨어,middle,black,tight
3875,니트웨어,middle,black,tight
3876,,,black,
3877,니트웨어,,black,tight
3878,니트웨어,,black,tight
3879,니트웨어,middle,black,tight
3880,니트웨어,middle,black,tight
3881,니트웨어,,black,tight
3882,니트웨어,middle,black,tight
3883,셔츠,long,skyblue,loose
3884,셔츠,long,skyblue,loose
3885,셔츠,long,skyblue,loose
3886,셔츠,,white,normal
3887,셔츠,,white,normal
3888,셔츠,,white,normal
3889,셔츠,,white,normal
3890,셔츠,,white,normal
3891,셔츠,,white,normal
3892,셔츠,,white,normal
3893,셔츠,,white,normal
3894,셔츠,,white,normal
3895,셔츠,,white,normal
3896,셔츠,,white,loose
3897,셔츠,,white,loose
3898,셔츠,,white,loose
3899,셔츠,,white,loose
3900,셔츠,,white,loose
3901,셔츠,,white,loose
3902,셔츠,,white,loose
3903,셔츠,middle,white,loose
3904,셔츠,,white,loose
3905,셔츠,middle,white,loose
3906,셔츠,middle,white,loose
3907,셔츠,,white,loose
3910,셔츠,,white,loose
3912,셔츠,,white,loose
3913,셔츠,,white,loose
3915,셔츠,,white,loose
3918,셔츠,,white,normal
3920,셔츠,,skyblue,loose
3921,셔츠,long,skyblue,loose
3922,셔츠,,skyblue,loose
3923,셔츠,long,skyblue,loose
3924,셔츠,,skyblue,loose
3925,셔츠,,skyblue,loose
3926,셔츠,long,skyblue,loose
3927,셔츠,,skyblue,loose
3928,셔츠,long,skyblue,loose
3929,셔츠,long,skyblue,loose
3930,셔츠,,skyblue,loose
3931,셔츠,long,skyblue,loose
3932,셔츠,,skyblue,loose
3933,셔츠,long,skyblue,loose
3934,셔츠,long,skyblue,loose
3935,셔츠,,skyblue,loose
3936,셔츠,long,skyblue,loose
3938,브라탑,short,black,tight
3940,브라탑,short,black,tight
3942,브라탑,short,black,tight
3943,브라탑,short,black,tight
3944,브라탑,short,black,tight
3945,브라탑,short,black,tight
3949,브라탑,short,black,tight
3950,브라탑,short,black,tight
3951,브라탑,short,black,tight
3954,브라탑,short,black,tight
3965,브라탑,short,black,tight
3968,브라탑,short,black,tight
3969,브라탑,short,black,tight
3975,셔츠,long,blue,normal
3976,셔츠,long,blue,normal
3977,셔츠,long,blue,normal
3978,셔츠,long,blue,normal
3979,셔츠,long,blue,normal
3980,셔츠,long,blue,normal
3981,셔츠,long,blue,normal
3982,셔츠,long,blue,normal
3983,셔츠,long,blue,normal
3984,셔츠,long,blue,normal
3985,셔츠,long,blue,normal
3986,셔츠,long,blue,normal
3987,셔츠,long,blue,normal
3988,셔츠,long,blue,normal
3989,셔츠,long,blue,normal
3990,셔츠,long,blue,normal
3991,셔츠,long,blue,normal
3992,셔츠,long,blue,normal
3993,셔츠,long,blue,normal
3994,셔츠,long,blue,normal
3995,셔츠,long,blue,normal
3996,셔츠,long,blue,normal
3997,셔츠,long,blue,normal
3998,셔츠,long,blue,normal
3999,셔츠,long,blue,normal
4000,니트웨어,middle,,normal
4003,셔츠,middle,grey,loose
4004,셔츠,middle,grey,loose
4006,셔츠,middle,grey,loose
4007,셔츠,middle,grey,loose
4008,셔츠,middle,grey,loose
4009,셔츠,middle,grey,loose
4010,셔츠,middle,grey,loose
4011,셔츠,middle,grey,loose
4013,셔츠,middle,grey,loose
4014,셔츠,middle,grey,loose
4015,셔츠,middle,grey,loose
4031,셔츠,long,white,loose
4032,셔츠,long,white,loose
4033,셔츠,long,white,loose
4034,셔츠,,민트,loose
4035,셔츠,long,grey,loose
4036,셔츠,long,grey,loose
4037,셔츠,long,grey,loose
4038,셔츠,long,grey,loose
4039,셔츠,long,grey,loose
4040,셔츠,long,grey,loose
4041,셔츠,long,white,normal
4042,셔츠,middle,white,normal
4043,셔츠,long,white,normal
4044,셔츠,,white,normal
4045,셔츠,,white,normal
4046,셔츠,middle,white,normal
4047,셔츠,long,white,normal
4048,셔츠,long,white,normal
4049,셔츠,,white,normal
4050,셔츠,long,white,normal
4051,셔츠,,white,normal
4052,셔츠,,white,normal
4065,셔츠,,black,loose
4066,셔츠,,black,loose
4067,셔츠,,black,loose
4068,셔츠,,black,loose
4069,셔츠,,black,loose
4070,셔츠,long,pink,loose
4071,셔츠,long,pink,loose
4072,셔츠,,pink,loose
4074,셔츠,,beige,loose
4075,셔츠,,beige,loose
4078,셔츠,,beige,loose
4081,셔츠,,pink,loose
4083,셔츠,,pink,loose
4085,셔츠,,beige,loose
4086,셔츠,,pink,loose
4088,셔츠,,pink,loose
4095,셔츠,,pink,loose
4098,셔츠,,beige,loose
4101,셔츠,,beige,loose
4104,셔츠,,white,loose
4108,셔츠,,white,loose
4110,셔츠,,white,loose
4111,셔츠,,white,loose
4113,셔츠,,white,loose
4114,셔츠,,white,loose
4116,셔츠,,white,loose
4117,셔츠,,white,loose
4129,티셔츠,,white,loose
4132,티셔츠,,white,loose
4133,티셔츠,,white,loose
4134,티셔츠,,white,loose
4135,티셔츠,,white,loose
4136,티셔츠,,white,loose
0,0,0,0,0
0,0,0,0,0
0,0,0,0,0
0,0,0,0,0
0,0,0,0,0
0,0,0,0,0
0,0,0,0,0
0,0,0,0,0
0,0,0,0,0
0,0,0,0,0
0,0,0,0,0
0,0,0,0,0
0,0,0,0,0
0,0,0,0,0
0,0,0,0,0
0,0,0,0,0
0,0,0,0,0
0,0,0,0,0
0,0,0,0,0
0,0,0,0,0
0,0,0,0,0
0,0,0,0,0
0,0,0,0,0
0,0,0,0,0
0,0,0,0,0
0,0,0,0,0
0,0,0,0,0
0,0,0,0,0
0,0,0,0,0
0,0,0,0,0
0,0,0,0,0
0,0,0,0,0
0,0,0,0,0
0,0,0,0,0
0,0,0,0,0
0,0,0,0,0
0,0,0,0,0
0,0,0,0,0
0,0,0,0,0
0,0,0,0,0
0,0,0,0,0
0,0,0,0,0
0,0,0,0,0
0,0,0,0,0
0,0,0,0,0
0,0,0,0,0
0,0,0,0,0
0,0,0,0,0
0,0,0,0,0
0,0,0,0,0
0,0,0,0,0
0,0,0,0,0
0,0,0,0,0
0,0,0,0,0
0,0,0,0,0
0,0,0,0,0
0,0,0,0,0
0,0,0,0,0
0,0,0,0,0
0,0,0,0,0
0,0,0,0,0
0,0,0,0,0
0,0,0,0,0
0,0,0,0,0
0,0,0,0,0
0,0,0,0,0
0,0,0,0,0
0,0,0,0,0
0,0,0,0,0
0,0,0,0,0
0,0,0,0,0
0,0,0,0,0
0,0,0,0,0
0,0,0,0,0
0,0,0,0,0
0,0,0,0,0
0,0,0,0,0
0,0,0,0,0
0,0,0,0,0
0,0,0,0,0
0,0,0,0,0
0,0,0,0,0
0,0,0,0,0
0,0,0,0,0
0,0,0,0,0
0,0,0,0,0
0,0,0,0,0
0,0,0,0,0
0,0,0,0,0
0,0,0,0,0
0,0,0,0,0
0,0,0,0,0
0,0,0,0,0
0,0,0,0,0
0,0,0,0,0
0,0,0,0,0
0,0,0,0,0
0,0,0,0,0
0,0,0,0,0
0,0,0,0,0
0,0,0,0,0
0,0,0,0,0
0,0,0,0,0
0,0,0,0,0
0,0,0,0,0
0,0,0,0,0
0,0,0,0,0
0,0,0,0,0
0,0,0,0,0
0,0,0,0,0
0,0,0,0,0
0,0,0,0,0
0,0,0,0,0
0,0,0,0,0
0,0,0,0,0
0,0,0,0,0
0,0,0,0,0
0,0,0,0,0
0,0,0,0,0
0,0,0,0,0
0,0,0,0,0
0,0,0,0,0
0,0,0,0,0
0,0,0,0,0
0,0,0,0,0
0,0,0,0,0
0,0,0,0,0
0,0,0,0,0
0,0,0,0,0
0,0,0,0,0
0,0,0,0,0
0,0,0,0,0
0,0,0,0,0
0,0,0,0,0
0,0,0,0,0
0,0,0,0,0
0,0,0,0,0
0,0,0,0,0
0,0,0,0,0
0,0,0,0,0
0,0,0,0,0
0,0,0,0,0
0,0,0,0,0
0,0,0,0,0
0,0,0,0,0
0,0,0,0,0
0,0,0,0,0
0,0,0,0,0
0,0,0,0,0
0,0,0,0,0
0,0,0,0,0
0,0,0,0,0
0,0,0,0,0
0,0,0,0,0
0,0,0,0,0
0,0,0,0,0
0,0,0,0,0
0,0,0,0,0
0,0,0,0,0
0,0,0,0,0
0,0,0,0,0
0,0,0,0,0
0,0,0,0,0
0,0,0,0,0
0,0,0,0,0
0,0,0,0,0
0,0,0,0,0
0,0,0,0,0
0,0,0,0,0
0,0,0,0,0
0,0,0,0,0
0,0,0,0,0
0,0,0,0,0
0,0,0,0,0
0,0,0,0,0
0,0,0,0,0
0,0,0,0,0
0,0,0,0,0
0,0,0,0,0
0,0,0,0,0
0,0,0,0,0
0,0,0,0,0
0,0,0,0,0
0,0,0,0,0
0,0,0,0,0
0,0,0,0,0
0,0,0,0,0
0,0,0,0,0
0,0,0,0,0
0,0,0,0,0
0,0,0,0,0
0,0,0,0,0
0,0,0,0,0
0,0,0,0,0
0,0,0,0,0
0,0,0,0,0
0,0,0,0,0
0,0,0,0,0
0,0,0,0,0
0,0,0,0,0
0,0,0,0,0
0,0,0,0,0
0,0,0,0,0
0,0,0,0,0
0,0,0,0,0
0,0,0,0,0
0,0,0,0,0
0,0,0,0,0
0,0,0,0,0
0,0,0,0,0
0,0,0,0,0
0,0,0,0,0
0,0,0,0,0
0,0,0,0,0
0,0,0,0,0
0,0,0,0,0
0,0,0,0,0
0,0,0,0,0
0,0,0,0,0
0,0,0,0,0
0,0,0,0,0
0,0,0,0,0
0,0,0,0,0
0,0,0,0,0
0,0,0,0,0
0,0,0,0,0
0,0,0,0,0
0,0,0,0,0
0,0,0,0,0
0,0,0,0,0
0,0,0,0,0
0,0,0,0,0
0,0,0,0,0
0,0,0,0,0
0,0,0,0,0
0,0,0,0,0
0,0,0,0,0
0,0,0,0,0
0,0,0,0,0
0,0,0,0,0
0,0,0,0,0
0,0,0,0,0
0,0,0,0,0
0,0,0,0,0
0,0,0,0,0
0,0,0,0,0
0,0,0,0,0
0,0,0,0,0
0,0,0,0,0
0,0,0,0,0
0,0,0,0,0
0,0,0,0,0
0,0,0,0,0
0,0,0,0,0
0,0,0,0,0
0,0,0,0,0
0,0,0,0,0
0,0,0,0,0
0,0,0,0,0
0,0,0,0,0
0,0,0,0,0
0,0,0,0,0
0,0,0,0,0
0,0,0,0,0
0,0,0,0,0
0,0,0,0,0
0,0,0,0,0
0,0,0,0,0
0,0,0,0,0
0,0,0,0,0
0,0,0,0,0
0,0,0,0,0
0,0,0,0,0
0,0,0,0,0
0,0,0,0,0
0,0,0,0,0
0,0,0,0,0
0,0,0,0,0
0,0,0,0,0
0,0,0,0,0
0,0,0,0,0
0,0,0,0,0
0,0,0,0,0
0,0,0,0,0
0,0,0,0,0
0,0,0,0,0
0,0,0,0,0
0,0,0,0,0
0,0,0,0,0
0,0,0,0,0
0,0,0,0,0
0,0,0,0,0
0,0,0,0,0
0,0,0,0,0
0,0,0,0,0
0,0,0,0,0
0,0,0,0,0
0,0,0,0,0
0,0,0,0,0
0,0,0,0,0
0,0,0,0,0
0,0,0,0,0
0,0,0,0,0
0,0,0,0,0
0,0,0,0,0
0,0,0,0,0
0,0,0,0,0
0,0,0,0,0
0,0,0,0,0
0,0,0,0,0
0,0,0,0,0
0,0,0,0,0
0,0,0,0,0
0,0,0,0,0
0,0,0,0,0
0,0,0,0,0
0,0,0,0,0
0,0,0,0,0
0,0,0,0,0
0,0,0,0,0
0,0,0,0,0
0,0,0,0,0
0,0,0,0,0
0,0,0,0,0
0,0,0,0,0
0,0,0,0,0
0,0,0,0,0
0,0,0,0,0
0,0,0,0,0
0,0,0,0,0
0,0,0,0,0
0,0,0,0,0
0,0,0,0,0
0,0,0,0,0
0,0,0,0,0
0,0,0,0,0
0,0,0,0,0
0,0,0,0,0
0,0,0,0,0
0,0,0,0,0
0,0,0,0,0
0,0,0,0,0
0,0,0,0,0
0,0,0,0,0
0,0,0,0,0
0,0,0,0,0
0,0,0,0,0
0,0,0,0,0
0,0,0,0,0
0,0,0,0,0
0,0,0,0,0
0,0,0,0,0
0,0,0,0,0
0,0,0,0,0
0,0,0,0,0
0,0,0,0,0
0,0,0,0,0
0,0,0,0,0
0,0,0,0,0
0,0,0,0,0
0,0,0,0,0
0,0,0,0,0
0,0,0,0,0
0,0,0,0,0
0,0,0,0,0
0,0,0,0,0
0,0,0,0,0
0,0,0,0,0
0,0,0,0,0
0,0,0,0,0
0,0,0,0,0
0,0,0,0,0
0,0,0,0,0
0,0,0,0,0
0,0,0,0,0
0,0,0,0,0
0,0,0,0,0
0,0,0,0,0
0,0,0,0,0
0,0,0,0,0
0,0,0,0,0
0,0,0,0,0
0,0,0,0,0
0,0,0,0,0
0,0,0,0,0
0,0,0,0,0
0,0,0,0,0
0,0,0,0,0
0,0,0,0,0
0,0,0,0,0
0,0,0,0,0
0,0,0,0,0
0,0,0,0,0
0,0,0,0,0
0,0,0,0,0
0,0,0,0,0
0,0,0,0,0
0,0,0,0,0
0,0,0,0,0
0,0,0,0,0
0,0,0,0,0
0,0,0,0,0
0,0,0,0,0
0,0,0,0,0
0,0,0,0,0
0,0,0,0,0
0,0,0,0,0
0,0,0,0,0
0,0,0,0,0
0,0,0,0,0
0,0,0,0,0
0,0,0,0,0
0,0,0,0,0
0,0,0,0,0
0,0,0,0,0
0,0,0,0,0
0,0,0,0,0
0,0,0,0,0
0,0,0,0,0
0,0,0,0,0
0,0,0,0,0
0,0,0,0,0
0,0,0,0,0
0,0,0,0,0
0,0,0,0,0
0,0,0,0,0
0,0,0,0,0
0,0,0,0,0
0,0,0,0,0
0,0,0,0,0
0,0,0,0,0
0,0,0,0,0
0,0,0,0,0
0,0,0,0,0
0,0,0,0,0
0,0,0,0,0
0,0,0,0,0
0,0,0,0,0
0,0,0,0,0
0,0,0,0,0
0,0,0,0,0
0,0,0,0,0
0,0,0,0,0
0,0,0,0,0
0,0,0,0,0
0,0,0,0,0
0,0,0,0,0
0,0,0,0,0
0,0,0,0,0
0,0,0,0,0
0,0,0,0,0
0,0,0,0,0
0,0,0,0,0
0,0,0,0,0
0,0,0,0,0
0,0,0,0,0
0,0,0,0,0
0,0,0,0,0
0,0,0,0,0
0,0,0,0,0
0,0,0,0,0
0,0,0,0,0
0,0,0,0,0
0,0,0,0,0
0,0,0,0,0
0,0,0,0,0
0,0,0,0,0
0,0,0,0,0
0,0,0,0,0
0,0,0,0,0
0,0,0,0,0
0,0,0,0,0
0,0,0,0,0
0,0,0,0,0
0,0,0,0,0
0,0,0,0,0
0,0,0,0,0
0,0,0,0,0
0,0,0,0,0
0,0,0,0,0
0,0,0,0,0
0,0,0,0,0
0,0,0,0,0
0,0,0,0,0
0,0,0,0,0
0,0,0,0,0
0,0,0,0,0
0,0,0,0,0
0,0,0,0,0
0,0,0,0,0
0,0,0,0,0
0,0,0,0,0
0,0,0,0,0
0,0,0,0,0
0,0,0,0,0
0,0,0,0,0
0,0,0,0,0
0,0,0,0,0
0,0,0,0,0
0,0,0,0,0
0,0,0,0,0
0,0,0,0,0
0,0,0,0,0
0,0,0,0,0
0,0,0,0,0
0,0,0,0,0
0,0,0,0,0
0,0,0,0,0
0,0,0,0,0
0,0,0,0,0
0,0,0,0,0
0,0,0,0,0
0,0,0,0,0
0,0,0,0,0
0,0,0,0,0
0,0,0,0,0
0,0,0,0,0
0,0,0,0,0
0,0,0,0,0
0,0,0,0,0
0,0,0,0,0
0,0,0,0,0
0,0,0,0,0
0,0,0,0,0
0,0,0,0,0
0,0,0,0,0
0,0,0,0,0
0,0,0,0,0
0,0,0,0,0
0,0,0,0,0
0,0,0,0,0
0,0,0,0,0
0,0,0,0,0
0,0,0,0,0
0,0,0,0,0
0,0,0,0,0
0,0,0,0,0
0,0,0,0,0
0,0,0,0,0
0,0,0,0,0
0,0,0,0,0
0,0,0,0,0
0,0,0,0,0
0,0,0,0,0
0,0,0,0,0
0,0,0,0,0
0,0,0,0,0
0,0,0,0,0
0,0,0,0,0
0,0,0,0,0
0,0,0,0,0
0,0,0,0,0
0,0,0,0,0
0,0,0,0,0
0,0,0,0,0
0,0,0,0,0
0,0,0,0,0
0,0,0,0,0
0,0,0,0,0
0,0,0,0,0
0,0,0,0,0
0,0,0,0,0
0,0,0,0,0
0,0,0,0,0
0,0,0,0,0
0,0,0,0,0
0,0,0,0,0
0,0,0,0,0
0,0,0,0,0
0,0,0,0,0
0,0,0,0,0
0,0,0,0,0
0,0,0,0,0
0,0,0,0,0
0,0,0,0,0
0,0,0,0,0
0,0,0,0,0
0,0,0,0,0
0,0,0,0,0
0,0,0,0,0
0,0,0,0,0
0,0,0,0,0
0,0,0,0,0
0,0,0,0,0
0,0,0,0,0
0,0,0,0,0
0,0,0,0,0
0,0,0,0,0
0,0,0,0,0
0,0,0,0,0
0,0,0,0,0
0,0,0,0,0
0,0,0,0,0
0,0,0,0,0
0,0,0,0,0
0,0,0,0,0
0,0,0,0,0
0,0,0,0,0
0,0,0,0,0
0,0,0,0,0
0,0,0,0,0
0,0,0,0,0
0,0,0,0,0
0,0,0,0,0
0,0,0,0,0
0,0,0,0,0
0,0,0,0,0
0,0,0,0,0
0,0,0,0,0
0,0,0,0,0
0,0,0,0,0
0,0,0,0,0
0,0,0,0,0
0,0,0,0,0
0,0,0,0,0
0,0,0,0,0
0,0,0,0,0
0,0,0,0,0
0,0,0,0,0
0,0,0,0,0
0,0,0,0,0
0,0,0,0,0
0,0,0,0,0
0,0,0,0,0
0,0,0,0,0
0,0,0,0,0
0,0,0,0,0
0,0,0,0,0
0,0,0,0,0
0,0,0,0,0
0,0,0,0,0
0,0,0,0,0
0,0,0,0,0
0,0,0,0,0
0,0,0,0,0
0,0,0,0,0
0,0,0,0,0
0,0,0,0,0
0,0,0,0,0
0,0,0,0,0
0,0,0,0,0
0,0,0,0,0
0,0,0,0,0
0,0,0,0,0
0,0,0,0,0
0,0,0,0,0
0,0,0,0,0
0,0,0,0,0
0,0,0,0,0
0,0,0,0,0
0,0,0,0,0
0,0,0,0,0
0,0,0,0,0
0,0,0,0,0
0,0,0,0,0
0,0,0,0,0
0,0,0,0,0
0,0,0,0,0
0,0,0,0,0
0,0,0,0,0
0,0,0,0,0
0,0,0,0,0
0,0,0,0,0
0,0,0,0,0
0,0,0,0,0
0,0,0,0,0
0,0,0,0,0
0,0,0,0,0
0,0,0,0,0
0,0,0,0,0
0,0,0,0,0
0,0,0,0,0
0,0,0,0,0
0,0,0,0,0
0,0,0,0,0
0,0,0,0,0
0,0,0,0,0
0,0,0,0,0
0,0,0,0,0
0,0,0,0,0
0,0,0,0,0
0,0,0,0,0
0,0,0,0,0
0,0,0,0,0
0,0,0,0,0
0,0,0,0,0
0,0,0,0,0
0,0,0,0,0
0,0,0,0,0
0,0,0,0,0
0,0,0,0,0
0,0,0,0,0
0,0,0,0,0
0,0,0,0,0
0,0,0,0,0
0,0,0,0,0
0,0,0,0,0
0,0,0,0,0
0,0,0,0,0
0,0,0,0,0
0,0,0,0,0
0,0,0,0,0
0,0,0,0,0
0,0,0,0,0
0,0,0,0,0
0,0,0,0,0
0,0,0,0,0
0,0,0,0,0
0,0,0,0,0
0,0,0,0,0
0,0,0,0,0
0,0,0,0,0
0,0,0,0,0
0,0,0,0,0
0,0,0,0,0
0,0,0,0,0
0,0,0,0,0
0,0,0,0,0
0,0,0,0,0
0,0,0,0,0
0,0,0,0,0
0,0,0,0,0
0,0,0,0,0
0,0,0,0,0
0,0,0,0,0
0,0,0,0,0
0,0,0,0,0
0,0,0,0,0
0,0,0,0,0
0,0,0,0,0
0,0,0,0,0
0,0,0,0,0
0,0,0,0,0
0,0,0,0,0
0,0,0,0,0
0,0,0,0,0
0,0,0,0,0
0,0,0,0,0
0,0,0,0,0
0,0,0,0,0
0,0,0,0,0
0,0,0,0,0
0,0,0,0,0
0,0,0,0,0
0,0,0,0,0
0,0,0,0,0
0,0,0,0,0
0,0,0,0,0
0,0,0,0,0
0,0,0,0,0
0,0,0,0,0
0,0,0,0,0
0,0,0,0,0
0,0,0,0,0
0,0,0,0,0
0,0,0,0,0
0,0,0,0,0
0,0,0,0,0
0,0,0,0,0
0,0,0,0,0
0,0,0,0,0
0,0,0,0,0
0,0,0,0,0
0,0,0,0,0
0,0,0,0,0
0,0,0,0,0
0,0,0,0,0
0,0,0,0,0
0,0,0,0,0
0,0,0,0,0
0,0,0,0,0
0,0,0,0,0
0,0,0,0,0
0,0,0,0,0
0,0,0,0,0
0,0,0,0,0
0,0,0,0,0
0,0,0,0,0
0,0,0,0,0
0,0,0,0,0
0,0,0,0,0
0,0,0,0,0
0,0,0,0,0
0,0,0,0,0
0,0,0,0,0
0,0,0,0,0
0,0,0,0,0
0,0,0,0,0
0,0,0,0,0
0,0,0,0,0
0,0,0,0,0
0,0,0,0,0
0,0,0,0,0
0,0,0,0,0
0,0,0,0,0
0,0,0,0,0
0,0,0,0,0
0,0,0,0,0
0,0,0,0,0
0,0,0,0,0
0,0,0,0,0
0,0,0,0,0
0,0,0,0,0
0,0,0,0,0
0,0,0,0,0
0,0,0,0,0
0,0,0,0,0
0,0,0,0,0
0,0,0,0,0
0,0,0,0,0
0,0,0,0,0
0,0,0,0,0
0,0,0,0,0
0,0,0,0,0
0,0,0,0,0
0,0,0,0,0
0,0,0,0,0
0,0,0,0,0
0,0,0,0,0
0,0,0,0,0
0,0,0,0,0
0,0,0,0,0
0,0,0,0,0
0,0,0,0,0
0,0,0,0,0
0,0,0,0,0
0,0,0,0,0
0,0,0,0,0
0,0,0,0,0
0,0,0,0,0
0,0,0,0,0
0,0,0,0,0
0,0,0,0,0
0,0,0,0,0
0,0,0,0,0
0,0,0,0,0
0,0,0,0,0
0,0,0,0,0
0,0,0,0,0
0,0,0,0,0
0,0,0,0,0
0,0,0,0,0
0,0,0,0,0
0,0,0,0,0
0,0,0,0,0
0,0,0,0,0
0,0,0,0,0
0,0,0,0,0
0,0,0,0,0
0,0,0,0,0
0,0,0,0,0
0,0,0,0,0
0,0,0,0,0
0,0,0,0,0
0,0,0,0,0
0,0,0,0,0
0,0,0,0,0
0,0,0,0,0
0,0,0,0,0
0,0,0,0,0
0,0,0,0,0
0,0,0,0,0
0,0,0,0,0
0,0,0,0,0
0,0,0,0,0
0,0,0,0,0
0,0,0,0,0
0,0,0,0,0
0,0,0,0,0
0,0,0,0,0
0,0,0,0,0
0,0,0,0,0
0,0,0,0,0
0,0,0,0,0
0,0,0,0,0
0,0,0,0,0
0,0,0,0,0
0,0,0,0,0
0,0,0,0,0
0,0,0,0,0
0,0,0,0,0
0,0,0,0,0
0,0,0,0,0
0,0,0,0,0
0,0,0,0,0
0,0,0,0,0
0,0,0,0,0
0,0,0,0,0
0,0,0,0,0
0,0,0,0,0
0,0,0,0,0
0,0,0,0,0
0,0,0,0,0
0,0,0,0,0
0,0,0,0,0
0,0,0,0,0
0,0,0,0,0
0,0,0,0,0
0,0,0,0,0
0,0,0,0,0
0,0,0,0,0
0,0,0,0,0
0,0,0,0,0
0,0,0,0,0
0,0,0,0,0
0,0,0,0,0
0,0,0,0,0
0,0,0,0,0
0,0,0,0,0
0,0,0,0,0
0,0,0,0,0
0,0,0,0,0
0,0,0,0,0
0,0,0,0,0
0,0,0,0,0
0,0,0,0,0
0,0,0,0,0
0,0,0,0,0
0,0,0,0,0
0,0,0,0,0
0,0,0,0,0
0,0,0,0,0
0,0,0,0,0
0,0,0,0,0
0,0,0,0,0
0,0,0,0,0
0,0,0,0,0
0,0,0,0,0
0,0,0,0,0
0,0,0,0,0
0,0,0,0,0
0,0,0,0,0
0,0,0,0,0
0,0,0,0,0
0,0,0,0,0
0,0,0,0,0
0,0,0,0,0
0,0,0,0,0
0,0,0,0,0
0,0,0,0,0
0,0,0,0,0
0,0,0,0,0
0,0,0,0,0
0,0,0,0,0
0,0,0,0,0
0,0,0,0,0
0,0,0,0,0
0,0,0,0,0
0,0,0,0,0
0,0,0,0,0
0,0,0,0,0
0,0,0,0,0
0,0,0,0,0
0,0,0,0,0
0,0,0,0,0
0,0,0,0,0
0,0,0,0,0
0,0,0,0,0
0,0,0,0,0
0,0,0,0,0
0,0,0,0,0
0,0,0,0,0
0,0,0,0,0
0,0,0,0,0
0,0,0,0,0
0,0,0,0,0
0,0,0,0,0
0,0,0,0,0
0,0,0,0,0
0,0,0,0,0
0,0,0,0,0
0,0,0,0,0
0,0,0,0,0
0,0,0,0,0
0,0,0,0,0
0,0,0,0,0
0,0,0,0,0
0,0,0,0,0
0,0,0,0,0
0,0,0,0,0
0,0,0,0,0
0,0,0,0,0
0,0,0,0,0
0,0,0,0,0
0,0,0,0,0
0,0,0,0,0
0,0,0,0,0
0,0,0,0,0
0,0,0,0,0
0,0,0,0,0
0,0,0,0,0
0,0,0,0,0
0,0,0,0,0
0,0,0,0,0
0,0,0,0,0
0,0,0,0,0
0,0,0,0,0
0,0,0,0,0
0,0,0,0,0
0,0,0,0,0
0,0,0,0,0
0,0,0,0,0
0,0,0,0,0
0,0,0,0,0
0,0,0,0,0
0,0,0,0,0
0,0,0,0,0
0,0,0,0,0
0,0,0,0,0
0,0,0,0,0
0,0,0,0,0
0,0,0,0,0
0,0,0,0,0
0,0,0,0,0
0,0,0,0,0
0,0,0,0,0
0,0,0,0,0
0,0,0,0,0
0,0,0,0,0
0,0,0,0,0
0,0,0,0,0
0,0,0,0,0
0,0,0,0,0
0,0,0,0,0
0,0,0,0,0
0,0,0,0,0
0,0,0,0,0
0,0,0,0,0
0,0,0,0,0
0,0,0,0,0
0,0,0,0,0
0,0,0,0,0
0,0,0,0,0
0,0,0,0,0
0,0,0,0,0
0,0,0,0,0
0,0,0,0,0
0,0,0,0,0
0,0,0,0,0
0,0,0,0,0
0,0,0,0,0
0,0,0,0,0
0,0,0,0,0
0,0,0,0,0
0,0,0,0,0
0,0,0,0,0
0,0,0,0,0
0,0,0,0,0
0,0,0,0,0
0,0,0,0,0
0,0,0,0,0
0,0,0,0,0
0,0,0,0,0
0,0,0,0,0
0,0,0,0,0
0,0,0,0,0
0,0,0,0,0
0,0,0,0,0
0,0,0,0,0
0,0,0,0,0
0,0,0,0,0
0,0,0,0,0
0,0,0,0,0
0,0,0,0,0
0,0,0,0,0
0,0,0,0,0
0,0,0,0,0
0,0,0,0,0
0,0,0,0,0
0,0,0,0,0
0,0,0,0,0
0,0,0,0,0
0,0,0,0,0
0,0,0,0,0
0,0,0,0,0
0,0,0,0,0
0,0,0,0,0
0,0,0,0,0
0,0,0,0,0
0,0,0,0,0
0,0,0,0,0
0,0,0,0,0
0,0,0,0,0
0,0,0,0,0
0,0,0,0,0
0,0,0,0,0
0,0,0,0,0
0,0,0,0,0
0,0,0,0,0
0,0,0,0,0
0,0,0,0,0
0,0,0,0,0
0,0,0,0,0
0,0,0,0,0
0,0,0,0,0
0,0,0,0,0
0,0,0,0,0
0,0,0,0,0
0,0,0,0,0
0,0,0,0,0
0,0,0,0,0
0,0,0,0,0
0,0,0,0,0
0,0,0,0,0
0,0,0,0,0
0,0,0,0,0
0,0,0,0,0
0,0,0,0,0
0,0,0,0,0
0,0,0,0,0
0,0,0,0,0
0,0,0,0,0
0,0,0,0,0
0,0,0,0,0
0,0,0,0,0
0,0,0,0,0
0,0,0,0,0
0,0,0,0,0
0,0,0,0,0
0,0,0,0,0
0,0,0,0,0
0,0,0,0,0
0,0,0,0,0
0,0,0,0,0
0,0,0,0,0
0,0,0,0,0
0,0,0,0,0
0,0,0,0,0
0,0,0,0,0
0,0,0,0,0
0,0,0,0,0
0,0,0,0,0
0,0,0,0,0
0,0,0,0,0
0,0,0,0,0
0,0,0,0,0
0,0,0,0,0
0,0,0,0,0
0,0,0,0,0
0,0,0,0,0
0,0,0,0,0
0,0,0,0,0
0,0,0,0,0
0,0,0,0,0
0,0,0,0,0
0,0,0,0,0
0,0,0,0,0
0,0,0,0,0
0,0,0,0,0
0,0,0,0,0
0,0,0,0,0
0,0,0,0,0
0,0,0,0,0
0,0,0,0,0
0,0,0,0,0
0,0,0,0,0
0,0,0,0,0
0,0,0,0,0
0,0,0,0,0
0,0,0,0,0
0,0,0,0,0
0,0,0,0,0
0,0,0,0,0
0,0,0,0,0
0,0,0,0,0
0,0,0,0,0
0,0,0,0,0
0,0,0,0,0
0,0,0,0,0
0,0,0,0,0
0,0,0,0,0
0,0,0,0,0
0,0,0,0,0
0,0,0,0,0
0,0,0,0,0
0,0,0,0,0
0,0,0,0,0
0,0,0,0,0
0,0,0,0,0
0,0,0,0,0
0,0,0,0,0
0,0,0,0,0
0,0,0,0,0
0,0,0,0,0
0,0,0,0,0
0,0,0,0,0
0,0,0,0,0
0,0,0,0,0
0,0,0,0,0
0,0,0,0,0
0,0,0,0,0
0,0,0,0,0
0,0,0,0,0
0,0,0,0,0
0,0,0,0,0
0,0,0,0,0
0,0,0,0,0
0,0,0,0,0
0,0,0,0,0
0,0,0,0,0
0,0,0,0,0
0,0,0,0,0
0,0,0,0,0
0,0,0,0,0
0,0,0,0,0
0,0,0,0,0
0,0,0,0,0
0,0,0,0,0
0,0,0,0,0
0,0,0,0,0
0,0,0,0,0
0,0,0,0,0
0,0,0,0,0
0,0,0,0,0
0,0,0,0,0
0,0,0,0,0
0,0,0,0,0
0,0,0,0,0
0,0,0,0,0
0,0,0,0,0
0,0,0,0,0
0,0,0,0,0
0,0,0,0,0
0,0,0,0,0
0,0,0,0,0
0,0,0,0,0
0,0,0,0,0
0,0,0,0,0
0,0,0,0,0
0,0,0,0,0
0,0,0,0,0
0,0,0,0,0
0,0,0,0,0
0,0,0,0,0
0,0,0,0,0
0,0,0,0,0
0,0,0,0,0
0,0,0,0,0
0,0,0,0,0
0,0,0,0,0
0,0,0,0,0
0,0,0,0,0
0,0,0,0,0
0,0,0,0,0
0,0,0,0,0
0,0,0,0,0
0,0,0,0,0
0,0,0,0,0
0,0,0,0,0
0,0,0,0,0
0,0,0,0,0
0,0,0,0,0
0,0,0,0,0
0,0,0,0,0
0,0,0,0,0
0,0,0,0,0
0,0,0,0,0
0,0,0,0,0
0,0,0,0,0
0,0,0,0,0
0,0,0,0,0
0,0,0,0,0
0,0,0,0,0
0,0,0,0,0
0,0,0,0,0
0,0,0,0,0
0,0,0,0,0
0,0,0,0,0
0,0,0,0,0
0,0,0,0,0
0,0,0,0,0
0,0,0,0,0
0,0,0,0,0
0,0,0,0,0
0,0,0,0,0
0,0,0,0,0
0,0,0,0,0
0,0,0,0,0
0,0,0,0,0
0,0,0,0,0
0,0,0,0,0
0,0,0,0,0
0,0,0,0,0
0,0,0,0,0
0,0,0,0,0
0,0,0,0,0
0,0,0,0,0
0,0,0,0,0
0,0,0,0,0
0,0,0,0,0
0,0,0,0,0
0,0,0,0,0
0,0,0,0,0
0,0,0,0,0
0,0,0,0,0
0,0,0,0,0
0,0,0,0,0
0,0,0,0,0
0,0,0,0,0
0,0,0,0,0
0,0,0,0,0
0,0,0,0,0
0,0,0,0,0
0,0,0,0,0
0,0,0,0,0
0,0,0,0,0
0,0,0,0,0
0,0,0,0,0
0,0,0,0,0
0,0,0,0,0
0,0,0,0,0
0,0,0,0,0
0,0,0,0,0
0,0,0,0,0
0,0,0,0,0
0,0,0,0,0
0,0,0,0,0
0,0,0,0,0
0,0,0,0,0
0,0,0,0,0
0,0,0,0,0
0,0,0,0,0
0,0,0,0,0
0,0,0,0,0
0,0,0,0,0
0,0,0,0,0
0,0,0,0,0
0,0,0,0,0
0,0,0,0,0
0,0,0,0,0
0,0,0,0,0
0,0,0,0,0
0,0,0,0,0
0,0,0,0,0
0,0,0,0,0
0,0,0,0,0
0,0,0,0,0
0,0,0,0,0
0,0,0,0,0
0,0,0,0,0
0,0,0,0,0
0,0,0,0,0
0,0,0,0,0
0,0,0,0,0
0,0,0,0,0
0,0,0,0,0
0,0,0,0,0
0,0,0,0,0
0,0,0,0,0
0,0,0,0,0
0,0,0,0,0
0,0,0,0,0
0,0,0,0,0
0,0,0,0,0
0,0,0,0,0
0,0,0,0,0
0,0,0,0,0
0,0,0,0,0
0,0,0,0,0
0,0,0,0,0
0,0,0,0,0
0,0,0,0,0
0,0,0,0,0
0,0,0,0,0
0,0,0,0,0
0,0,0,0,0
0,0,0,0,0
0,0,0,0,0
0,0,0,0,0
0,0,0,0,0
0,0,0,0,0
0,0,0,0,0
0,0,0,0,0
0,0,0,0,0
0,0,0,0,0
0,0,0,0,0
0,0,0,0,0
0,0,0,0,0
0,0,0,0,0
0,0,0,0,0
0,0,0,0,0
0,0,0,0,0
0,0,0,0,0
0,0,0,0,0
0,0,0,0,0
0,0,0,0,0
0,0,0,0,0
0,0,0,0,0
0,0,0,0,0
0,0,0,0,0
0,0,0,0,0
0,0,0,0,0
0,0,0,0,0
0,0,0,0,0
0,0,0,0,0
0,0,0,0,0
0,0,0,0,0
0,0,0,0,0
0,0,0,0,0
0,0,0,0,0
0,0,0,0,0
0,0,0,0,0
0,0,0,0,0
0,0,0,0,0
0,0,0,0,0
0,0,0,0,0
0,0,0,0,0
0,0,0,0,0
0,0,0,0,0
0,0,0,0,0
0,0,0,0,0
0,0,0,0,0
0,0,0,0,0
0,0,0,0,0
0,0,0,0,0
0,0,0,0,0
0,0,0,0,0
0,0,0,0,0
0,0,0,0,0
0,0,0,0,0
0,0,0,0,0
0,0,0,0,0
0,0,0,0,0
0,0,0,0,0
0,0,0,0,0
0,0,0,0,0
0,0,0,0,0
0,0,0,0,0
0,0,0,0,0
0,0,0,0,0
0,0,0,0,0
0,0,0,0,0
0,0,0,0,0
0,0,0,0,0
0,0,0,0,0
0,0,0,0,0
0,0,0,0,0
0,0,0,0,0
0,0,0,0,0
0,0,0,0,0
0,0,0,0,0
0,0,0,0,0
0,0,0,0,0
0,0,0,0,0
0,0,0,0,0
0,0,0,0,0
0,0,0,0,0
0,0,0,0,0
0,0,0,0,0
0,0,0,0,0
0,0,0,0,0
0,0,0,0,0
0,0,0,0,0
0,0,0,0,0
0,0,0,0,0
0,0,0,0,0
0,0,0,0,0
0,0,0,0,0
0,0,0,0,0
0,0,0,0,0
0,0,0,0,0
0,0,0,0,0
0,0,0,0,0
0,0,0,0,0
0,0,0,0,0
0,0,0,0,0
0,0,0,0,0
0,0,0,0,0
0,0,0,0,0
0,0,0,0,0
0,0,0,0,0
0,0,0,0,0
0,0,0,0,0
0,0,0,0,0
0,0,0,0,0
0,0,0,0,0
0,0,0,0,0
0,0,0,0,0
0,0,0,0,0
0,0,0,0,0
0,0,0,0,0
0,0,0,0,0
0,0,0,0,0
0,0,0,0,0
0,0,0,0,0
0,0,0,0,0
0,0,0,0,0
0,0,0,0,0
0,0,0,0,0
0,0,0,0,0
0,0,0,0,0
0,0,0,0,0
0,0,0,0,0
0,0,0,0,0
0,0,0,0,0
0,0,0,0,0
0,0,0,0,0
0,0,0,0,0
0,0,0,0,0
0,0,0,0,0
0,0,0,0,0
0,0,0,0,0
0,0,0,0,0
0,0,0,0,0
0,0,0,0,0
0,0,0,0,0
0,0,0,0,0
0,0,0,0,0
0,0,0,0,0
0,0,0,0,0
0,0,0,0,0
0,0,0,0,0
0,0,0,0,0
0,0,0,0,0
0,0,0,0,0
0,0,0,0,0
0,0,0,0,0
0,0,0,0,0
0,0,0,0,0
0,0,0,0,0
0,0,0,0,0
0,0,0,0,0
0,0,0,0,0
0,0,0,0,0
0,0,0,0,0
0,0,0,0,0
0,0,0,0,0
0,0,0,0,0
0,0,0,0,0
0,0,0,0,0
0,0,0,0,0
0,0,0,0,0
0,0,0,0,0
0,0,0,0,0
0,0,0,0,0
0,0,0,0,0
0,0,0,0,0
0,0,0,0,0
0,0,0,0,0
0,0,0,0,0
0,0,0,0,0
0,0,0,0,0
0,0,0,0,0
0,0,0,0,0
0,0,0,0,0
0,0,0,0,0
0,0,0,0,0
0,0,0,0,0
0,0,0,0,0
0,0,0,0,0
0,0,0,0,0
0,0,0,0,0
0,0,0,0,0
0,0,0,0,0
0,0,0,0,0
0,0,0,0,0
0,0,0,0,0
0,0,0,0,0
0,0,0,0,0
0,0,0,0,0
0,0,0,0,0
0,0,0,0,0
0,0,0,0,0
0,0,0,0,0
0,0,0,0,0
0,0,0,0,0
0,0,0,0,0
0,0,0,0,0
0,0,0,0,0
0,0,0,0,0
0,0,0,0,0
0,0,0,0,0
0,0,0,0,0
0,0,0,0,0
0,0,0,0,0
0,0,0,0,0
0,0,0,0,0
0,0,0,0,0
0,0,0,0,0
0,0,0,0,0
0,0,0,0,0
0,0,0,0,0
0,0,0,0,0
0,0,0,0,0
0,0,0,0,0
0,0,0,0,0
0,0,0,0,0
0,0,0,0,0
0,0,0,0,0
0,0,0,0,0
0,0,0,0,0
0,0,0,0,0
0,0,0,0,0
0,0,0,0,0
0,0,0,0,0
0,0,0,0,0
0,0,0,0,0
0,0,0,0,0
0,0,0,0,0
0,0,0,0,0
0,0,0,0,0
0,0,0,0,0
0,0,0,0,0
0,0,0,0,0
0,0,0,0,0
0,0,0,0,0
0,0,0,0,0
0,0,0,0,0
0,0,0,0,0
0,0,0,0,0
0,0,0,0,0
0,0,0,0,0
0,0,0,0,0
0,0,0,0,0
0,0,0,0,0
0,0,0,0,0
0,0,0,0,0
0,0,0,0,0
0,0,0,0,0
0,0,0,0,0
0,0,0,0,0
0,0,0,0,0
0,0,0,0,0
0,0,0,0,0
0,0,0,0,0
0,0,0,0,0
0,0,0,0,0
0,0,0,0,0
0,0,0,0,0
0,0,0,0,0
0,0,0,0,0
0,0,0,0,0
0,0,0,0,0
0,0,0,0,0
0,0,0,0,0
0,0,0,0,0
0,0,0,0,0
0,0,0,0,0
0,0,0,0,0
0,0,0,0,0
0,0,0,0,0
0,0,0,0,0
0,0,0,0,0
0,0,0,0,0
0,0,0,0,0
0,0,0,0,0
0,0,0,0,0
0,0,0,0,0
0,0,0,0,0
0,0,0,0,0
0,0,0,0,0
0,0,0,0,0
0,0,0,0,0
0,0,0,0,0
0,0,0,0,0
0,0,0,0,0
0,0,0,0,0
0,0,0,0,0
0,0,0,0,0
0,0,0,0,0
0,0,0,0,0
0,0,0,0,0
0,0,0,0,0
0,0,0,0,0
0,0,0,0,0
0,0,0,0,0
0,0,0,0,0
0,0,0,0,0
0,0,0,0,0
0,0,0,0,0
0,0,0,0,0
0,0,0,0,0
0,0,0,0,0
0,0,0,0,0
0,0,0,0,0
0,0,0,0,0
0,0,0,0,0
0,0,0,0,0
0,0,0,0,0
0,0,0,0,0
0,0,0,0,0
0,0,0,0,0
0,0,0,0,0
0,0,0,0,0
0,0,0,0,0
0,0,0,0,0
0,0,0,0,0
0,0,0,0,0
0,0,0,0,0
0,0,0,0,0
0,0,0,0,0
0,0,0,0,0
0,0,0,0,0
0,0,0,0,0
0,0,0,0,0
0,0,0,0,0
0,0,0,0,0
0,0,0,0,0
0,0,0,0,0
0,0,0,0,0
0,0,0,0,0
0,0,0,0,0
0,0,0,0,0
0,0,0,0,0
0,0,0,0,0
0,0,0,0,0
0,0,0,0,0
0,0,0,0,0
0,0,0,0,0
0,0,0,0,0
0,0,0,0,0
0,0,0,0,0
0,0,0,0,0
0,0,0,0,0
0,0,0,0,0
0,0,0,0,0
0,0,0,0,0
0,0,0,0,0
0,0,0,0,0
0,0,0,0,0
0,0,0,0,0
0,0,0,0,0
0,0,0,0,0
0,0,0,0,0
0,0,0,0,0
0,0,0,0,0
0,0,0,0,0
0,0,0,0,0
0,0,0,0,0
0,0,0,0,0
0,0,0,0,0
0,0,0,0,0
0,0,0,0,0
0,0,0,0,0
0,0,0,0,0
0,0,0,0,0
0,0,0,0,0
0,0,0,0,0
0,0,0,0,0
0,0,0,0,0
0,0,0,0,0
0,0,0,0,0
0,0,0,0,0
0,0,0,0,0
0,0,0,0,0
0,0,0,0,0
0,0,0,0,0
0,0,0,0,0
0,0,0,0,0
0,0,0,0,0
0,0,0,0,0
0,0,0,0,0
0,0,0,0,0
0,0,0,0,0
0,0,0,0,0
0,0,0,0,0
0,0,0,0,0
0,0,0,0,0
0,0,0,0,0
0,0,0,0,0
0,0,0,0,0
0,0,0,0,0
0,0,0,0,0
0,0,0,0,0
0,0,0,0,0
0,0,0,0,0
0,0,0,0,0
0,0,0,0,0
0,0,0,0,0
0,0,0,0,0
0,0,0,0,0
0,0,0,0,0
0,0,0,0,0
0,0,0,0,0
0,0,0,0,0
0,0,0,0,0
0,0,0,0,0
0,0,0,0,0
0,0,0,0,0
0,0,0,0,0
0,0,0,0,0
0,0,0,0,0
0,0,0,0,0
0,0,0,0,0
0,0,0,0,0
0,0,0,0,0
0,0,0,0,0
0,0,0,0,0
0,0,0,0,0
0,0,0,0,0
0,0,0,0,0
0,0,0,0,0
0,0,0,0,0
0,0,0,0,0
0,0,0,0,0
0,0,0,0,0
0,0,0,0,0
0,0,0,0,0
0,0,0,0,0
0,0,0,0,0
0,0,0,0,0
0,0,0,0,0
0,0,0,0,0
0,0,0,0,0
0,0,0,0,0
0,0,0,0,0
0,0,0,0,0
0,0,0,0,0
0,0,0,0,0
0,0,0,0,0
0,0,0,0,0
0,0,0,0,0
0,0,0,0,0
0,0,0,0,0
0,0,0,0,0
0,0,0,0,0
0,0,0,0,0
0,0,0,0,0
0,0,0,0,0
0,0,0,0,0
0,0,0,0,0
0,0,0,0,0
0,0,0,0,0
0,0,0,0,0
0,0,0,0,0
0,0,0,0,0
0,0,0,0,0
0,0,0,0,0
0,0,0,0,0
0,0,0,0,0
0,0,0,0,0
0,0,0,0,0
0,0,0,0,0
0,0,0,0,0
0,0,0,0,0
0,0,0,0,0
0,0,0,0,0
0,0,0,0,0
0,0,0,0,0
0,0,0,0,0
0,0,0,0,0
0,0,0,0,0
0,0,0,0,0
0,0,0,0,0
0,0,0,0,0
0,0,0,0,0
0,0,0,0,0
0,0,0,0,0
0,0,0,0,0
0,0,0,0,0
0,0,0,0,0
0,0,0,0,0
0,0,0,0,0
0,0,0,0,0
0,0,0,0,0
0,0,0,0,0
0,0,0,0,0
0,0,0,0,0
0,0,0,0,0
0,0,0,0,0
0,0,0,0,0
0,0,0,0,0
0,0,0,0,0
0,0,0,0,0
0,0,0,0,0
0,0,0,0,0
0,0,0,0,0
0,0,0,0,0
0,0,0,0,0
0,0,0,0,0
0,0,0,0,0
0,0,0,0,0
0,0,0,0,0
0,0,0,0,0
0,0,0,0,0
0,0,0,0,0
0,0,0,0,0
0,0,0,0,0
0,0,0,0,0
0,0,0,0,0
0,0,0,0,0
0,0,0,0,0
0,0,0,0,0
0,0,0,0,0
0,0,0,0,0
0,0,0,0,0
0,0,0,0,0
0,0,0,0,0
0,0,0,0,0
0,0,0,0,0
0,0,0,0,0
0,0,0,0,0
0,0,0,0,0
0,0,0,0,0
0,0,0,0,0
0,0,0,0,0
0,0,0,0,0
0,0,0,0,0
0,0,0,0,0
0,0,0,0,0
0,0,0,0,0
0,0,0,0,0
0,0,0,0,0
0,0,0,0,0
0,0,0,0,0
0,0,0,0,0
0,0,0,0,0
0,0,0,0,0
0,0,0,0,0
0,0,0,0,0
0,0,0,0,0
0,0,0,0,0
0,0,0,0,0
0,0,0,0,0
0,0,0,0,0
0,0,0,0,0
0,0,0,0,0
0,0,0,0,0
0,0,0,0,0
0,0,0,0,0
0,0,0,0,0
0,0,0,0,0
0,0,0,0,0
0,0,0,0,0
0,0,0,0,0
0,0,0,0,0
0,0,0,0,0
0,0,0,0,0
0,0,0,0,0
0,0,0,0,0
0,0,0,0,0
0,0,0,0,0
0,0,0,0,0
0,0,0,0,0
0,0,0,0,0
0,0,0,0,0
0,0,0,0,0
0,0,0,0,0
0,0,0,0,0
0,0,0,0,0
0,0,0,0,0
0,0,0,0,0
0,0,0,0,0
0,0,0,0,0
0,0,0,0,0
0,0,0,0,0
0,0,0,0,0
0,0,0,0,0
0,0,0,0,0
0,0,0,0,0
0,0,0,0,0
0,0,0,0,0
0,0,0,0,0
0,0,0,0,0
0,0,0,0,0
0,0,0,0,0
0,0,0,0,0
0,0,0,0,0
0,0,0,0,0
0,0,0,0,0
0,0,0,0,0
0,0,0,0,0
0,0,0,0,0
0,0,0,0,0
0,0,0,0,0
0,0,0,0,0
0,0,0,0,0
0,0,0,0,0
0,0,0,0,0
0,0,0,0,0
0,0,0,0,0
0,0,0,0,0
0,0,0,0,0
0,0,0,0,0
0,0,0,0,0
0,0,0,0,0
0,0,0,0,0
0,0,0,0,0
0,0,0,0,0
0,0,0,0,0
0,0,0,0,0
0,0,0,0,0
0,0,0,0,0
0,0,0,0,0
0,0,0,0,0
0,0,0,0,0
0,0,0,0,0
0,0,0,0,0
0,0,0,0,0
0,0,0,0,0
0,0,0,0,0
0,0,0,0,0
0,0,0,0,0
0,0,0,0,0
0,0,0,0,0
0,0,0,0,0
0,0,0,0,0
0,0,0,0,0
0,0,0,0,0
0,0,0,0,0
0,0,0,0,0
0,0,0,0,0
0,0,0,0,0
0,0,0,0,0
0,0,0,0,0
0,0,0,0,0
0,0,0,0,0
0,0,0,0,0
0,0,0,0,0
0,0,0,0,0
0,0,0,0,0
0,0,0,0,0
0,0,0,0,0
0,0,0,0,0
0,0,0,0,0
0,0,0,0,0
0,0,0,0,0
0,0,0,0,0
0,0,0,0,0
0,0,0,0,0
0,0,0,0,0
0,0,0,0,0
0,0,0,0,0
0,0,0,0,0
0,0,0,0,0
0,0,0,0,0
0,0,0,0,0
0,0,0,0,0
0,0,0,0,0
0,0,0,0,0
0,0,0,0,0
0,0,0,0,0
0,0,0,0,0
0,0,0,0,0
0,0,0,0,0
0,0,0,0,0
0,0,0,0,0
0,0,0,0,0
0,0,0,0,0
0,0,0,0,0
0,0,0,0,0
0,0,0,0,0
0,0,0,0,0
0,0,0,0,0
0,0,0,0,0
0,0,0,0,0
0,0,0,0,0
0,0,0,0,0
0,0,0,0,0
0,0,0,0,0
0,0,0,0,0
0,0,0,0,0
0,0,0,0,0
0,0,0,0,0
0,0,0,0,0
0,0,0,0,0
0,0,0,0,0
0,0,0,0,0
0,0,0,0,0
0,0,0,0,0
0,0,0,0,0
0,0,0,0,0
0,0,0,0,0
0,0,0,0,0
0,0,0,0,0
0,0,0,0,0
0,0,0,0,0
0,0,0,0,0
0,0,0,0,0
0,0,0,0,0
0,0,0,0,0
0,0,0,0,0
0,0,0,0,0
0,0,0,0,0
0,0,0,0,0
0,0,0,0,0
0,0,0,0,0
0,0,0,0,0
0,0,0,0,0
0,0,0,0,0
0,0,0,0,0
0,0,0,0,0
0,0,0,0,0
0,0,0,0,0
0,0,0,0,0
0,0,0,0,0
0,0,0,0,0
0,0,0,0,0
0,0,0,0,0
0,0,0,0,0
0,0,0,0,0
0,0,0,0,0
0,0,0,0,0
0,0,0,0,0
0,0,0,0,0
0,0,0,0,0
0,0,0,0,0
0,0,0,0,0
0,0,0,0,0
0,0,0,0,0
0,0,0,0,0
0,0,0,0,0
0,0,0,0,0
0,0,0,0,0
0,0,0,0,0
0,0,0,0,0
0,0,0,0,0
0,0,0,0,0
0,0,0,0,0
0,0,0,0,0
0,0,0,0,0
0,0,0,0,0
0,0,0,0,0
0,0,0,0,0
0,0,0,0,0
0,0,0,0,0
0,0,0,0,0
0,0,0,0,0
0,0,0,0,0
0,0,0,0,0
0,0,0,0,0
0,0,0,0,0
0,0,0,0,0
0,0,0,0,0
0,0,0,0,0
0,0,0,0,0
0,0,0,0,0
0,0,0,0,0
0,0,0,0,0
0,0,0,0,0
0,0,0,0,0
0,0,0,0,0
0,0,0,0,0
0,0,0,0,0
0,0,0,0,0
0,0,0,0,0
0,0,0,0,0
0,0,0,0,0
0,0,0,0,0
0,0,0,0,0
0,0,0,0,0
0,0,0,0,0
0,0,0,0,0
0,0,0,0,0
0,0,0,0,0
0,0,0,0,0
0,0,0,0,0
