1,셔츠,노멀,라벤더,노멀
2,셔츠,노멀,라벤더,노멀
3,셔츠,노멀,라벤더,노멀
4,셔츠,롱,핑크,노멀
5,셔츠,롱,라벤더,노멀
6,셔츠,롱,핑크,노멀
7,티셔츠,,화이트,노멀
8,셔츠,롱,핑크,노멀
9,셔츠,노멀,라벤더,노멀
10,티셔츠,,화이트,노멀
11,티셔츠,,화이트,노멀
12,셔츠,노멀,라벤더,노멀
13,티셔츠,,화이트,노멀
14,셔츠,롱,라벤더,노멀
15,셔츠,롱,핑크,노멀
16,셔츠,노멀,라벤더,노멀
17,티셔츠,,화이트,노멀
18,티셔츠,,화이트,노멀
19,셔츠,롱,라벤더,노멀
20,셔츠,롱,핑크,노멀
21,셔츠,롱,라벤더,노멀
22,셔츠,롱,라벤더,노멀
23,셔츠,노멀,라벤더,노멀
24,셔츠,,실버,노멀
25,셔츠,롱,화이트,루즈
26,셔츠,롱,실버,노멀
27,셔츠,,실버,노멀
28,셔츠,,실버,노멀
29,셔츠,노멀,라벤더,노멀
30,셔츠,,실버,노멀
31,셔츠,,실버,노멀
32,셔츠,롱,화이트,루즈
33,셔츠,롱,화이트,루즈
34,셔츠,롱,화이트,루즈
35,셔츠,롱,화이트,루즈
36,셔츠,롱,실버,노멀
37,셔츠,롱,화이트,루즈
38,셔츠,롱,화이트,루즈
39,셔츠,롱,화이트,루즈
40,셔츠,,실버,노멀
41,셔츠,,실버,노멀
42,셔츠,,실버,노멀
43,셔츠,롱,화이트,루즈
44,셔츠,노멀,화이트,노멀
45,셔츠,롱,레드,노멀
46,셔츠,롱,레드,노멀
47,셔츠,노멀,화이트,노멀
48,셔츠,노멀,화이트,노멀
49,셔츠,,스카이블루,루즈
50,셔츠,노멀,화이트,노멀
51,셔츠,노멀,화이트,노멀
52,셔츠,노멀,화이트,노멀
53,셔츠,롱,화이트,노멀
54,셔츠,롱,화이트,루즈
55,셔츠,롱,화이트,루즈
56,셔츠,롱,화이트,루즈
57,셔츠,롱,화이트,루즈
58,셔츠,롱,화이트,루즈
59,셔츠,롱,화이트,루즈
60,셔츠,롱,화이트,루즈
61,셔츠,롱,화이트,루즈
62,셔츠,노멀,옐로우,노멀
63,셔츠,노멀,옐로우,노멀
64,셔츠,노멀,옐로우,노멀
65,셔츠,노멀,옐로우,노멀
66,셔츠,롱,화이트,루즈
67,셔츠,롱,화이트,루즈
68,셔츠,롱,화이트,루즈
69,셔츠,롱,화이트,루즈
70,티셔츠,,화이트,노멀
71,셔츠,롱,화이트,루즈
72,셔츠,롱,화이트,루즈
73,셔츠,롱,화이트,루즈
74,셔츠,롱,화이트,루즈
75,셔츠,롱,네이비,노멀
76,셔츠,,네이비,노멀
77,셔츠,롱,네이비,노멀
78,셔츠,롱,네이비,노멀
79,셔츠,롱,네이비,노멀
80,셔츠,롱,네이비,노멀
81,셔츠,롱,네이비,노멀
82,셔츠,,네이비,노멀
83,셔츠,,네이비,노멀
84,탑,,화이트,노멀
85,셔츠,,네이비,노멀
86,탑,,블랙,노멀
87,셔츠,,화이트,노멀
88,셔츠,,화이트,노멀
89,셔츠,,화이트,노멀
90,셔츠,,화이트,노멀
91,셔츠,노멀,베이지,노멀
93,블라우스,노멀,화이트,루즈
94,셔츠,노멀,베이지,노멀
95,셔츠,노멀,베이지,노멀
97,셔츠,노멀,베이지,노멀
98,블라우스,롱,화이트,루즈
99,셔츠,노멀,베이지,노멀
100,블라우스,롱,화이트,루즈
101,셔츠,노멀,베이지,노멀
103,셔츠,노멀,베이지,노멀
104,블라우스,노멀,화이트,루즈
105,블라우스,롱,블랙,루즈
106,블라우스,롱,블랙,루즈
107,블라우스,롱,블랙,루즈
108,블라우스,롱,블랙,루즈
109,블라우스,롱,블랙,루즈
110,블라우스,롱,블랙,루즈
113,셔츠,노멀,네이비,루즈
115,셔츠,노멀,네이비,루즈
116,셔츠,노멀,네이비,루즈
119,블라우스,롱,베이지,루즈
121,티셔츠,노멀,베이지,루즈
122,니트웨어,노멀,베이지,노멀
124,티셔츠,노멀,베이지,루즈
125,블라우스,노멀,베이지,루즈
129,니트웨어,노멀,베이지,루즈
130,블라우스,노멀,베이지,루즈
131,블라우스,노멀,베이지,루즈
132,니트웨어,노멀,베이지,노멀
133,니트웨어,노멀,베이지,노멀
134,티셔츠,노멀,베이지,루즈
135,니트웨어,노멀,베이지,노멀
136,블라우스,롱,베이지,루즈
137,니트웨어,노멀,베이지,노멀
138,니트웨어,노멀,베이지,루즈
140,티셔츠,노멀,화이트,타이트
144,티셔츠,노멀,실버,노멀
145,티셔츠,노멀,실버,노멀
146,티셔츠,노멀,실버,노멀
147,티셔츠,노멀,실버,노멀
148,블라우스,노멀,베이지,노멀
149,블라우스,노멀,베이지,노멀
151,블라우스,노멀,베이지,노멀
152,티셔츠,,화이트,노멀
153,티셔츠,,화이트,노멀
154,티셔츠,,화이트,노멀
155,티셔츠,,화이트,노멀
156,티셔츠,,화이트,노멀
157,티셔츠,,화이트,노멀
158,티셔츠,,화이트,노멀
159,탑,,화이트,루즈
160,탑,,화이트,루즈
161,탑,,화이트,루즈
162,탑,,화이트,루즈
163,탑,,화이트,루즈
164,탑,,화이트,루즈
165,탑,,화이트,루즈
166,티셔츠,노멀,화이트,노멀
167,티셔츠,노멀,화이트,노멀
168,티셔츠,노멀,화이트,노멀
169,티셔츠,노멀,화이트,노멀
170,티셔츠,노멀,화이트,노멀
171,티셔츠,노멀,화이트,노멀
172,티셔츠,,화이트,노멀
173,티셔츠,,화이트,노멀
174,티셔츠,,화이트,
175,티셔츠,,화이트,노멀
176,티셔츠,,화이트,
177,셔츠,,화이트,루즈
180,셔츠,,화이트,루즈
182,셔츠,,화이트,루즈
193,티셔츠,,화이트,노멀
194,티셔츠,,화이트,노멀
195,티셔츠,,화이트,노멀
198,티셔츠,,화이트,노멀
199,티셔츠,노멀,실버,오버사이즈
200,니트웨어,노멀,블랙,루즈
201,티셔츠,노멀,실버,오버사이즈
202,티셔츠,노멀,베이지,노멀
204,티셔츠,노멀,베이지,노멀
207,니트웨어,노멀,블랙,루즈
208,티셔츠,노멀,베이지,노멀
211,티셔츠,노멀,베이지,노멀
214,티셔츠,노멀,실버,오버사이즈
217,니트웨어,노멀,블랙,루즈
221,셔츠,,화이트,루즈
222,셔츠,,화이트,루즈
224,셔츠,,화이트,루즈
225,셔츠,,화이트,루즈
228,티셔츠,,블랙,루즈
229,티셔츠,,블랙,루즈
231,티셔츠,,블랙,루즈
232,티셔츠,,블랙,루즈
233,셔츠,,화이트,루즈
234,셔츠,,화이트,루즈
235,셔츠,,화이트,루즈
236,셔츠,,화이트,루즈
238,셔츠,,화이트,루즈
240,티셔츠,노멀,카키,루즈
242,티셔츠,노멀,카키,루즈
245,티셔츠,노멀,카키,루즈
249,니트웨어,,브라운,노멀
250,니트웨어,,브라운,노멀
251,니트웨어,,브라운,노멀
252,니트웨어,,브라운,노멀
253,니트웨어,,브라운,노멀
254,니트웨어,,브라운,노멀
255,티셔츠,,화이트,타이트
256,니트웨어,노멀,실버,루즈
258,티셔츠,,화이트,타이트
260,니트웨어,노멀,실버,루즈
261,니트웨어,,실버,루즈
262,티셔츠,,화이트,타이트
263,티셔츠,,화이트,노멀
267,티셔츠,,화이트,노멀
268,티셔츠,,화이트,노멀
270,티셔츠,,화이트,노멀
271,티셔츠,,화이트,노멀
272,블라우스,,화이트,
273,블라우스,,화이트,
274,블라우스,,화이트,
275,블라우스,,화이트,
276,블라우스,,화이트,
277,블라우스,,화이트,
278,블라우스,,화이트,
279,블라우스,,화이트,
280,블라우스,,화이트,
281,블라우스,,화이트,
282,셔츠,노멀,블랙,노멀
283,셔츠,노멀,블랙,노멀
284,셔츠,노멀,블랙,노멀
285,블라우스,노멀,네이비,노멀
286,블라우스,노멀,네이비,노멀
287,블라우스,노멀,네이비,노멀
288,블라우스,노멀,네이비,노멀
289,블라우스,노멀,네이비,노멀
290,셔츠,노멀,블랙,노멀
291,블라우스,노멀,네이비,노멀
292,블라우스,노멀,네이비,노멀
293,블라우스,노멀,네이비,노멀
294,블라우스,노멀,네이비,노멀
295,블라우스,노멀,화이트,노멀
296,블라우스,노멀,화이트,노멀
297,블라우스,노멀,네이비,노멀
298,블라우스,노멀,화이트,노멀
299,블라우스,노멀,화이트,노멀
300,블라우스,노멀,화이트,노멀
301,블라우스,노멀,화이트,노멀
302,블라우스,노멀,네이비,노멀
303,블라우스,노멀,네이비,노멀
304,블라우스,노멀,네이비,노멀
305,블라우스,노멀,네이비,노멀
306,블라우스,노멀,화이트,노멀
307,블라우스,노멀,화이트,노멀
308,블라우스,노멀,화이트,노멀
309,블라우스,노멀,화이트,노멀
310,블라우스,노멀,화이트,노멀
311,블라우스,노멀,네이비,노멀
312,블라우스,노멀,화이트,노멀
313,블라우스,노멀,화이트,노멀
314,블라우스,노멀,화이트,노멀
315,블라우스,노멀,화이트,노멀
316,블라우스,노멀,화이트,노멀
317,블라우스,노멀,화이트,노멀
318,블라우스,노멀,화이트,노멀
319,셔츠,노멀,와인,노멀
320,셔츠,노멀,와인,노멀
321,셔츠,노멀,와인,노멀
322,셔츠,노멀,와인,노멀
323,셔츠,노멀,와인,노멀
324,셔츠,노멀,와인,노멀
325,셔츠,노멀,와인,노멀
326,셔츠,노멀,와인,노멀
327,셔츠,노멀,와인,노멀
328,셔츠,노멀,와인,노멀
329,티셔츠,노멀,베이지,노멀
332,티셔츠,노멀,베이지,노멀
334,티셔츠,노멀,베이지,노멀
336,티셔츠,노멀,블랙,노멀
342,티셔츠,,화이트,
343,티셔츠,노멀,화이트,노멀
345,티셔츠,,블랙,
346,티셔츠,노멀,블랙,노멀
347,티셔츠,노멀,블랙,노멀
348,티셔츠,노멀,블랙,노멀
351,티셔츠,노멀,블랙,노멀
352,니트웨어,롱,와인,루즈
353,니트웨어,롱,와인,루즈
354,니트웨어,롱,와인,루즈
355,니트웨어,롱,와인,루즈
356,니트웨어,롱,와인,루즈
357,니트웨어,롱,와인,루즈
359,티셔츠,,브라운,
360,티셔츠,,화이트,
361,티셔츠,,화이트,
366,티셔츠,,화이트,
369,티셔츠,,화이트,
374,티셔츠,,브라운,
384,티셔츠,,브라운,
386,티셔츠,,브라운,
390,,,블랙,
396,티셔츠,,스카이블루,
405,티셔츠,,스카이블루,
421,티셔츠,,베이지,
424,티셔츠,,베이지,
425,티셔츠,,베이지,
426,티셔츠,,베이지,
427,티셔츠,,베이지,
428,티셔츠,,베이지,
432,티셔츠,,베이지,
437,티셔츠,,베이지,
440,티셔츠,,베이지,
442,티셔츠,,화이트,
443,티셔츠,,화이트,
444,티셔츠,,화이트,
445,티셔츠,,화이트,
446,티셔츠,,화이트,
455,니트웨어,,블랙,
463,니트웨어,,블랙,
467,니트웨어,,블랙,
476,니트웨어,,블랙,
479,탑,,블랙,
480,탑,,블랙,
487,니트웨어,노멀,블랙,노멀
488,니트웨어,노멀,블랙,노멀
491,니트웨어,노멀,블랙,노멀
492,티셔츠,노멀,화이트,루즈
493,티셔츠,노멀,화이트,루즈
495,티셔츠,노멀,화이트,루즈
496,티셔츠,노멀,화이트,루즈
499,티셔츠,노멀,화이트,루즈
500,티셔츠,노멀,화이트,루즈
501,티셔츠,노멀,화이트,루즈
502,티셔츠,노멀,화이트,루즈
503,티셔츠,노멀,화이트,루즈
504,블라우스,,화이트,노멀
509,블라우스,,화이트,노멀
510,니트웨어,,블랙,노멀
511,블라우스,,화이트,노멀
513,니트웨어,,블랙,노멀
516,니트웨어,,블랙,노멀
520,블라우스,,화이트,노멀
526,티셔츠,,화이트,노멀
528,티셔츠,,화이트,노멀
529,티셔츠,,베이지,노멀
532,티셔츠,,베이지,노멀
533,티셔츠,,베이지,노멀
534,티셔츠,,베이지,노멀
535,티셔츠,,베이지,노멀
536,티셔츠,,화이트,노멀
537,티셔츠,,화이트,노멀
538,티셔츠,,화이트,노멀
539,티셔츠,,베이지,노멀
540,티셔츠,,화이트,노멀
541,티셔츠,,베이지,노멀
543,티셔츠,,베이지,노멀
547,티셔츠,,베이지,노멀
550,탑,,블랙,노멀
551,탑,,블랙,노멀
552,탑,,블랙,노멀
553,탑,,블랙,노멀
556,탑,,블랙,노멀
563,티셔츠,노멀,화이트,노멀
566,티셔츠,노멀,화이트,노멀
567,티셔츠,노멀,화이트,노멀
570,티셔츠,노멀,화이트,노멀
571,티셔츠,노멀,화이트,노멀
572,티셔츠,노멀,화이트,노멀
573,셔츠,롱,화이트,오버사이즈
576,셔츠,롱,화이트,오버사이즈
581,셔츠,,화이트,노멀
585,셔츠,,화이트,노멀
587,셔츠,,화이트,노멀
589,셔츠,,화이트,노멀
591,셔츠,,화이트,노멀
600,블라우스,노멀,핑크,노멀
601,블라우스,노멀,핑크,노멀
641,,,스카이블루,
646,탑,,블랙,
648,셔츠,,브라운,노멀
650,탑,,블랙,
651,탑,,블랙,
658,탑,,베이지,타이트
659,셔츠,노멀,화이트,루즈
662,탑,,베이지,타이트
681,티셔츠,,베이지,노멀
690,니트웨어,,그레이,루즈
692,니트웨어,,그레이,루즈
693,니트웨어,,그레이,루즈
698,니트웨어,,그레이,루즈
700,티셔츠,,베이지,
706,티셔츠,,베이지,
708,티셔츠,,베이지,
709,티셔츠,,베이지,
710,티셔츠,,베이지,
713,티셔츠,,베이지,
714,티셔츠,,화이트,
723,티셔츠,,화이트,
724,티셔츠,,화이트,
727,티셔츠,,화이트,
730,티셔츠,,베이지,
731,티셔츠,,베이지,
732,티셔츠,,화이트,
736,티셔츠,,베이지,노멀
737,티셔츠,,베이지,노멀
738,티셔츠,,베이지,노멀
739,탑,,베이지,타이트
740,티셔츠,,베이지,노멀
741,티셔츠,,베이지,노멀
742,탑,,베이지,타이트
743,탑,,베이지,타이트
744,티셔츠,,베이지,노멀
745,티셔츠,,베이지,노멀
746,탑,,베이지,타이트
747,티셔츠,,베이지,노멀
748,티셔츠,,베이지,노멀
749,티셔츠,,베이지,노멀
750,티셔츠,,베이지,노멀
751,티셔츠,,베이지,노멀
753,탑,,블랙,노멀
755,셔츠,노멀,스카이블루,루즈
756,셔츠,노멀,스카이블루,루즈
757,셔츠,노멀,스카이블루,루즈
758,셔츠,노멀,스카이블루,루즈
759,셔츠,롱,스카이블루,루즈
760,셔츠,노멀,스카이블루,루즈
761,셔츠,롱,블루,오버사이즈
762,셔츠,롱,스카이블루,루즈
763,셔츠,롱,블루,오버사이즈
764,셔츠,롱,블루,오버사이즈
765,셔츠,롱,블루,오버사이즈
766,셔츠,롱,블루,오버사이즈
767,셔츠,노멀,스카이블루,루즈
768,셔츠,노멀,스카이블루,루즈
769,셔츠,롱,블루,오버사이즈
770,셔츠,롱,블루,오버사이즈
771,셔츠,롱,블루,오버사이즈
773,탑,,블랙,타이트
776,탑,,블랙,타이트
779,탑,,블랙,타이트
780,티셔츠,,그레이,노멀
782,티셔츠,,그레이,노멀
784,,,그레이,
785,티셔츠,,그레이,노멀
787,탑,,그레이,루즈
788,탑,,그레이,루즈
789,티셔츠,,그레이,노멀
790,탑,,그레이,루즈
792,티셔츠,,그레이,노멀
793,,,그레이,
795,티셔츠,,그레이,노멀
796,셔츠,,스카이블루,노멀
797,셔츠,,스카이블루,노멀
798,셔츠,롱,스카이블루,루즈
799,셔츠,롱,스카이블루,루즈
800,셔츠,롱,스카이블루,루즈
801,셔츠,,스카이블루,노멀
802,셔츠,롱,스카이블루,루즈
803,셔츠,,스카이블루,노멀
804,셔츠,노멀,스카이블루,루즈
805,셔츠,,스카이블루,노멀
806,셔츠,,스카이블루,노멀
807,셔츠,,스카이블루,노멀
808,셔츠,노멀,스카이블루,루즈
809,셔츠,,스카이블루,노멀
810,셔츠,롱,스카이블루,루즈
811,셔츠,노멀,스카이블루,루즈
812,셔츠,,스카이블루,노멀
813,셔츠,롱,스카이블루,루즈
814,셔츠,,스카이블루,노멀
815,티셔츠,,화이트,루즈
816,티셔츠,,화이트,루즈
817,티셔츠,,화이트,루즈
818,티셔츠,,화이트,루즈
819,티셔츠,,화이트,루즈
820,티셔츠,,화이트,루즈
821,티셔츠,,화이트,루즈
822,셔츠,,베이지,루즈
823,셔츠,,베이지,루즈
824,셔츠,,베이지,루즈
825,셔츠,,베이지,루즈
826,블라우스,노멀,화이트,루즈
827,블라우스,노멀,화이트,루즈
828,블라우스,노멀,화이트,루즈
829,블라우스,노멀,화이트,루즈
830,블라우스,노멀,화이트,루즈
831,블라우스,노멀,화이트,루즈
832,셔츠,롱,화이트,노멀
833,셔츠,롱,화이트,노멀
834,셔츠,롱,화이트,노멀
835,셔츠,롱,화이트,노멀
836,셔츠,롱,화이트,노멀
837,셔츠,롱,화이트,노멀
838,셔츠,롱,화이트,노멀
839,셔츠,롱,화이트,노멀
840,셔츠,롱,화이트,노멀
841,셔츠,롱,화이트,노멀
842,셔츠,롱,화이트,노멀
843,셔츠,롱,화이트,노멀
844,셔츠,롱,화이트,노멀
845,셔츠,롱,화이트,노멀
846,셔츠,롱,화이트,노멀
847,셔츠,롱,화이트,노멀
848,셔츠,롱,화이트,노멀
849,셔츠,롱,화이트,노멀
850,셔츠,롱,화이트,노멀
851,셔츠,롱,화이트,노멀
852,셔츠,롱,화이트,노멀
853,셔츠,롱,화이트,노멀
854,셔츠,롱,화이트,노멀
855,셔츠,롱,화이트,노멀
856,셔츠,롱,화이트,노멀
857,셔츠,롱,화이트,노멀
858,셔츠,롱,화이트,노멀
859,셔츠,롱,화이트,노멀
860,셔츠,노멀,베이지,노멀
861,셔츠,노멀,베이지,노멀
862,셔츠,노멀,베이지,노멀
863,셔츠,노멀,베이지,노멀
864,셔츠,노멀,베이지,노멀
865,셔츠,노멀,베이지,노멀
866,셔츠,노멀,베이지,노멀
867,셔츠,노멀,베이지,노멀
868,셔츠,노멀,베이지,노멀
869,셔츠,노멀,베이지,노멀
870,셔츠,노멀,베이지,노멀
871,셔츠,노멀,베이지,노멀
872,셔츠,노멀,베이지,노멀
873,셔츠,노멀,베이지,노멀
874,셔츠,노멀,베이지,노멀
875,셔츠,노멀,베이지,노멀
877,탑,노멀,화이트,타이트
883,셔츠,노멀,베이지,노멀
884,셔츠,노멀,베이지,노멀
885,셔츠,노멀,베이지,노멀
886,셔츠,노멀,베이지,노멀
887,셔츠,노멀,,노멀
888,셔츠,노멀,베이지,노멀
889,셔츠,노멀,베이지,노멀
890,셔츠,노멀,베이지,노멀
891,셔츠,노멀,베이지,노멀
892,셔츠,노멀,베이지,노멀
893,셔츠,노멀,베이지,노멀
894,셔츠,노멀,베이지,노멀
898,셔츠,노멀,,노멀
900,셔츠,노멀,,노멀
937,셔츠,,화이트,노멀
938,셔츠,노멀,화이트,노멀
939,셔츠,,화이트,노멀
940,셔츠,롱,화이트,루즈
941,셔츠,,화이트,노멀
942,셔츠,롱,화이트,루즈
943,셔츠,,화이트,노멀
944,셔츠,,화이트,노멀
945,셔츠,,화이트,노멀
946,셔츠,노멀,화이트,노멀
947,셔츠,,화이트,노멀
948,셔츠,노멀,화이트,노멀
949,셔츠,노멀,화이트,노멀
950,셔츠,롱,화이트,루즈
951,셔츠,노멀,화이트,노멀
952,셔츠,,화이트,노멀
953,셔츠,,화이트,노멀
954,셔츠,,화이트,노멀
955,셔츠,,화이트,노멀
956,셔츠,,화이트,노멀
957,셔츠,노멀,화이트,노멀
958,셔츠,,화이트,노멀
959,셔츠,,화이트,노멀
960,셔츠,롱,화이트,루즈
969,셔츠,,화이트,루즈
970,셔츠,,화이트,루즈
971,셔츠,,화이트,루즈
972,셔츠,,화이트,루즈
973,셔츠,,화이트,루즈
974,셔츠,,화이트,루즈
975,셔츠,,화이트,루즈
976,셔츠,,화이트,루즈
977,셔츠,,화이트,루즈
978,셔츠,,화이트,루즈
979,셔츠,,화이트,루즈
980,셔츠,,화이트,루즈
981,셔츠,,화이트,루즈
982,셔츠,,화이트,루즈
983,셔츠,,화이트,루즈
984,셔츠,,화이트,루즈
985,셔츠,,화이트,루즈
986,셔츠,,화이트,루즈
987,셔츠,,화이트,루즈
988,셔츠,,화이트,루즈
989,셔츠,,화이트,루즈
990,셔츠,,화이트,루즈
991,셔츠,,화이트,루즈
992,셔츠,,화이트,루즈
993,셔츠,,화이트,루즈
994,니트웨어,롱,화이트,루즈
996,니트웨어,롱,화이트,루즈
997,니트웨어,롱,화이트,루즈
999,니트웨어,롱,화이트,루즈
1000,티셔츠,,화이트,타이트
1001,티셔츠,,화이트,타이트
1002,티셔츠,,화이트,타이트
1003,티셔츠,,화이트,타이트
1004,티셔츠,,화이트,타이트
1005,티셔츠,,화이트,타이트
1006,티셔츠,노멀,화이트,타이트
1007,티셔츠,,화이트,타이트
1008,티셔츠,,화이트,타이트
1009,티셔츠,,화이트,타이트
1010,셔츠,,베이지,노멀
1011,셔츠,,베이지,노멀
1012,셔츠,,베이지,노멀
1013,셔츠,,화이트,노멀
1014,셔츠,,베이지,노멀
1015,셔츠,,베이지,노멀
1016,셔츠,,베이지,노멀
1017,셔츠,,베이지,노멀
1018,셔츠,,베이지,노멀
1019,셔츠,,베이지,노멀
1020,셔츠,,베이지,노멀
1021,셔츠,,베이지,노멀
1022,셔츠,,베이지,노멀
1023,셔츠,,베이지,노멀
1024,셔츠,,베이지,노멀
1025,셔츠,,베이지,노멀
1026,셔츠,,화이트,노멀
1027,셔츠,,베이지,노멀
1028,셔츠,,베이지,노멀
1029,셔츠,,베이지,노멀
1030,셔츠,,베이지,노멀
1031,셔츠,,베이지,노멀
1032,셔츠,,베이지,노멀
1033,셔츠,,베이지,노멀
1035,셔츠,,베이지,노멀
1038,셔츠,,베이지,노멀
1061,,,스카이블루,
1064,,,,
1098,셔츠,노멀,핑크,노멀
1099,셔츠,노멀,핑크,노멀
1100,셔츠,노멀,핑크,노멀
1101,셔츠,노멀,핑크,노멀
1102,셔츠,노멀,핑크,노멀
1103,셔츠,노멀,핑크,노멀
1104,셔츠,노멀,핑크,노멀
1105,셔츠,노멀,핑크,노멀
1106,셔츠,노멀,핑크,노멀
1107,셔츠,노멀,핑크,노멀
1108,셔츠,노멀,핑크,노멀
1109,셔츠,노멀,핑크,노멀
1110,셔츠,노멀,핑크,노멀
1111,셔츠,노멀,핑크,노멀
1112,셔츠,노멀,핑크,노멀
1113,셔츠,노멀,핑크,노멀
1114,셔츠,노멀,핑크,노멀
1115,셔츠,노멀,핑크,노멀
1116,셔츠,노멀,핑크,노멀
1117,셔츠,노멀,핑크,노멀
1118,셔츠,노멀,핑크,노멀
1119,셔츠,노멀,핑크,노멀
1120,셔츠,노멀,핑크,노멀
1121,셔츠,노멀,핑크,노멀
1122,셔츠,노멀,핑크,노멀
1123,셔츠,노멀,핑크,노멀
1124,셔츠,노멀,핑크,노멀
1125,셔츠,노멀,핑크,노멀
1126,탑,노멀,스카이블루,노멀
1128,탑,노멀,스카이블루,노멀
1129,탑,노멀,스카이블루,노멀
1130,탑,노멀,스카이블루,노멀
1132,탑,노멀,스카이블루,노멀
1133,탑,노멀,스카이블루,노멀
1135,탑,노멀,스카이블루,노멀
1136,탑,노멀,라벤더,노멀
1137,탑,노멀,스카이블루,노멀
1138,탑,노멀,스카이블루,노멀
1140,탑,노멀,스카이블루,노멀
1141,탑,노멀,스카이블루,노멀
1143,탑,노멀,스카이블루,노멀
1144,탑,노멀,스카이블루,노멀
1145,탑,노멀,스카이블루,노멀
1146,탑,노멀,스카이블루,노멀
1147,탑,노멀,스카이블루,노멀
1148,탑,노멀,스카이블루,노멀
1149,탑,노멀,스카이블루,노멀
1150,탑,노멀,스카이블루,노멀
1151,탑,노멀,스카이블루,노멀
1152,탑,노멀,스카이블루,노멀
1153,탑,노멀,스카이블루,노멀
1154,탑,노멀,스카이블루,노멀
1155,탑,노멀,스카이블루,노멀
1156,탑,노멀,스카이블루,노멀
1157,탑,노멀,스카이블루,노멀
1170,니트웨어,,베이지,노멀
1171,니트웨어,,베이지,노멀
1172,니트웨어,,베이지,노멀
1173,니트웨어,,베이지,노멀
1174,니트웨어,,베이지,노멀
1175,니트웨어,,베이지,노멀
1177,니트웨어,,베이지,노멀
1178,니트웨어,,베이지,노멀
1179,니트웨어,,베이지,노멀
1180,니트웨어,,베이지,노멀
1181,니트웨어,,베이지,노멀
1182,니트웨어,,베이지,노멀
1183,니트웨어,,베이지,노멀
1184,니트웨어,,베이지,노멀
1185,니트웨어,,베이지,노멀
1186,셔츠,,화이트,루즈
1192,셔츠,,화이트,루즈
1193,셔츠,,화이트,루즈
1195,셔츠,,화이트,루즈
1196,셔츠,,화이트,루즈
1197,셔츠,,화이트,루즈
1198,셔츠,,화이트,루즈
1199,셔츠,,화이트,루즈
1200,셔츠,,레드,노멀
1201,셔츠,노멀,레드,노멀
1202,셔츠,노멀,레드,노멀
1203,셔츠,,레드,노멀
1204,셔츠,노멀,레드,노멀
1205,셔츠,노멀,레드,노멀
1206,셔츠,,레드,노멀
1207,셔츠,노멀,레드,노멀
1208,셔츠,노멀,레드,노멀
1209,셔츠,,레드,노멀
1210,셔츠,노멀,레드,노멀
1211,셔츠,노멀,레드,노멀
1212,셔츠,노멀,레드,노멀
1213,셔츠,노멀,레드,노멀
1214,셔츠,노멀,레드,노멀
1215,셔츠,,레드,노멀
1216,셔츠,노멀,레드,노멀
1217,셔츠,,레드,노멀
1218,셔츠,노멀,레드,노멀
1219,셔츠,노멀,레드,노멀
1220,셔츠,노멀,레드,노멀
1221,셔츠,노멀,레드,노멀
1222,셔츠,노멀,레드,노멀
1223,셔츠,노멀,레드,노멀
1224,셔츠,,레드,노멀
1225,셔츠,,레드,노멀
1226,셔츠,,레드,노멀
1227,셔츠,,레드,노멀
1228,셔츠,,,노멀
1229,셔츠,,레드,노멀
1230,셔츠,노멀,레드,노멀
1243,니트웨어,,화이트,노멀
1247,니트웨어,,화이트,노멀
1255,탑,,화이트,타이트
1256,탑,,화이트,타이트
1257,니트웨어,,화이트,노멀
1259,니트웨어,크롭,블랙,타이트
1260,니트웨어,크롭,블랙,타이트
1261,니트웨어,크롭,,타이트
1262,니트웨어,크롭,,타이트
1284,셔츠,,네이비,루즈
1285,셔츠,롱,네이비,루즈
1286,셔츠,,네이비,루즈
1287,셔츠,,네이비,루즈
1288,셔츠,,화이트,루즈
1289,셔츠,롱,화이트,루즈
1290,셔츠,롱,화이트,루즈
1291,셔츠,,화이트,노멀
1292,셔츠,,화이트,루즈
1293,셔츠,,블랙,노멀
1294,셔츠,,화이트,노멀
1295,셔츠,,스카이블루,노멀
1296,셔츠,롱,화이트,루즈
1297,셔츠,,화이트,노멀
1298,셔츠,,화이트,루즈
1299,셔츠,,블랙,노멀
1300,셔츠,,화이트,루즈
1301,셔츠,,화이트,루즈
1302,셔츠,,화이트,노멀
1303,셔츠,,화이트,노멀
1304,셔츠,롱,화이트,루즈
1305,셔츠,,베이지,노멀
1306,셔츠,,화이트,노멀
1307,셔츠,,화이트,노멀
1308,셔츠,,화이트,노멀
1309,셔츠,,화이트,노멀
1310,셔츠,,블랙,노멀
1311,셔츠,,화이트,노멀
1312,셔츠,롱,화이트,루즈
1313,,,화이트,
1314,,,화이트,
1315,셔츠,롱,화이트,루즈
1316,,,화이트,
1317,셔츠,,블루,루즈
1318,,,화이트,
1319,셔츠,롱,화이트,노멀
1320,셔츠,롱,화이트,노멀
1321,셔츠,롱,화이트,노멀
1322,셔츠,롱,화이트,노멀
1323,셔츠,롱,화이트,노멀
1324,셔츠,롱,화이트,노멀
1325,셔츠,,화이트,노멀
1326,셔츠,,핑크,루즈
1327,셔츠,,핑크,루즈
1328,셔츠,,베이지,루즈
1329,셔츠,롱,베이지,루즈
1330,셔츠,,화이트,루즈
1331,셔츠,롱,라벤더,오버사이즈
1332,탑,,브라운,노멀
1333,셔츠,롱,네이비,루즈
1334,탑,,브라운,노멀
1335,탑,,브라운,노멀
1336,탑,,브라운,노멀
1337,셔츠,롱,네이비,루즈
1338,셔츠,롱,와인,루즈
1339,셔츠,,와인,루즈
1340,셔츠,롱,화이트,노멀
1341,셔츠,롱,화이트,노멀
1342,셔츠,롱,화이트,노멀
1343,셔츠,롱,화이트,노멀
1344,셔츠,롱,화이트,노멀
1345,셔츠,,라벤더,노멀
1346,셔츠,,라벤더,노멀
1347,셔츠,롱,화이트,노멀
1348,니트웨어,노멀,브라운,루즈
1349,니트웨어,,스카이블루,루즈
1350,니트웨어,노멀,스카이블루,루즈
1351,니트웨어,노멀,스카이블루,루즈
1352,니트웨어,,스카이블루,루즈
1354,티셔츠,,화이트,노멀
1358,티셔츠,,화이트,노멀
1359,티셔츠,,화이트,노멀
1360,티셔츠,,화이트,노멀
1361,티셔츠,,화이트,노멀
1362,티셔츠,,화이트,노멀
1363,티셔츠,,화이트,노멀
1364,티셔츠,,화이트,노멀
1366,티셔츠,,화이트,노멀
1367,티셔츠,,화이트,노멀
1368,티셔츠,,화이트,노멀
1369,티셔츠,,화이트,노멀
1371,티셔츠,,화이트,노멀
1372,티셔츠,,화이트,노멀
1373,티셔츠,,화이트,노멀
1375,티셔츠,,화이트,노멀
1376,티셔츠,,화이트,노멀
1382,니트웨어,,브라운,
1393,니트웨어,,브라운,
1395,니트웨어,,브라운,
1399,니트웨어,,브라운,
1400,니트웨어,,브라운,
1401,니트웨어,,브라운,
1402,니트웨어,,브라운,
1404,니트웨어,,브라운,
1405,니트웨어,,브라운,
1406,니트웨어,,브라운,
1408,니트웨어,,브라운,
1409,니트웨어,,브라운,
1410,니트웨어,,브라운,
1417,니트웨어,,브라운,
1421,니트웨어,,브라운,
1422,니트웨어,,브라운,
1423,니트웨어,,브라운,
1425,니트웨어,,브라운,
1426,니트웨어,,브라운,
1429,니트웨어,,브라운,
1430,니트웨어,,브라운,
1431,니트웨어,,브라운,
1434,셔츠,,화이트,노멀
1435,셔츠,,화이트,노멀
1436,셔츠,,화이트,노멀
1437,셔츠,,화이트,노멀
1438,셔츠,,화이트,노멀
1439,셔츠,,화이트,노멀
1440,티셔츠,노멀,블랙,노멀
1441,티셔츠,노멀,블랙,노멀
1442,티셔츠,노멀,블랙,노멀
1443,티셔츠,노멀,블랙,노멀
1446,티셔츠,노멀,베이지,노멀
1447,티셔츠,노멀,베이지,노멀
1449,티셔츠,노멀,베이지,노멀
1451,티셔츠,노멀,베이지,노멀
1452,티셔츠,노멀,베이지,노멀
1453,티셔츠,노멀,베이지,노멀
1454,티셔츠,노멀,베이지,노멀
1455,셔츠,롱,화이트,루즈
1456,셔츠,,화이트,루즈
1465,블라우스,노멀,화이트,노멀
1466,블라우스,노멀,화이트,노멀
1467,블라우스,노멀,화이트,노멀
1469,블라우스,노멀,화이트,노멀
1470,블라우스,노멀,화이트,노멀
1471,블라우스,노멀,화이트,노멀
1472,블라우스,노멀,화이트,노멀
1474,브라탑,노멀,화이트,타이트
1475,브라탑,노멀,화이트,타이트
1476,브라탑,노멀,화이트,타이트
1477,브라탑,노멀,화이트,타이트
1478,브라탑,노멀,화이트,타이트
1479,셔츠,,화이트,루즈
1481,셔츠,,화이트,루즈
1483,셔츠,,화이트,루즈
1484,셔츠,,화이트,루즈
1487,티셔츠,,화이트,노멀
1494,티셔츠,,화이트,노멀
1495,티셔츠,노멀,화이트,노멀
1496,티셔츠,노멀,화이트,노멀
1497,티셔츠,노멀,화이트,노멀
1498,티셔츠,노멀,화이트,노멀
1499,티셔츠,,화이트,
1500,티셔츠,,화이트,
1501,티셔츠,,화이트,
1503,티셔츠,,화이트,노멀
1504,티셔츠,,화이트,루즈
1505,티셔츠,,화이트,루즈
1506,티셔츠,,네이비,타이트
1507,티셔츠,,네이비,타이트
1509,셔츠,,화이트,노멀
1510,셔츠,,화이트,노멀
1512,셔츠,,화이트,노멀
1515,셔츠,,화이트,노멀
1516,셔츠,,화이트,노멀
1517,셔츠,,화이트,노멀
1518,셔츠,,화이트,노멀
1520,티셔츠,노멀,그린,노멀
1521,티셔츠,노멀,그린,노멀
1522,티셔츠,크롭,블랙,타이트
1523,티셔츠,크롭,블랙,타이트
1539,티셔츠,노멀,블랙,타이트
1540,티셔츠,노멀,블랙,타이트
1541,티셔츠,노멀,블랙,타이트
1542,티셔츠,노멀,블랙,타이트
1543,티셔츠,노멀,블랙,타이트
1544,티셔츠,노멀,블랙,타이트
1545,티셔츠,노멀,블랙,타이트
1546,티셔츠,노멀,블랙,타이트
1547,티셔츠,노멀,블랙,타이트
1548,티셔츠,노멀,블랙,타이트
1549,티셔츠,노멀,블랙,타이트
1550,티셔츠,노멀,블랙,타이트
1551,티셔츠,노멀,블랙,타이트
1556,티셔츠,노멀,화이트,타이트
1557,티셔츠,노멀,화이트,타이트
1559,티셔츠,노멀,화이트,타이트
1560,티셔츠,노멀,화이트,타이트
1564,티셔츠,노멀,화이트,타이트
1565,티셔츠,노멀,화이트,타이트
1566,티셔츠,노멀,블랙,타이트
1570,티셔츠,노멀,화이트,타이트
1573,티셔츠,노멀,화이트,타이트
1582,티셔츠,노멀,화이트,타이트
1585,티셔츠,노멀,블랙,타이트
1601,티셔츠,,화이트,오버사이즈
1602,티셔츠,,화이트,오버사이즈
1603,티셔츠,,화이트,오버사이즈
1604,티셔츠,,화이트,오버사이즈
1605,티셔츠,,화이트,오버사이즈
1606,티셔츠,,화이트,루즈
1608,티셔츠,,화이트,루즈
1610,티셔츠,,화이트,루즈
1615,티셔츠,,화이트,루즈
1616,티셔츠,,화이트,오버사이즈
1617,티셔츠,,화이트,루즈
1618,티셔츠,,화이트,루즈
1623,티셔츠,,화이트,오버사이즈
1632,티셔츠,,화이트,오버사이즈
1645,티셔츠,,화이트,오버사이즈
1646,셔츠,롱,핑크,루즈
1647,셔츠,,핑크,루즈
1648,셔츠,롱,핑크,루즈
1649,셔츠,롱,핑크,루즈
1650,셔츠,,핑크,루즈
1651,셔츠,롱,핑크,루즈
1652,셔츠,롱,핑크,루즈
1653,셔츠,롱,핑크,루즈
1654,셔츠,롱,핑크,루즈
1655,셔츠,롱,핑크,루즈
1656,셔츠,롱,핑크,루즈
1657,셔츠,롱,핑크,루즈
1658,셔츠,롱,핑크,루즈
1659,셔츠,롱,핑크,루즈
1660,셔츠,롱,핑크,루즈
1661,셔츠,롱,핑크,루즈
1662,셔츠,롱,핑크,루즈
1663,셔츠,롱,핑크,루즈
1664,셔츠,롱,핑크,루즈
1665,셔츠,롱,핑크,루즈
1666,셔츠,롱,핑크,루즈
1667,셔츠,롱,핑크,루즈
1668,셔츠,롱,핑크,루즈
1669,셔츠,롱,핑크,루즈
1670,셔츠,롱,핑크,루즈
1671,셔츠,,핑크,루즈
1672,셔츠,롱,핑크,루즈
1673,셔츠,롱,핑크,루즈
1674,셔츠,롱,핑크,루즈
1675,셔츠,롱,핑크,루즈
1676,셔츠,,핑크,루즈
1677,셔츠,롱,핑크,루즈
1678,셔츠,롱,핑크,루즈
1679,셔츠,롱,핑크,루즈
1680,셔츠,,핑크,루즈
1681,셔츠,롱,핑크,루즈
1682,셔츠,롱,핑크,루즈
1683,셔츠,,핑크,루즈
1684,셔츠,,핑크,루즈
1685,티셔츠,,네이비,노멀
1686,티셔츠,,네이비,노멀
1687,티셔츠,,네이비,노멀
1688,티셔츠,,네이비,노멀
1689,티셔츠,,네이비,노멀
1690,티셔츠,,네이비,노멀
1691,티셔츠,,네이비,노멀
1692,티셔츠,,네이비,노멀
1693,티셔츠,,네이비,노멀
1694,티셔츠,,네이비,노멀
1695,티셔츠,,네이비,노멀
1696,티셔츠,,네이비,노멀
1697,티셔츠,,네이비,노멀
1698,티셔츠,,네이비,노멀
1699,티셔츠,,네이비,노멀
1700,티셔츠,,네이비,노멀
1701,티셔츠,,네이비,노멀
1702,티셔츠,,네이비,노멀
1703,셔츠,롱,화이트,노멀
1704,셔츠,노멀,화이트,노멀
1705,셔츠,노멀,화이트,노멀
1706,셔츠,,화이트,노멀
1707,셔츠,,화이트,노멀
1708,셔츠,,화이트,노멀
1709,셔츠,노멀,화이트,노멀
1710,탑,,블랙,루즈
1711,탑,,블랙,루즈
1712,탑,,화이트,루즈
1713,탑,,블랙,루즈
1715,탑,,블랙,루즈
1718,탑,,화이트,루즈
1720,탑,,화이트,루즈
1721,탑,,블랙,루즈
1723,탑,,화이트,루즈
1728,탑,,화이트,노멀
1729,탑,,화이트,노멀
1732,탑,,화이트,노멀
1733,탑,,화이트,노멀
1734,탑,,화이트,노멀
1738,탑,,화이트,노멀
1741,탑,,화이트,노멀
1742,탑,,화이트,노멀
1743,탑,,화이트,노멀
1745,탑,,화이트,노멀
1746,탑,,화이트,노멀
1752,티셔츠,,블랙,노멀
1755,티셔츠,,블랙,노멀
1757,티셔츠,,블랙,노멀
1758,티셔츠,,블랙,노멀
1760,티셔츠,,블랙,노멀
1763,니트웨어,노멀,와인,루즈
1764,니트웨어,노멀,와인,루즈
1765,티셔츠,노멀,와인,노멀
1766,티셔츠,노멀,와인,노멀
1767,니트웨어,노멀,와인,루즈
1768,니트웨어,노멀,와인,루즈
1770,니트웨어,노멀,와인,루즈
1771,니트웨어,,화이트,노멀
1773,,,화이트,
1775,니트웨어,,화이트,노멀
1776,,,화이트,
1777,니트웨어,,화이트,노멀
1779,니트웨어,,화이트,노멀
1781,니트웨어,,오렌지,루즈
1782,니트웨어,,오렌지,루즈
1783,니트웨어,,오렌지,루즈
1784,니트웨어,,오렌지,루즈
1788,블라우스,,화이트,타이트
1789,블라우스,,화이트,타이트
1790,블라우스,,화이트,타이트
1792,블라우스,,화이트,노멀
1793,블라우스,,화이트,노멀
1794,블라우스,,화이트,노멀
1795,블라우스,,화이트,노멀
1796,블라우스,,화이트,노멀
1797,블라우스,,화이트,노멀
1798,블라우스,,화이트,노멀
1801,블라우스,노멀,화이트,노멀
1806,블라우스,노멀,화이트,노멀
1807,블라우스,크롭,화이트,노멀
1809,셔츠,,와인,노멀
1811,셔츠,,와인,노멀
1814,셔츠,,와인,노멀
1815,셔츠,,와인,노멀
1816,니트웨어,,블랙,노멀
1819,셔츠,,와인,노멀
1821,니트웨어,,블랙,노멀
1823,니트웨어,,블랙,노멀
1826,셔츠,,와인,노멀
1832,니트웨어,,블랙,노멀
1834,티셔츠,,블랙,노멀
1836,티셔츠,,블랙,노멀
1838,티셔츠,,블랙,노멀
1839,티셔츠,,블랙,노멀
1840,티셔츠,,블랙,노멀
1841,티셔츠,,블랙,노멀
1842,티셔츠,,블랙,노멀
1843,니트웨어,,블랙,노멀
1844,니트웨어,,블랙,노멀
1845,블라우스,,화이트,루즈
1847,블라우스,,화이트,루즈
1849,블라우스,,화이트,루즈
1850,블라우스,,화이트,루즈
1851,블라우스,,화이트,루즈
1859,티셔츠,,블랙,노멀
1860,티셔츠,,블랙,노멀
1864,티셔츠,,블랙,노멀
1877,티셔츠,,블랙,노멀
1883,티셔츠,,블랙,노멀
1885,티셔츠,,블랙,노멀
1886,티셔츠,,블랙,노멀
1887,티셔츠,,블랙,노멀
1888,티셔츠,,블랙,노멀
1890,티셔츠,,블랙,노멀
1891,티셔츠,,,노멀
1892,티셔츠,,,노멀
1893,티셔츠,,블랙,노멀
1894,티셔츠,,블랙,노멀
1895,티셔츠,,블랙,노멀
1896,티셔츠,,블랙,노멀
1897,티셔츠,,블랙,노멀
1898,티셔츠,,블랙,노멀
1901,,,화이트,
1904,,,화이트,
1905,,,화이트,
1907,티셔츠,,화이트,
1908,,,화이트,
1910,,,화이트,
1913,,,화이트,
1914,,,화이트,
1916,,,화이트,
1917,,,화이트,
1920,,,화이트,
1922,,,,
1923,셔츠,노멀,화이트,루즈
1924,셔츠,노멀,화이트,루즈
1925,셔츠,노멀,화이트,루즈
1926,셔츠,노멀,화이트,루즈
1927,셔츠,,네이비,루즈
1928,셔츠,,네이비,루즈
1929,셔츠,,네이비,루즈
1930,셔츠,,네이비,루즈
1931,셔츠,,네이비,루즈
1932,셔츠,,네이비,루즈
1933,셔츠,,네이비,루즈
1934,셔츠,,네이비,루즈
1935,셔츠,롱,실버,오버사이즈
1936,셔츠,롱,실버,오버사이즈
1937,셔츠,롱,화이트,오버사이즈
1938,셔츠,롱,실버,오버사이즈
1939,셔츠,롱,실버,오버사이즈
1940,셔츠,롱,실버,오버사이즈
1941,셔츠,롱,실버,오버사이즈
1942,셔츠,,화이트,노멀
1946,셔츠,,화이트,노멀
1948,니트웨어,노멀,그린,루즈
1951,셔츠,,스카이블루,노멀
1952,셔츠,,스카이블루,노멀
1953,셔츠,,스카이블루,노멀
1954,셔츠,,스카이블루,노멀
1957,셔츠,노멀,화이트,노멀
1958,셔츠,노멀,화이트,노멀
1959,셔츠,노멀,화이트,노멀
1960,셔츠,노멀,화이트,노멀
1961,셔츠,노멀,화이트,노멀
1962,셔츠,노멀,화이트,노멀
1963,블라우스,노멀,화이트,노멀
1965,블라우스,노멀,화이트,노멀
1966,블라우스,노멀,화이트,노멀
1967,블라우스,노멀,화이트,노멀
1968,블라우스,노멀,화이트,노멀
1969,블라우스,노멀,화이트,노멀
1970,블라우스,노멀,화이트,노멀
1971,,,화이트,
1973,티셔츠,노멀,화이트,노멀
1974,티셔츠,노멀,화이트,노멀
1975,티셔츠,노멀,화이트,노멀
1976,티셔츠,노멀,화이트,노멀
1978,티셔츠,노멀,화이트,노멀
1979,니트웨어,노멀,블랙,노멀
1980,니트웨어,노멀,블랙,노멀
1981,니트웨어,노멀,블랙,노멀
1982,니트웨어,노멀,블랙,노멀
1984,니트웨어,노멀,블랙,노멀
1985,니트웨어,노멀,블랙,노멀
1986,니트웨어,노멀,블랙,노멀
1987,니트웨어,노멀,블랙,노멀
1989,블라우스,노멀,,노멀
1990,블라우스,노멀,블랙,노멀
1991,블라우스,노멀,블랙,노멀
1994,티셔츠,노멀,화이트,노멀
1997,티셔츠,노멀,,노멀
1998,티셔츠,노멀,,노멀
2000,셔츠,롱,블루,노멀
2001,셔츠,롱,블루,노멀
2009,탑,노멀,화이트,노멀
2012,탑,노멀,화이트,노멀
2013,탑,노멀,화이트,노멀
2017,탑,크롭,블랙,타이트
2018,탑,노멀,화이트,루즈
2019,탑,크롭,블랙,타이트
2020,탑,크롭,블랙,타이트
2021,탑,크롭,블랙,타이트
2022,탑,크롭,블랙,타이트
2023,탑,크롭,블랙,타이트
2024,탑,노멀,화이트,루즈
2025,탑,크롭,블랙,타이트
2026,탑,크롭,블랙,타이트
2027,탑,크롭,블랙,타이트
2028,탑,크롭,블랙,타이트
2029,탑,크롭,블랙,타이트
2030,탑,크롭,블랙,타이트
2031,탑,노멀,화이트,루즈
2032,탑,노멀,화이트,루즈
2033,니트웨어,노멀,블랙,노멀
2034,니트웨어,노멀,블랙,노멀
2035,티셔츠,노멀,화이트,루즈
2036,니트웨어,노멀,블랙,노멀
2037,티셔츠,노멀,화이트,루즈
2038,니트웨어,노멀,블랙,노멀
2039,니트웨어,노멀,블랙,노멀
2041,니트웨어,노멀,블랙,노멀
2042,니트웨어,노멀,블랙,노멀
2043,니트웨어,노멀,블랙,노멀
2045,니트웨어,노멀,블랙,노멀
2046,니트웨어,노멀,블랙,노멀
2047,티셔츠,노멀,화이트,루즈
2048,니트웨어,노멀,블랙,노멀
2049,니트웨어,노멀,블랙,노멀
2051,니트웨어,노멀,블랙,노멀
2055,티셔츠,노멀,화이트,루즈
2057,티셔츠,노멀,화이트,노멀
2058,티셔츠,노멀,화이트,노멀
2060,티셔츠,노멀,화이트,루즈
2061,티셔츠,노멀,화이트,루즈
2065,티셔츠,노멀,화이트,루즈
2066,티셔츠,노멀,화이트,노멀
2067,티셔츠,노멀,화이트,루즈
2069,티셔츠,노멀,화이트,루즈
2070,티셔츠,노멀,화이트,루즈
2071,티셔츠,노멀,화이트,노멀
2072,티셔츠,노멀,화이트,루즈
2074,티셔츠,노멀,화이트,루즈
2078,티셔츠,노멀,화이트,노멀
2079,티셔츠,노멀,화이트,루즈
2081,티셔츠,노멀,화이트,노멀
2085,티셔츠,노멀,화이트,루즈
2086,티셔츠,노멀,화이트,노멀
2089,티셔츠,노멀,화이트,노멀
2094,티셔츠,노멀,화이트,루즈
2095,티셔츠,노멀,화이트,루즈
2097,티셔츠,노멀,화이트,노멀
2099,티셔츠,노멀,화이트,노멀
2101,셔츠,,베이지,루즈
2103,셔츠,,베이지,노멀
2104,셔츠,,베이지,노멀
2106,티셔츠,노멀,화이트,루즈
2107,셔츠,,베이지,루즈
2108,셔츠,,베이지,루즈
2109,티셔츠,노멀,화이트,노멀
2110,셔츠,,베이지,루즈
2111,셔츠,,베이지,노멀
2112,셔츠,,베이지,노멀
2113,셔츠,노멀,베이지,노멀
2114,셔츠,,베이지,노멀
2115,셔츠,노멀,베이지,노멀
2116,셔츠,,베이지,노멀
2117,셔츠,,베이지,노멀
2118,셔츠,노멀,베이지,노멀
2119,셔츠,노멀,베이지,노멀
2120,셔츠,,베이지,노멀
2121,셔츠,,베이지,노멀
2122,셔츠,노멀,베이지,노멀
2123,셔츠,노멀,베이지,노멀
2124,셔츠,노멀,베이지,노멀
2125,셔츠,,베이지,노멀
2126,셔츠,노멀,베이지,노멀
2127,셔츠,노멀,베이지,노멀
2128,셔츠,노멀,베이지,노멀
2129,셔츠,노멀,베이지,노멀
2130,셔츠,노멀,베이지,노멀
2131,셔츠,노멀,베이지,노멀
2132,셔츠,노멀,베이지,노멀
2133,셔츠,,베이지,노멀
2134,셔츠,노멀,베이지,노멀
2135,셔츠,노멀,베이지,노멀
2136,셔츠,,베이지,노멀
2149,셔츠,노멀,옐로우,노멀
2150,셔츠,노멀,옐로우,노멀
2151,셔츠,노멀,옐로우,노멀
2152,셔츠,노멀,옐로우,노멀
2153,셔츠,노멀,옐로우,노멀
2154,셔츠,노멀,옐로우,노멀
2155,셔츠,노멀,옐로우,노멀
2156,셔츠,노멀,옐로우,노멀
2157,셔츠,노멀,옐로우,노멀
2158,셔츠,노멀,옐로우,노멀
2159,셔츠,노멀,옐로우,노멀
2160,셔츠,노멀,옐로우,노멀
2161,셔츠,노멀,옐로우,노멀
2165,셔츠,노멀,옐로우,노멀
2174,셔츠,노멀,옐로우,노멀
2177,셔츠,노멀,옐로우,노멀
2179,셔츠,롱,스카이블루,루즈
2180,셔츠,롱,스카이블루,루즈
2181,셔츠,롱,스카이블루,노멀
2182,셔츠,롱,스카이블루,노멀
2183,셔츠,롱,스카이블루,노멀
2184,셔츠,롱,스카이블루,루즈
2185,셔츠,롱,스카이블루,루즈
2186,셔츠,롱,스카이블루,노멀
2187,셔츠,롱,스카이블루,루즈
2188,셔츠,롱,화이트,루즈
2189,셔츠,롱,스카이블루,루즈
2190,셔츠,롱,스카이블루,루즈
2191,셔츠,롱,스카이블루,노멀
2192,셔츠,롱,스카이블루,노멀
2193,셔츠,롱,스카이블루,노멀
2194,셔츠,롱,스카이블루,루즈
2195,셔츠,롱,스카이블루,노멀
2196,셔츠,롱,스카이블루,루즈
2197,셔츠,롱,스카이블루,노멀
2198,셔츠,롱,스카이블루,노멀
2199,셔츠,롱,스카이블루,루즈
2200,셔츠,롱,스카이블루,루즈
2201,셔츠,롱,스카이블루,노멀
2202,셔츠,롱,스카이블루,노멀
2203,셔츠,롱,스카이블루,노멀
2204,셔츠,롱,스카이블루,루즈
2205,셔츠,롱,스카이블루,노멀
2206,셔츠,롱,화이트,루즈
2207,셔츠,롱,화이트,루즈
2208,셔츠,롱,화이트,루즈
2209,셔츠,롱,화이트,루즈
2210,셔츠,롱,화이트,루즈
2211,셔츠,롱,화이트,루즈
2212,셔츠,롱,화이트,루즈
2213,셔츠,롱,화이트,루즈
2214,셔츠,롱,화이트,루즈
2215,셔츠,롱,화이트,루즈
2216,셔츠,롱,화이트,루즈
2217,셔츠,롱,화이트,루즈
2218,셔츠,롱,화이트,루즈
2219,셔츠,롱,화이트,루즈
2220,셔츠,롱,화이트,루즈
2221,셔츠,롱,화이트,루즈
2222,셔츠,롱,화이트,루즈
2223,셔츠,롱,화이트,루즈
2224,셔츠,롱,화이트,루즈
2225,셔츠,롱,화이트,루즈
2226,셔츠,롱,화이트,루즈
2227,셔츠,롱,화이트,루즈
2228,셔츠,롱,화이트,루즈
2229,셔츠,롱,화이트,루즈
2230,셔츠,롱,화이트,루즈
2231,셔츠,롱,화이트,루즈
2232,셔츠,롱,화이트,루즈
2233,셔츠,롱,화이트,오버사이즈
2234,셔츠,롱,화이트,오버사이즈
2235,셔츠,롱,화이트,오버사이즈
2236,셔츠,롱,화이트,오버사이즈
2246,니트웨어,롱,블랙,노멀
2247,니트웨어,롱,그레이,노멀
2248,니트웨어,롱,그레이,노멀
2249,니트웨어,롱,그레이,노멀
2250,니트웨어,롱,그레이,노멀
2251,니트웨어,롱,그레이,노멀
2252,니트웨어,롱,그레이,노멀
2253,니트웨어,롱,그레이,노멀
2254,니트웨어,롱,그레이,노멀
2255,니트웨어,롱,그레이,노멀
2256,니트웨어,롱,그레이,노멀
2257,니트웨어,롱,그레이,노멀
2258,니트웨어,롱,그레이,노멀
2259,니트웨어,롱,그레이,노멀
2260,니트웨어,롱,그레이,노멀
2261,니트웨어,롱,그레이,노멀
2262,니트웨어,롱,그레이,노멀
2263,니트웨어,롱,그레이,노멀
2264,니트웨어,롱,그레이,노멀
2265,니트웨어,롱,그레이,노멀
2266,니트웨어,롱,그레이,노멀
2267,니트웨어,롱,그레이,노멀
2268,니트웨어,롱,그레이,노멀
2269,니트웨어,롱,그레이,노멀
2270,니트웨어,롱,그레이,노멀
2271,니트웨어,롱,그레이,노멀
2272,니트웨어,롱,그레이,노멀
2273,니트웨어,롱,그레이,노멀
2274,니트웨어,롱,그레이,노멀
2275,티셔츠,,그린,타이트
2276,티셔츠,,그린,타이트
2277,티셔츠,,그린,타이트
2278,,,그린,
2279,티셔츠,,그린,타이트
2280,,,그린,
2281,티셔츠,,그린,타이트
2282,티셔츠,,그린,타이트
2283,티셔츠,,그린,타이트
2284,티셔츠,,그린,타이트
2285,티셔츠,노멀,그린,타이트
2286,니트웨어,,오렌지,노멀
2287,니트웨어,,오렌지,노멀
2288,니트웨어,,화이트,노멀
2289,니트웨어,,오렌지,노멀
2291,니트웨어,,오렌지,노멀
2292,티셔츠,,핑크,노멀
2293,니트웨어,,화이트,노멀
2294,티셔츠,,핑크,노멀
2295,니트웨어,,오렌지,노멀
2296,니트웨어,,오렌지,노멀
2297,니트웨어,,오렌지,노멀
2298,니트웨어,,오렌지,노멀
2299,니트웨어,,오렌지,노멀
2301,니트웨어,,오렌지,노멀
2302,니트웨어,,화이트,노멀
2303,니트웨어,,오렌지,노멀
2304,티셔츠,,핑크,노멀
2305,티셔츠,,핑크,노멀
2306,티셔츠,,핑크,노멀
2307,니트웨어,,오렌지,노멀
2308,티셔츠,,오렌지,노멀
2309,니트웨어,,화이트,노멀
2310,티셔츠,,오렌지,노멀
2311,니트웨어,,화이트,노멀
2312,니트웨어,,화이트,노멀
2313,니트웨어,,화이트,노멀
2314,니트웨어,,화이트,노멀
2315,티셔츠,,오렌지,노멀
2316,티셔츠,,오렌지,노멀
2317,티셔츠,,오렌지,노멀
2318,티셔츠,,오렌지,노멀
2320,티셔츠,,오렌지,노멀
2321,티셔츠,,오렌지,노멀
2322,니트웨어,,화이트,노멀
2323,티셔츠,,오렌지,노멀
2324,티셔츠,,오렌지,노멀
2325,티셔츠,,오렌지,노멀
2326,티셔츠,,오렌지,노멀
2327,티셔츠,,오렌지,노멀
2328,티셔츠,,오렌지,노멀
2329,니트웨어,,화이트,노멀
2344,니트웨어,롱,그린,루즈
2346,니트웨어,롱,그린,루즈
2396,니트웨어,노멀,,노멀
2397,니트웨어,노멀,,노멀
2398,니트웨어,노멀,,노멀
2399,니트웨어,노멀,,노멀
2400,니트웨어,노멀,,노멀
2401,니트웨어,노멀,,노멀
2402,니트웨어,노멀,,노멀
2403,니트웨어,노멀,,노멀
2404,니트웨어,노멀,,노멀
2405,니트웨어,노멀,,노멀
2406,니트웨어,노멀,,노멀
2407,니트웨어,노멀,,노멀
2473,티셔츠,노멀,화이트,루즈
2474,티셔츠,노멀,화이트,루즈
2475,티셔츠,노멀,화이트,루즈
2476,티셔츠,노멀,화이트,루즈
2477,티셔츠,노멀,화이트,루즈
2478,티셔츠,노멀,화이트,루즈
2479,티셔츠,노멀,화이트,루즈
2484,,,그레이,
2485,티셔츠,노멀,화이트,루즈
2486,티셔츠,노멀,화이트,루즈
2487,티셔츠,노멀,화이트,루즈
2488,티셔츠,노멀,화이트,루즈
2490,티셔츠,노멀,화이트,루즈
2491,셔츠,롱,화이트,루즈
2493,니트웨어,,화이트,노멀
2494,니트웨어,,화이트,노멀
2495,니트웨어,,화이트,노멀
2496,니트웨어,,화이트,노멀
2497,니트웨어,,화이트,노멀
2504,니트웨어,,화이트,노멀
2508,니트웨어,롱,실버,루즈
2509,니트웨어,롱,실버,루즈
2510,니트웨어,롱,실버,루즈
2511,니트웨어,롱,실버,루즈
2512,니트웨어,롱,실버,루즈
2513,니트웨어,롱,실버,루즈
2514,니트웨어,롱,실버,루즈
2515,니트웨어,롱,실버,루즈
2516,니트웨어,롱,실버,루즈
2517,티셔츠,노멀,,노멀
2520,티셔츠,노멀,,노멀
2521,티셔츠,노멀,,노멀
2522,티셔츠,노멀,블랙,노멀
2524,티셔츠,노멀,블랙,노멀
2525,티셔츠,노멀,,노멀
2526,티셔츠,노멀,,노멀
2527,티셔츠,노멀,,노멀
2528,티셔츠,노멀,,노멀
2529,티셔츠,노멀,블랙,노멀
2530,티셔츠,노멀,,노멀
2531,티셔츠,노멀,블랙,노멀
2532,티셔츠,노멀,블랙,노멀
2533,티셔츠,노멀,블랙,노멀
2534,티셔츠,노멀,,노멀
2535,티셔츠,노멀,블랙,노멀
2536,티셔츠,노멀,,노멀
2538,티셔츠,노멀,블랙,노멀
2539,티셔츠,노멀,,노멀
2542,티셔츠,노멀,,노멀
2543,티셔츠,노멀,,노멀
2544,티셔츠,노멀,,노멀
2545,티셔츠,노멀,,노멀
2548,티셔츠,노멀,블랙,노멀
2549,티셔츠,노멀,블랙,노멀
2551,티셔츠,노멀,,노멀
2552,티셔츠,노멀,블랙,노멀
2553,티셔츠,노멀,,노멀
2561,티셔츠,노멀,블랙,루즈
2567,티셔츠,노멀,블랙,루즈
2568,티셔츠,노멀,블랙,루즈
2571,티셔츠,노멀,블랙,루즈
2573,티셔츠,노멀,블랙,루즈
2574,티셔츠,노멀,블랙,루즈
2576,티셔츠,노멀,블랙,루즈
2583,티셔츠,노멀,블랙,루즈
2584,티셔츠,노멀,블랙,루즈
2586,티셔츠,노멀,베이지,루즈
2597,티셔츠,노멀,블랙,루즈
2598,티셔츠,노멀,블랙,루즈
2599,티셔츠,노멀,블랙,루즈
2601,티셔츠,노멀,블랙,루즈
2603,티셔츠,노멀,블랙,루즈
2604,티셔츠,노멀,블랙,루즈
2605,티셔츠,노멀,블랙,루즈
2606,티셔츠,노멀,블랙,루즈
2607,티셔츠,노멀,블랙,루즈
2608,티셔츠,노멀,블랙,루즈
2609,탑,노멀,베이지,노멀
2610,탑,노멀,베이지,노멀
2611,탑,노멀,베이지,노멀
2612,탑,노멀,베이지,노멀
2613,탑,노멀,베이지,노멀
2614,탑,노멀,베이지,노멀
2615,탑,노멀,베이지,노멀
2616,탑,노멀,베이지,노멀
2617,탑,노멀,베이지,노멀
2618,,,그레이,
2619,,,그레이,
2620,,,그레이,
2621,,,그레이,
2622,,,그레이,
2623,,,그레이,
2624,,,그레이,
2625,,,그레이,
2626,,,그레이,
2627,,,그레이,
2628,니트웨어,롱,그레이,루즈
2629,니트웨어,롱,그레이,루즈
2630,니트웨어,롱,그레이,루즈
2631,니트웨어,롱,그레이,루즈
2632,니트웨어,롱,그레이,루즈
2633,니트웨어,롱,그레이,루즈
2634,니트웨어,롱,그레이,루즈
2635,니트웨어,롱,그레이,루즈
2636,니트웨어,롱,그레이,루즈
2637,니트웨어,롱,그레이,루즈
2638,니트웨어,롱,그레이,루즈
2639,니트웨어,롱,그레이,루즈
2640,니트웨어,롱,그레이,루즈
2641,니트웨어,롱,그레이,루즈
2642,니트웨어,롱,그레이,루즈
2643,니트웨어,롱,그레이,루즈
2644,니트웨어,롱,그레이,루즈
2645,니트웨어,롱,그레이,루즈
2646,니트웨어,롱,그레이,루즈
2647,니트웨어,롱,그레이,루즈
2648,니트웨어,롱,그레이,루즈
2649,니트웨어,롱,그레이,루즈
2650,니트웨어,롱,그레이,루즈
2651,니트웨어,롱,그레이,루즈
2652,니트웨어,롱,그레이,루즈
2653,니트웨어,롱,그레이,루즈
2654,셔츠,롱,네이비,노멀
2655,셔츠,롱,네이비,노멀
2656,셔츠,,네이비,노멀
2657,셔츠,노멀,베이지,노멀
2658,셔츠,노멀,베이지,노멀
2659,셔츠,롱,네이비,노멀
2660,셔츠,롱,네이비,노멀
2661,셔츠,롱,네이비,노멀
2662,셔츠,롱,네이비,노멀
2663,셔츠,롱,네이비,노멀
2664,셔츠,롱,네이비,노멀
2665,셔츠,노멀,베이지,노멀
2666,셔츠,롱,네이비,노멀
2667,셔츠,롱,네이비,노멀
2668,셔츠,롱,네이비,노멀
2669,셔츠,노멀,베이지,오버사이즈
2670,셔츠,롱,네이비,노멀
2671,셔츠,롱,네이비,노멀
2672,셔츠,롱,네이비,노멀
2673,셔츠,,네이비,노멀
2674,셔츠,롱,네이비,노멀
2675,셔츠,노멀,베이지,오버사이즈
2676,셔츠,,네이비,노멀
2677,셔츠,,네이비,노멀
2678,셔츠,롱,네이비,노멀
2679,셔츠,롱,네이비,노멀
2680,셔츠,노멀,베이지,노멀
2681,셔츠,롱,네이비,노멀
2682,셔츠,롱,네이비,노멀
2683,셔츠,롱,네이비,노멀
2684,셔츠,롱,네이비,노멀
2685,셔츠,롱,네이비,노멀
2686,셔츠,노멀,베이지,노멀
2687,셔츠,노멀,베이지,오버사이즈
2688,셔츠,노멀,베이지,오버사이즈
2689,셔츠,롱,네이비,노멀
2690,셔츠,노멀,베이지,노멀
2691,셔츠,롱,네이비,노멀
2692,셔츠,노멀,베이지,오버사이즈
2693,셔츠,노멀,베이지,노멀
2694,셔츠,노멀,베이지,오버사이즈
2695,셔츠,노멀,베이지,노멀
2696,셔츠,노멀,베이지,노멀
2697,셔츠,노멀,베이지,노멀
2698,셔츠,노멀,베이지,노멀
2699,셔츠,노멀,베이지,오버사이즈
2700,셔츠,노멀,베이지,노멀
2701,셔츠,노멀,베이지,오버사이즈
2702,셔츠,노멀,베이지,노멀
2703,셔츠,노멀,베이지,노멀
2704,셔츠,노멀,베이지,오버사이즈
2705,셔츠,노멀,베이지,노멀
2706,셔츠,노멀,그레이,노멀
2707,셔츠,노멀,그레이,노멀
2708,셔츠,노멀,그레이,노멀
2709,셔츠,노멀,그레이,노멀
2710,티셔츠,노멀,그레이,노멀
2711,셔츠,노멀,그레이,노멀
2712,셔츠,노멀,그레이,노멀
2713,셔츠,노멀,그레이,노멀
2714,셔츠,노멀,그레이,노멀
2715,티셔츠,노멀,그레이,노멀
2716,셔츠,노멀,그레이,노멀
2717,셔츠,노멀,그레이,노멀
2718,셔츠,노멀,그레이,노멀
2719,셔츠,노멀,그레이,노멀
2720,셔츠,노멀,그레이,노멀
2721,셔츠,노멀,그레이,노멀
2722,셔츠,노멀,그레이,노멀
2723,셔츠,노멀,그레이,노멀
2724,셔츠,노멀,그레이,노멀
2725,티셔츠,노멀,그레이,노멀
2726,셔츠,노멀,그레이,노멀
2727,티셔츠,노멀,그레이,노멀
2728,셔츠,노멀,그레이,노멀
2729,셔츠,노멀,그레이,노멀
2730,셔츠,노멀,그레이,노멀
2731,셔츠,노멀,그레이,노멀
2732,셔츠,노멀,그레이,노멀
2733,셔츠,노멀,그레이,노멀
2736,니트웨어,,블랙,노멀
2737,니트웨어,,블랙,노멀
2739,니트웨어,,블랙,노멀
2740,니트웨어,,블랙,노멀
2741,니트웨어,,블랙,노멀
2742,니트웨어,,블랙,노멀
2747,니트웨어,,블랙,노멀
2750,니트웨어,,블랙,노멀
2753,니트웨어,,블랙,노멀
2754,니트웨어,,블랙,노멀
2758,니트웨어,,블랙,노멀
2760,니트웨어,,블랙,노멀
2761,니트웨어,,블랙,노멀
2766,니트웨어,,블랙,노멀
2772,니트웨어,,블랙,노멀
2774,니트웨어,,블랙,노멀
2775,니트웨어,,블랙,노멀
2776,니트웨어,,블랙,노멀
2777,니트웨어,,블랙,노멀
2778,니트웨어,,블랙,노멀
2791,셔츠,노멀,블랙,루즈
2792,셔츠,노멀,블랙,루즈
2793,셔츠,노멀,블랙,루즈
2805,니트웨어,,블랙,노멀
2808,니트웨어,,블랙,노멀
2809,니트웨어,,,노멀
2811,니트웨어,,블랙,노멀
2813,니트웨어,,블랙,노멀
2814,니트웨어,,,노멀
2816,니트웨어,,,노멀
2817,니트웨어,,,노멀
2818,티셔츠,,,노멀
2819,티셔츠,,,노멀
2820,티셔츠,,,노멀
2821,티셔츠,,,노멀
2822,티셔츠,,,노멀
2823,티셔츠,,화이트,노멀
2826,티셔츠,,화이트,노멀
2828,티셔츠,,화이트,노멀
2831,블라우스,,화이트,노멀
2833,블라우스,,화이트,노멀
2840,티셔츠,,,노멀
2841,티셔츠,,,노멀
2842,티셔츠,,,노멀
2843,티셔츠,,,노멀
2844,티셔츠,,,노멀
2845,티셔츠,,,노멀
2856,셔츠,롱,화이트,노멀
2857,셔츠,롱,화이트,노멀
2858,셔츠,,화이트,루즈
2860,셔츠,,화이트,루즈
2861,셔츠,,화이트,루즈
2862,셔츠,,화이트,루즈
2863,셔츠,,화이트,루즈
2864,셔츠,,화이트,루즈
2865,셔츠,,화이트,루즈
2866,니트웨어,,화이트,타이트
2867,블라우스,,화이트,노멀
2868,블라우스,,화이트,노멀
2869,블라우스,,화이트,노멀
2870,블라우스,,화이트,노멀
2871,블라우스,,화이트,노멀
2874,블라우스,,화이트,노멀
2875,니트웨어,,화이트,타이트
2876,블라우스,,화이트,노멀
2878,블라우스,,화이트,노멀
2879,블라우스,,화이트,노멀
2882,니트웨어,,화이트,타이트
2884,니트웨어,,화이트,타이트
2885,니트웨어,,화이트,타이트
2888,니트웨어,,화이트,타이트
2889,니트웨어,,화이트,타이트
2891,니트웨어,,화이트,타이트
2893,니트웨어,,화이트,타이트
2914,셔츠,노멀,화이트,루즈
2915,셔츠,롱,화이트,루즈
2916,셔츠,롱,화이트,루즈
2917,셔츠,롱,화이트,루즈
2918,셔츠,롱,화이트,루즈
2919,셔츠,롱,화이트,루즈
2920,셔츠,롱,화이트,루즈
2921,셔츠,롱,화이트,루즈
2922,셔츠,롱,화이트,루즈
2923,셔츠,롱,화이트,루즈
2924,셔츠,롱,화이트,루즈
2925,셔츠,롱,화이트,루즈
2926,셔츠,롱,화이트,루즈
2927,셔츠,롱,화이트,루즈
2929,셔츠,노멀,화이트,루즈
2930,셔츠,롱,화이트,루즈
2931,셔츠,롱,화이트,루즈
2932,셔츠,롱,화이트,루즈
2933,셔츠,롱,화이트,루즈
2934,셔츠,롱,화이트,루즈
2935,셔츠,롱,화이트,루즈
2936,셔츠,롱,화이트,루즈
2937,후드티,노멀,화이트,노멀
2938,후드티,노멀,화이트,노멀
2939,후드티,노멀,화이트,노멀
2940,후드티,노멀,화이트,노멀
2941,후드티,노멀,화이트,노멀
2942,후드티,노멀,화이트,노멀
2962,티셔츠,롱,실버,루즈
2963,티셔츠,노멀,실버,루즈
2964,티셔츠,롱,실버,루즈
2965,티셔츠,롱,실버,루즈
2966,티셔츠,롱,실버,루즈
2967,티셔츠,롱,실버,루즈
2968,티셔츠,노멀,실버,루즈
2969,티셔츠,롱,실버,루즈
2970,티셔츠,롱,실버,루즈
2971,티셔츠,노멀,실버,루즈
2972,티셔츠,롱,실버,루즈
2973,티셔츠,롱,실버,루즈
2974,티셔츠,롱,실버,루즈
2975,티셔츠,롱,실버,루즈
2976,티셔츠,롱,실버,루즈
2977,티셔츠,롱,실버,루즈
2978,티셔츠,노멀,실버,루즈
2979,티셔츠,노멀,실버,루즈
2980,티셔츠,롱,실버,루즈
2981,티셔츠,롱,실버,루즈
2982,티셔츠,롱,실버,루즈
2983,티셔츠,롱,실버,루즈
2984,티셔츠,노멀,실버,루즈
2985,티셔츠,롱,실버,루즈
2986,티셔츠,롱,실버,루즈
2987,티셔츠,롱,실버,루즈
2988,티셔츠,롱,실버,루즈
2989,티셔츠,노멀,실버,루즈
2990,티셔츠,노멀,실버,루즈
2992,티셔츠,노멀,실버,루즈
2994,니트웨어,,블랙,노멀
2995,티셔츠,,화이트,타이트
2996,티셔츠,,화이트,타이트
2997,티셔츠,,화이트,타이트
2998,티셔츠,,화이트,타이트
2999,티셔츠,,화이트,타이트
3013,티셔츠,,화이트,노멀
3019,티셔츠,,화이트,노멀
3024,티셔츠,,화이트,노멀
3029,니트웨어,노멀,실버,노멀
3030,니트웨어,노멀,레드,노멀
3031,니트웨어,노멀,실버,노멀
3032,니트웨어,노멀,레드,노멀
3033,니트웨어,노멀,실버,노멀
3036,티셔츠,,베이지,루즈
3037,티셔츠,,베이지,루즈
3038,티셔츠,,베이지,루즈
3039,티셔츠,,베이지,루즈
3040,티셔츠,,베이지,루즈
3043,티셔츠,,베이지,루즈
3044,티셔츠,,베이지,루즈
3045,티셔츠,,베이지,루즈
3046,티셔츠,,베이지,루즈
3047,티셔츠,,베이지,루즈
3048,티셔츠,,베이지,루즈
3050,티셔츠,,베이지,루즈
3051,티셔츠,,베이지,루즈
3052,티셔츠,,베이지,루즈
3076,블라우스,,화이트,루즈
3077,블라우스,,화이트,루즈
3078,블라우스,,화이트,루즈
3079,블라우스,,화이트,루즈
3080,블라우스,,화이트,루즈
3081,블라우스,,화이트,루즈
3082,블라우스,,화이트,루즈
3083,블라우스,,화이트,루즈
3084,블라우스,,화이트,루즈
3085,블라우스,,화이트,루즈
3086,블라우스,,화이트,루즈
3087,블라우스,,화이트,루즈
3088,블라우스,,화이트,루즈
3089,블라우스,,화이트,루즈
3090,블라우스,,화이트,루즈
3091,블라우스,,화이트,루즈
3092,블라우스,,화이트,루즈
3094,블라우스,,화이트,루즈
3097,블라우스,,화이트,루즈
3099,블라우스,,화이트,루즈
3100,블라우스,,화이트,루즈
3101,블라우스,,화이트,루즈
3102,블라우스,,화이트,루즈
3107,블라우스,,화이트,루즈
3108,블라우스,,화이트,루즈
3109,블라우스,,화이트,루즈
3111,블라우스,,화이트,루즈
3112,블라우스,,화이트,루즈
3114,블라우스,,화이트,루즈
3115,블라우스,,화이트,루즈
3116,블라우스,,화이트,루즈
3117,블라우스,,화이트,루즈
3118,블라우스,,화이트,루즈
3119,블라우스,,화이트,루즈
3122,블라우스,,화이트,루즈
3135,셔츠,,블랙,루즈
3136,셔츠,,블랙,루즈
3137,셔츠,,블랙,루즈
3138,셔츠,,블랙,루즈
3139,셔츠,,블랙,루즈
3140,셔츠,,블랙,루즈
3141,셔츠,롱,블랙,루즈
3142,셔츠,,블랙,루즈
3143,셔츠,롱,블랙,루즈
3144,셔츠,롱,블랙,루즈
3145,셔츠,,블랙,루즈
3146,셔츠,롱,블랙,루즈
3147,셔츠,,블랙,루즈
3148,셔츠,,블랙,루즈
3149,셔츠,,화이트,노멀
3150,셔츠,,화이트,노멀
3151,셔츠,,블랙,루즈
3152,셔츠,,블랙,루즈
3153,셔츠,,블랙,루즈
3154,셔츠,롱,블랙,루즈
3155,셔츠,,블랙,루즈
3158,셔츠,롱,블랙,루즈
3159,셔츠,,블랙,루즈
3160,셔츠,,화이트,노멀
3161,셔츠,,화이트,노멀
3163,셔츠,,블랙,루즈
3165,셔츠,롱,블랙,루즈
3166,셔츠,,블랙,루즈
3168,셔츠,,화이트,노멀
3169,셔츠,롱,블랙,루즈
3170,셔츠,,블랙,루즈
3172,셔츠,,화이트,노멀
3173,셔츠,롱,블랙,루즈
3175,셔츠,,화이트,노멀
3178,셔츠,,화이트,노멀
3179,셔츠,,블랙,루즈
3180,셔츠,,화이트,노멀
3182,셔츠,롱,블랙,루즈
3183,셔츠,롱,블랙,루즈
3184,셔츠,,화이트,노멀
3185,셔츠,,화이트,노멀
3188,셔츠,,화이트,노멀
3189,셔츠,,화이트,노멀
3191,셔츠,,화이트,노멀
3201,셔츠,,화이트,노멀
3202,셔츠,,화이트,노멀
3203,셔츠,,화이트,노멀
3204,셔츠,,화이트,노멀
3205,셔츠,,화이트,노멀
3206,셔츠,,화이트,노멀
3207,셔츠,,화이트,노멀
3209,셔츠,,화이트,노멀
3210,셔츠,,화이트,노멀
3212,셔츠,,화이트,노멀
3213,블라우스,,화이트,노멀
3214,블라우스,,화이트,노멀
3215,블라우스,,화이트,노멀
3216,블라우스,,화이트,노멀
3217,블라우스,,화이트,노멀
3218,블라우스,,화이트,노멀
3219,블라우스,,화이트,노멀
3220,블라우스,,화이트,노멀
3221,블라우스,,화이트,노멀
3222,블라우스,,화이트,노멀
3223,블라우스,,화이트,노멀
3224,블라우스,,화이트,노멀
3225,블라우스,,화이트,노멀
3226,블라우스,,화이트,노멀
3227,블라우스,,화이트,노멀
3228,블라우스,,화이트,노멀
3229,블라우스,,화이트,노멀
3230,블라우스,,화이트,노멀
3231,블라우스,,화이트,노멀
3232,블라우스,,화이트,노멀
3233,블라우스,,화이트,노멀
3234,블라우스,,화이트,노멀
3235,블라우스,,화이트,노멀
3236,블라우스,,화이트,노멀
3237,블라우스,,화이트,노멀
3238,블라우스,,화이트,노멀
3239,블라우스,,화이트,노멀
3240,블라우스,,화이트,노멀
3241,블라우스,,화이트,노멀
3242,블라우스,,화이트,노멀
3243,블라우스,,화이트,노멀
3255,니트웨어,노멀,블랙,루즈
3256,니트웨어,,블랙,루즈
3257,니트웨어,노멀,블랙,루즈
3258,니트웨어,,블랙,루즈
3259,니트웨어,,블랙,루즈
3260,니트웨어,,블랙,루즈
3261,니트웨어,,블랙,루즈
3262,니트웨어,,블랙,루즈
3263,니트웨어,,블랙,루즈
3264,니트웨어,노멀,블랙,루즈
3265,니트웨어,노멀,블랙,루즈
3266,니트웨어,노멀,블랙,루즈
3267,니트웨어,노멀,블랙,루즈
3268,니트웨어,,블랙,루즈
3270,니트웨어,,블랙,루즈
3271,니트웨어,,블랙,루즈
3272,니트웨어,노멀,블랙,루즈
3273,니트웨어,,블랙,루즈
3274,니트웨어,,블랙,루즈
3275,니트웨어,,블랙,루즈
3276,니트웨어,,블랙,루즈
3277,니트웨어,,블랙,루즈
3278,니트웨어,,블랙,루즈
3279,니트웨어,,블랙,루즈
3280,니트웨어,노멀,블랙,루즈
3281,니트웨어,,블랙,루즈
3282,니트웨어,노멀,블랙,루즈
3283,니트웨어,,블랙,루즈
3284,니트웨어,노멀,블랙,루즈
3321,,,화이트,
3324,티셔츠,,화이트,
3327,티셔츠,,화이트,타이트
3328,티셔츠,,화이트,타이트
3330,티셔츠,,화이트,
3331,티셔츠,,화이트,
3332,티셔츠,,화이트,타이트
3334,티셔츠,,화이트,
3337,티셔츠,,화이트,타이트
3341,티셔츠,,,
3348,티셔츠,,화이트,타이트
3349,티셔츠,,화이트,타이트
3353,티셔츠,,화이트,
3394,티셔츠,,화이트,노멀
3397,티셔츠,,화이트,노멀
3448,티셔츠,,화이트,노멀
3450,,,화이트,
3451,,,화이트,
3452,티셔츠,,화이트,노멀
3453,,,화이트,
3454,티셔츠,,화이트,노멀
3455,티셔츠,,화이트,노멀
3456,,,화이트,
3457,티셔츠,,화이트,노멀
3459,티셔츠,,화이트,노멀
3460,티셔츠,,화이트,노멀
3462,,,화이트,
3464,,,라벤더,
3465,티셔츠,,화이트,노멀
3466,티셔츠,,화이트,노멀
3467,티셔츠,,화이트,노멀
3468,티셔츠,,화이트,노멀
3470,,,화이트,
3472,,,화이트,
3475,,,,
3476,티셔츠,,실버,노멀
3477,티셔츠,,화이트,노멀
3479,티셔츠,,화이트,노멀
3480,티셔츠,,화이트,노멀
3481,티셔츠,,화이트,노멀
3482,티셔츠,,화이트,노멀
3483,티셔츠,,화이트,노멀
3484,티셔츠,,화이트,노멀
3491,티셔츠,,화이트,루즈
3494,티셔츠,,화이트,노멀
3495,티셔츠,,화이트,노멀
3497,티셔츠,,화이트,노멀
3499,티셔츠,,화이트,노멀
3503,,,화이트,
3515,블라우스,롱,화이트,루즈
3516,블라우스,롱,화이트,루즈
3517,블라우스,롱,화이트,루즈
3518,블라우스,롱,화이트,루즈
3519,블라우스,롱,화이트,루즈
3520,블라우스,롱,화이트,루즈
3522,블라우스,롱,화이트,루즈
3523,블라우스,롱,화이트,루즈
3524,블라우스,롱,화이트,루즈
3525,블라우스,롱,화이트,루즈
3526,블라우스,롱,화이트,루즈
3527,블라우스,롱,화이트,루즈
3546,셔츠,,화이트,노멀
3579,,,옐로우,
3590,니트웨어,롱,실버,루즈
3591,니트웨어,롱,실버,루즈
3592,니트웨어,롱,실버,루즈
3593,니트웨어,롱,실버,루즈
3594,니트웨어,롱,실버,루즈
3595,니트웨어,롱,실버,루즈
3596,니트웨어,롱,실버,루즈
3597,니트웨어,롱,실버,루즈
3598,니트웨어,롱,실버,루즈
3599,니트웨어,롱,실버,루즈
3600,니트웨어,롱,실버,루즈
3601,니트웨어,롱,실버,루즈
3603,니트웨어,롱,실버,루즈
3604,니트웨어,롱,실버,루즈
3605,니트웨어,롱,실버,루즈
3606,니트웨어,롱,실버,루즈
3607,니트웨어,롱,실버,루즈
3608,니트웨어,롱,실버,루즈
3609,니트웨어,롱,실버,루즈
3610,니트웨어,롱,실버,루즈
3611,티셔츠,,베이지,노멀
3612,티셔츠,,베이지,노멀
3613,티셔츠,,베이지,노멀
3614,티셔츠,,베이지,노멀
3615,티셔츠,,베이지,노멀
3616,티셔츠,,베이지,노멀
3617,티셔츠,,베이지,노멀
3619,티셔츠,,베이지,노멀
3621,티셔츠,,베이지,노멀
3624,,,화이트,
3627,,,베이지,
3631,티셔츠,,화이트,노멀
3632,,,화이트,
3633,티셔츠,,베이지,노멀
3635,,,베이지,
3636,티셔츠,,화이트,노멀
3639,티셔츠,,화이트,노멀
3640,,,화이트,
3645,티셔츠,,화이트,노멀
3648,,,화이트,
3651,,,화이트,
3652,티셔츠,,베이지,노멀
3653,셔츠,,라벤더,루즈
3654,셔츠,노멀,라벤더,노멀
3655,셔츠,,라벤더,노멀
3656,셔츠,,라벤더,노멀
3657,셔츠,,라벤더,노멀
3658,셔츠,,라벤더,노멀
3659,셔츠,,라벤더,노멀
3660,셔츠,노멀,라벤더,노멀
3661,셔츠,,그레이,노멀
3662,셔츠,롱,그레이,루즈
3663,셔츠,롱,그레이,루즈
3689,탑,,와인,노멀
3690,탑,,와인,노멀
3691,탑,,와인,노멀
3692,탑,,와인,노멀
3693,탑,,와인,노멀
3694,탑,,와인,노멀
3695,탑,,와인,노멀
3696,탑,,와인,노멀
3697,탑,,와인,노멀
3698,탑,,와인,노멀
3699,탑,,와인,노멀
3700,탑,,와인,노멀
3701,탑,,와인,노멀
3702,탑,롱,와인,노멀
3703,탑,,와인,노멀
3704,탑,,와인,노멀
3705,탑,,와인,노멀
3706,탑,롱,와인,노멀
3707,탑,,와인,노멀
3708,탑,,와인,노멀
3709,탑,,와인,노멀
3710,탑,,와인,노멀
3711,탑,,와인,노멀
3712,탑,,와인,노멀
3713,탑,,와인,노멀
3714,탑,,와인,노멀
3715,탑,,와인,노멀
3716,탑,,와인,노멀
3717,탑,,와인,노멀
3718,탑,,와인,노멀
3719,탑,,와인,노멀
3720,탑,,와인,노멀
3721,탑,,와인,노멀
3722,탑,,와인,노멀
3723,탑,,와인,노멀
3724,탑,,와인,노멀
3725,티셔츠,노멀,실버,노멀
3726,티셔츠,노멀,실버,노멀
3727,티셔츠,노멀,실버,노멀
3728,티셔츠,노멀,실버,노멀
3729,티셔츠,노멀,실버,노멀
3730,티셔츠,노멀,실버,노멀
3731,티셔츠,노멀,실버,노멀
3732,티셔츠,노멀,실버,노멀
3733,티셔츠,노멀,실버,노멀
3734,티셔츠,노멀,실버,노멀
3735,티셔츠,노멀,실버,노멀
3736,티셔츠,노멀,실버,노멀
3737,티셔츠,노멀,실버,노멀
3738,니트웨어,노멀,화이트,노멀
3739,니트웨어,노멀,화이트,노멀
3740,니트웨어,노멀,화이트,노멀
3741,니트웨어,노멀,화이트,노멀
3742,니트웨어,노멀,화이트,노멀
3743,니트웨어,노멀,화이트,노멀
3744,니트웨어,노멀,화이트,노멀
3745,니트웨어,노멀,화이트,노멀
3746,니트웨어,노멀,화이트,노멀
3747,니트웨어,노멀,화이트,노멀
3749,니트웨어,노멀,화이트,노멀
3750,니트웨어,노멀,화이트,노멀
3752,니트웨어,노멀,화이트,노멀
3754,니트웨어,노멀,화이트,노멀
3756,니트웨어,노멀,화이트,노멀
3759,니트웨어,노멀,화이트,노멀
3760,니트웨어,노멀,화이트,노멀
3763,니트웨어,노멀,화이트,노멀
3765,니트웨어,노멀,,노멀
3766,니트웨어,노멀,,노멀
3767,니트웨어,노멀,,노멀
3768,니트웨어,노멀,,노멀
3769,니트웨어,노멀,,노멀
3770,니트웨어,노멀,,노멀
3771,니트웨어,노멀,,노멀
3772,니트웨어,노멀,,노멀
3774,니트웨어,노멀,,노멀
3775,니트웨어,노멀,,노멀
3776,니트웨어,노멀,,노멀
3777,니트웨어,노멀,,노멀
3778,니트웨어,노멀,,노멀
3779,니트웨어,노멀,,노멀
3780,니트웨어,노멀,,노멀
3781,니트웨어,노멀,,노멀
3783,니트웨어,노멀,,노멀
3784,니트웨어,,,노멀
3785,니트웨어,,,노멀
3786,니트웨어,,,노멀
3787,니트웨어,,,노멀
3788,니트웨어,,,노멀
3789,니트웨어,,,노멀
3791,니트웨어,,,노멀
3792,니트웨어,노멀,,노멀
3793,니트웨어,노멀,,노멀
3794,니트웨어,노멀,,노멀
3795,니트웨어,노멀,,노멀
3796,니트웨어,노멀,,노멀
3797,니트웨어,노멀,,노멀
3799,니트웨어,,,노멀
3800,니트웨어,,,노멀
3801,니트웨어,,,노멀
3802,니트웨어,,,노멀
3803,니트웨어,,,노멀
3804,니트웨어,,,노멀
3807,니트웨어,,,노멀
3808,니트웨어,,,노멀
3809,니트웨어,,,노멀
3810,니트웨어,,,노멀
3811,니트웨어,,,노멀
3812,니트웨어,,,노멀
3813,니트웨어,,,노멀
3815,니트웨어,,,노멀
3817,니트웨어,,,노멀
3820,니트웨어,,,노멀
3821,니트웨어,,,노멀
3822,니트웨어,,,노멀
3824,니트웨어,,,노멀
3825,니트웨어,,,노멀
3829,니트웨어,,,노멀
3874,니트웨어,노멀,블랙,타이트
3875,니트웨어,노멀,블랙,타이트
3876,,,블랙,
3877,니트웨어,,블랙,타이트
3878,니트웨어,,블랙,타이트
3879,니트웨어,노멀,블랙,타이트
3880,니트웨어,노멀,블랙,타이트
3881,니트웨어,,블랙,타이트
3882,니트웨어,노멀,블랙,타이트
3883,셔츠,롱,스카이블루,오버사이즈
3884,셔츠,롱,스카이블루,오버사이즈
3885,셔츠,롱,스카이블루,오버사이즈
3886,셔츠,,화이트,노멀
3887,셔츠,,화이트,노멀
3888,셔츠,,화이트,노멀
3889,셔츠,,화이트,노멀
3890,셔츠,,화이트,노멀
3891,셔츠,,화이트,노멀
3892,셔츠,,화이트,노멀
3893,셔츠,,화이트,노멀
3894,셔츠,,화이트,노멀
3895,셔츠,,화이트,노멀
3896,셔츠,,화이트,루즈
3897,셔츠,,화이트,루즈
3898,셔츠,,화이트,루즈
3899,셔츠,,화이트,루즈
3900,셔츠,,화이트,루즈
3901,셔츠,,화이트,루즈
3902,셔츠,,화이트,루즈
3903,셔츠,노멀,화이트,루즈
3904,셔츠,,화이트,루즈
3905,셔츠,노멀,화이트,루즈
3906,셔츠,노멀,화이트,루즈
3907,셔츠,,화이트,루즈
3910,셔츠,,화이트,루즈
3912,셔츠,,화이트,루즈
3913,셔츠,,화이트,루즈
3915,셔츠,,화이트,루즈
3918,셔츠,,화이트,노멀
3920,셔츠,,스카이블루,오버사이즈
3921,셔츠,롱,스카이블루,오버사이즈
3922,셔츠,,스카이블루,오버사이즈
3923,셔츠,롱,스카이블루,오버사이즈
3924,셔츠,,스카이블루,오버사이즈
3925,셔츠,,스카이블루,오버사이즈
3926,셔츠,롱,스카이블루,오버사이즈
3927,셔츠,,스카이블루,오버사이즈
3928,셔츠,롱,스카이블루,오버사이즈
3929,셔츠,롱,스카이블루,오버사이즈
3930,셔츠,,스카이블루,오버사이즈
3931,셔츠,롱,스카이블루,오버사이즈
3932,셔츠,,스카이블루,오버사이즈
3933,셔츠,롱,스카이블루,오버사이즈
3934,셔츠,롱,스카이블루,오버사이즈
3935,셔츠,,스카이블루,오버사이즈
3936,셔츠,롱,스카이블루,오버사이즈
3938,브라탑,크롭,블랙,타이트
3940,브라탑,크롭,블랙,타이트
3942,브라탑,크롭,블랙,타이트
3943,브라탑,크롭,블랙,타이트
3944,브라탑,크롭,블랙,타이트
3945,브라탑,크롭,블랙,타이트
3949,브라탑,크롭,블랙,타이트
3950,브라탑,크롭,블랙,타이트
3951,브라탑,크롭,블랙,타이트
3954,브라탑,크롭,블랙,타이트
3965,브라탑,크롭,블랙,타이트
3968,브라탑,크롭,블랙,타이트
3969,브라탑,크롭,블랙,타이트
3975,셔츠,롱,블루,노멀
3976,셔츠,롱,블루,노멀
3977,셔츠,롱,블루,노멀
3978,셔츠,롱,블루,노멀
3979,셔츠,롱,블루,노멀
3980,셔츠,롱,블루,노멀
3981,셔츠,롱,블루,노멀
3982,셔츠,롱,블루,노멀
3983,셔츠,롱,블루,노멀
3984,셔츠,롱,블루,노멀
3985,셔츠,롱,블루,노멀
3986,셔츠,롱,블루,노멀
3987,셔츠,롱,블루,노멀
3988,셔츠,롱,블루,노멀
3989,셔츠,롱,블루,노멀
3990,셔츠,롱,블루,노멀
3991,셔츠,롱,블루,노멀
3992,셔츠,롱,블루,노멀
3993,셔츠,롱,블루,노멀
3994,셔츠,롱,블루,노멀
3995,셔츠,롱,블루,노멀
3996,셔츠,롱,블루,노멀
3997,셔츠,롱,블루,노멀
3998,셔츠,롱,블루,노멀
3999,셔츠,롱,블루,노멀
4000,니트웨어,노멀,,노멀
4003,셔츠,노멀,그레이,루즈
4004,셔츠,노멀,그레이,루즈
4006,셔츠,노멀,그레이,루즈
4007,셔츠,노멀,그레이,루즈
4008,셔츠,노멀,그레이,루즈
4009,셔츠,노멀,그레이,루즈
4010,셔츠,노멀,그레이,루즈
4011,셔츠,노멀,그레이,루즈
4013,셔츠,노멀,그레이,루즈
4014,셔츠,노멀,그레이,루즈
4015,셔츠,노멀,그레이,루즈
4031,셔츠,롱,화이트,루즈
4032,셔츠,롱,화이트,루즈
4033,셔츠,롱,화이트,루즈
4034,셔츠,,민트,루즈
4035,셔츠,롱,그레이,루즈
4036,셔츠,롱,그레이,루즈
4037,셔츠,롱,그레이,루즈
4038,셔츠,롱,그레이,루즈
4039,셔츠,롱,그레이,루즈
4040,셔츠,롱,그레이,루즈
4041,셔츠,롱,화이트,노멀
4042,셔츠,노멀,화이트,노멀
4043,셔츠,롱,화이트,노멀
4044,셔츠,,화이트,노멀
4045,셔츠,,화이트,노멀
4046,셔츠,노멀,화이트,노멀
4047,셔츠,롱,화이트,노멀
4048,셔츠,롱,화이트,노멀
4049,셔츠,,화이트,노멀
4050,셔츠,롱,화이트,노멀
4051,셔츠,,화이트,노멀
4052,셔츠,,화이트,노멀
4065,셔츠,,블랙,루즈
4066,셔츠,,블랙,루즈
4067,셔츠,,블랙,루즈
4068,셔츠,,블랙,루즈
4069,셔츠,,블랙,루즈
4070,셔츠,롱,핑크,루즈
4071,셔츠,롱,핑크,루즈
4072,셔츠,,핑크,루즈
4074,셔츠,,베이지,루즈
4075,셔츠,,베이지,루즈
4078,셔츠,,베이지,루즈
4081,셔츠,,핑크,루즈
4083,셔츠,,핑크,루즈
4085,셔츠,,베이지,루즈
4086,셔츠,,핑크,루즈
4088,셔츠,,핑크,루즈
4095,셔츠,,핑크,루즈
4098,셔츠,,베이지,루즈
4101,셔츠,,베이지,루즈
4104,셔츠,,화이트,루즈
4108,셔츠,,화이트,루즈
4110,셔츠,,화이트,루즈
4111,셔츠,,화이트,루즈
4113,셔츠,,화이트,루즈
4114,셔츠,,화이트,루즈
4116,셔츠,,화이트,루즈
4117,셔츠,,화이트,루즈
4129,티셔츠,,화이트,루즈
4132,티셔츠,,화이트,루즈
4133,티셔츠,,화이트,루즈
4134,티셔츠,,화이트,루즈
4135,티셔츠,,화이트,루즈
4136,티셔츠,,화이트,루즈
0,0,0,0,0
0,0,0,0,0
0,0,0,0,0
0,0,0,0,0
0,0,0,0,0
0,0,0,0,0
0,0,0,0,0
0,0,0,0,0
0,0,0,0,0
0,0,0,0,0
0,0,0,0,0
0,0,0,0,0
0,0,0,0,0
0,0,0,0,0
0,0,0,0,0
0,0,0,0,0
0,0,0,0,0
0,0,0,0,0
0,0,0,0,0
0,0,0,0,0
0,0,0,0,0
0,0,0,0,0
0,0,0,0,0
0,0,0,0,0
0,0,0,0,0
0,0,0,0,0
0,0,0,0,0
0,0,0,0,0
0,0,0,0,0
0,0,0,0,0
0,0,0,0,0
0,0,0,0,0
0,0,0,0,0
0,0,0,0,0
0,0,0,0,0
0,0,0,0,0
0,0,0,0,0
0,0,0,0,0
0,0,0,0,0
0,0,0,0,0
0,0,0,0,0
0,0,0,0,0
0,0,0,0,0
0,0,0,0,0
0,0,0,0,0
0,0,0,0,0
0,0,0,0,0
0,0,0,0,0
0,0,0,0,0
0,0,0,0,0
0,0,0,0,0
0,0,0,0,0
0,0,0,0,0
0,0,0,0,0
0,0,0,0,0
0,0,0,0,0
0,0,0,0,0
0,0,0,0,0
0,0,0,0,0
0,0,0,0,0
0,0,0,0,0
0,0,0,0,0
0,0,0,0,0
0,0,0,0,0
0,0,0,0,0
0,0,0,0,0
0,0,0,0,0
0,0,0,0,0
0,0,0,0,0
0,0,0,0,0
0,0,0,0,0
0,0,0,0,0
0,0,0,0,0
0,0,0,0,0
0,0,0,0,0
0,0,0,0,0
0,0,0,0,0
0,0,0,0,0
0,0,0,0,0
0,0,0,0,0
0,0,0,0,0
0,0,0,0,0
0,0,0,0,0
0,0,0,0,0
0,0,0,0,0
0,0,0,0,0
0,0,0,0,0
0,0,0,0,0
0,0,0,0,0
0,0,0,0,0
0,0,0,0,0
0,0,0,0,0
0,0,0,0,0
0,0,0,0,0
0,0,0,0,0
0,0,0,0,0
0,0,0,0,0
0,0,0,0,0
0,0,0,0,0
0,0,0,0,0
0,0,0,0,0
0,0,0,0,0
0,0,0,0,0
0,0,0,0,0
0,0,0,0,0
0,0,0,0,0
0,0,0,0,0
0,0,0,0,0
0,0,0,0,0
0,0,0,0,0
0,0,0,0,0
0,0,0,0,0
0,0,0,0,0
0,0,0,0,0
0,0,0,0,0
0,0,0,0,0
0,0,0,0,0
0,0,0,0,0
0,0,0,0,0
0,0,0,0,0
0,0,0,0,0
0,0,0,0,0
0,0,0,0,0
0,0,0,0,0
0,0,0,0,0
0,0,0,0,0
0,0,0,0,0
0,0,0,0,0
0,0,0,0,0
0,0,0,0,0
0,0,0,0,0
0,0,0,0,0
0,0,0,0,0
0,0,0,0,0
0,0,0,0,0
0,0,0,0,0
0,0,0,0,0
0,0,0,0,0
0,0,0,0,0
0,0,0,0,0
0,0,0,0,0
0,0,0,0,0
0,0,0,0,0
0,0,0,0,0
0,0,0,0,0
0,0,0,0,0
0,0,0,0,0
0,0,0,0,0
0,0,0,0,0
0,0,0,0,0
0,0,0,0,0
0,0,0,0,0
0,0,0,0,0
0,0,0,0,0
0,0,0,0,0
0,0,0,0,0
0,0,0,0,0
0,0,0,0,0
0,0,0,0,0
0,0,0,0,0
0,0,0,0,0
0,0,0,0,0
0,0,0,0,0
0,0,0,0,0
0,0,0,0,0
0,0,0,0,0
0,0,0,0,0
0,0,0,0,0
0,0,0,0,0
0,0,0,0,0
0,0,0,0,0
0,0,0,0,0
0,0,0,0,0
0,0,0,0,0
0,0,0,0,0
0,0,0,0,0
0,0,0,0,0
0,0,0,0,0
0,0,0,0,0
0,0,0,0,0
0,0,0,0,0
0,0,0,0,0
0,0,0,0,0
0,0,0,0,0
0,0,0,0,0
0,0,0,0,0
0,0,0,0,0
0,0,0,0,0
0,0,0,0,0
0,0,0,0,0
0,0,0,0,0
0,0,0,0,0
0,0,0,0,0
0,0,0,0,0
0,0,0,0,0
0,0,0,0,0
0,0,0,0,0
0,0,0,0,0
0,0,0,0,0
0,0,0,0,0
0,0,0,0,0
0,0,0,0,0
0,0,0,0,0
0,0,0,0,0
0,0,0,0,0
0,0,0,0,0
0,0,0,0,0
0,0,0,0,0
0,0,0,0,0
0,0,0,0,0
0,0,0,0,0
0,0,0,0,0
0,0,0,0,0
0,0,0,0,0
0,0,0,0,0
0,0,0,0,0
0,0,0,0,0
0,0,0,0,0
0,0,0,0,0
0,0,0,0,0
0,0,0,0,0
0,0,0,0,0
0,0,0,0,0
0,0,0,0,0
0,0,0,0,0
0,0,0,0,0
0,0,0,0,0
0,0,0,0,0
0,0,0,0,0
0,0,0,0,0
0,0,0,0,0
0,0,0,0,0
0,0,0,0,0
0,0,0,0,0
0,0,0,0,0
0,0,0,0,0
0,0,0,0,0
0,0,0,0,0
0,0,0,0,0
0,0,0,0,0
0,0,0,0,0
0,0,0,0,0
0,0,0,0,0
0,0,0,0,0
0,0,0,0,0
0,0,0,0,0
0,0,0,0,0
0,0,0,0,0
0,0,0,0,0
0,0,0,0,0
0,0,0,0,0
0,0,0,0,0
0,0,0,0,0
0,0,0,0,0
0,0,0,0,0
0,0,0,0,0
0,0,0,0,0
0,0,0,0,0
0,0,0,0,0
0,0,0,0,0
0,0,0,0,0
0,0,0,0,0
0,0,0,0,0
0,0,0,0,0
0,0,0,0,0
0,0,0,0,0
0,0,0,0,0
0,0,0,0,0
0,0,0,0,0
0,0,0,0,0
0,0,0,0,0
0,0,0,0,0
0,0,0,0,0
0,0,0,0,0
0,0,0,0,0
0,0,0,0,0
0,0,0,0,0
0,0,0,0,0
0,0,0,0,0
0,0,0,0,0
0,0,0,0,0
0,0,0,0,0
0,0,0,0,0
0,0,0,0,0
0,0,0,0,0
0,0,0,0,0
0,0,0,0,0
0,0,0,0,0
0,0,0,0,0
0,0,0,0,0
0,0,0,0,0
0,0,0,0,0
0,0,0,0,0
0,0,0,0,0
0,0,0,0,0
0,0,0,0,0
0,0,0,0,0
0,0,0,0,0
0,0,0,0,0
0,0,0,0,0
0,0,0,0,0
0,0,0,0,0
0,0,0,0,0
0,0,0,0,0
0,0,0,0,0
0,0,0,0,0
0,0,0,0,0
0,0,0,0,0
0,0,0,0,0
0,0,0,0,0
0,0,0,0,0
0,0,0,0,0
0,0,0,0,0
0,0,0,0,0
0,0,0,0,0
0,0,0,0,0
0,0,0,0,0
0,0,0,0,0
0,0,0,0,0
0,0,0,0,0
0,0,0,0,0
0,0,0,0,0
0,0,0,0,0
0,0,0,0,0
0,0,0,0,0
0,0,0,0,0
0,0,0,0,0
0,0,0,0,0
0,0,0,0,0
0,0,0,0,0
0,0,0,0,0
0,0,0,0,0
0,0,0,0,0
0,0,0,0,0
0,0,0,0,0
0,0,0,0,0
0,0,0,0,0
0,0,0,0,0
0,0,0,0,0
0,0,0,0,0
0,0,0,0,0
0,0,0,0,0
0,0,0,0,0
0,0,0,0,0
0,0,0,0,0
0,0,0,0,0
0,0,0,0,0
0,0,0,0,0
0,0,0,0,0
0,0,0,0,0
0,0,0,0,0
0,0,0,0,0
0,0,0,0,0
0,0,0,0,0
0,0,0,0,0
0,0,0,0,0
0,0,0,0,0
0,0,0,0,0
0,0,0,0,0
0,0,0,0,0
0,0,0,0,0
0,0,0,0,0
0,0,0,0,0
0,0,0,0,0
0,0,0,0,0
0,0,0,0,0
0,0,0,0,0
0,0,0,0,0
0,0,0,0,0
0,0,0,0,0
0,0,0,0,0
0,0,0,0,0
0,0,0,0,0
0,0,0,0,0
0,0,0,0,0
0,0,0,0,0
0,0,0,0,0
0,0,0,0,0
0,0,0,0,0
0,0,0,0,0
0,0,0,0,0
0,0,0,0,0
0,0,0,0,0
0,0,0,0,0
0,0,0,0,0
0,0,0,0,0
0,0,0,0,0
0,0,0,0,0
0,0,0,0,0
0,0,0,0,0
0,0,0,0,0
0,0,0,0,0
0,0,0,0,0
0,0,0,0,0
0,0,0,0,0
0,0,0,0,0
0,0,0,0,0
0,0,0,0,0
0,0,0,0,0
0,0,0,0,0
0,0,0,0,0
0,0,0,0,0
0,0,0,0,0
0,0,0,0,0
0,0,0,0,0
0,0,0,0,0
0,0,0,0,0
0,0,0,0,0
0,0,0,0,0
0,0,0,0,0
0,0,0,0,0
0,0,0,0,0
0,0,0,0,0
0,0,0,0,0
0,0,0,0,0
0,0,0,0,0
0,0,0,0,0
0,0,0,0,0
0,0,0,0,0
0,0,0,0,0
0,0,0,0,0
0,0,0,0,0
0,0,0,0,0
0,0,0,0,0
0,0,0,0,0
0,0,0,0,0
0,0,0,0,0
0,0,0,0,0
0,0,0,0,0
0,0,0,0,0
0,0,0,0,0
0,0,0,0,0
0,0,0,0,0
0,0,0,0,0
0,0,0,0,0
0,0,0,0,0
0,0,0,0,0
0,0,0,0,0
0,0,0,0,0
0,0,0,0,0
0,0,0,0,0
0,0,0,0,0
0,0,0,0,0
0,0,0,0,0
0,0,0,0,0
0,0,0,0,0
0,0,0,0,0
0,0,0,0,0
0,0,0,0,0
0,0,0,0,0
0,0,0,0,0
0,0,0,0,0
0,0,0,0,0
0,0,0,0,0
0,0,0,0,0
0,0,0,0,0
0,0,0,0,0
0,0,0,0,0
0,0,0,0,0
0,0,0,0,0
0,0,0,0,0
0,0,0,0,0
0,0,0,0,0
0,0,0,0,0
0,0,0,0,0
0,0,0,0,0
0,0,0,0,0
0,0,0,0,0
0,0,0,0,0
0,0,0,0,0
0,0,0,0,0
0,0,0,0,0
0,0,0,0,0
0,0,0,0,0
0,0,0,0,0
0,0,0,0,0
0,0,0,0,0
0,0,0,0,0
0,0,0,0,0
0,0,0,0,0
0,0,0,0,0
0,0,0,0,0
0,0,0,0,0
0,0,0,0,0
0,0,0,0,0
0,0,0,0,0
0,0,0,0,0
0,0,0,0,0
0,0,0,0,0
0,0,0,0,0
0,0,0,0,0
0,0,0,0,0
0,0,0,0,0
0,0,0,0,0
0,0,0,0,0
0,0,0,0,0
0,0,0,0,0
0,0,0,0,0
0,0,0,0,0
0,0,0,0,0
0,0,0,0,0
0,0,0,0,0
0,0,0,0,0
0,0,0,0,0
0,0,0,0,0
0,0,0,0,0
0,0,0,0,0
0,0,0,0,0
0,0,0,0,0
0,0,0,0,0
0,0,0,0,0
0,0,0,0,0
0,0,0,0,0
0,0,0,0,0
0,0,0,0,0
0,0,0,0,0
0,0,0,0,0
0,0,0,0,0
0,0,0,0,0
0,0,0,0,0
0,0,0,0,0
0,0,0,0,0
0,0,0,0,0
0,0,0,0,0
0,0,0,0,0
0,0,0,0,0
0,0,0,0,0
0,0,0,0,0
0,0,0,0,0
0,0,0,0,0
0,0,0,0,0
0,0,0,0,0
0,0,0,0,0
0,0,0,0,0
0,0,0,0,0
0,0,0,0,0
0,0,0,0,0
0,0,0,0,0
0,0,0,0,0
0,0,0,0,0
0,0,0,0,0
0,0,0,0,0
0,0,0,0,0
0,0,0,0,0
0,0,0,0,0
0,0,0,0,0
0,0,0,0,0
0,0,0,0,0
0,0,0,0,0
0,0,0,0,0
0,0,0,0,0
0,0,0,0,0
0,0,0,0,0
0,0,0,0,0
0,0,0,0,0
0,0,0,0,0
0,0,0,0,0
0,0,0,0,0
0,0,0,0,0
0,0,0,0,0
0,0,0,0,0
0,0,0,0,0
0,0,0,0,0
0,0,0,0,0
0,0,0,0,0
0,0,0,0,0
0,0,0,0,0
0,0,0,0,0
0,0,0,0,0
0,0,0,0,0
0,0,0,0,0
0,0,0,0,0
0,0,0,0,0
0,0,0,0,0
0,0,0,0,0
0,0,0,0,0
0,0,0,0,0
0,0,0,0,0
0,0,0,0,0
0,0,0,0,0
0,0,0,0,0
0,0,0,0,0
0,0,0,0,0
0,0,0,0,0
0,0,0,0,0
0,0,0,0,0
0,0,0,0,0
0,0,0,0,0
0,0,0,0,0
0,0,0,0,0
0,0,0,0,0
0,0,0,0,0
0,0,0,0,0
0,0,0,0,0
0,0,0,0,0
0,0,0,0,0
0,0,0,0,0
0,0,0,0,0
0,0,0,0,0
0,0,0,0,0
0,0,0,0,0
0,0,0,0,0
0,0,0,0,0
0,0,0,0,0
0,0,0,0,0
0,0,0,0,0
0,0,0,0,0
0,0,0,0,0
0,0,0,0,0
0,0,0,0,0
0,0,0,0,0
0,0,0,0,0
0,0,0,0,0
0,0,0,0,0
0,0,0,0,0
0,0,0,0,0
0,0,0,0,0
0,0,0,0,0
0,0,0,0,0
0,0,0,0,0
0,0,0,0,0
0,0,0,0,0
0,0,0,0,0
0,0,0,0,0
0,0,0,0,0
0,0,0,0,0
0,0,0,0,0
0,0,0,0,0
0,0,0,0,0
0,0,0,0,0
0,0,0,0,0
0,0,0,0,0
0,0,0,0,0
0,0,0,0,0
0,0,0,0,0
0,0,0,0,0
0,0,0,0,0
0,0,0,0,0
0,0,0,0,0
0,0,0,0,0
0,0,0,0,0
0,0,0,0,0
0,0,0,0,0
0,0,0,0,0
0,0,0,0,0
0,0,0,0,0
0,0,0,0,0
0,0,0,0,0
0,0,0,0,0
0,0,0,0,0
0,0,0,0,0
0,0,0,0,0
0,0,0,0,0
0,0,0,0,0
0,0,0,0,0
0,0,0,0,0
0,0,0,0,0
0,0,0,0,0
0,0,0,0,0
0,0,0,0,0
0,0,0,0,0
0,0,0,0,0
0,0,0,0,0
0,0,0,0,0
0,0,0,0,0
0,0,0,0,0
0,0,0,0,0
0,0,0,0,0
0,0,0,0,0
0,0,0,0,0
0,0,0,0,0
0,0,0,0,0
0,0,0,0,0
0,0,0,0,0
0,0,0,0,0
0,0,0,0,0
0,0,0,0,0
0,0,0,0,0
0,0,0,0,0
0,0,0,0,0
0,0,0,0,0
0,0,0,0,0
0,0,0,0,0
0,0,0,0,0
0,0,0,0,0
0,0,0,0,0
0,0,0,0,0
0,0,0,0,0
0,0,0,0,0
0,0,0,0,0
0,0,0,0,0
0,0,0,0,0
0,0,0,0,0
0,0,0,0,0
0,0,0,0,0
0,0,0,0,0
0,0,0,0,0
0,0,0,0,0
0,0,0,0,0
0,0,0,0,0
0,0,0,0,0
0,0,0,0,0
0,0,0,0,0
0,0,0,0,0
0,0,0,0,0
0,0,0,0,0
0,0,0,0,0
0,0,0,0,0
0,0,0,0,0
0,0,0,0,0
0,0,0,0,0
0,0,0,0,0
0,0,0,0,0
0,0,0,0,0
0,0,0,0,0
0,0,0,0,0
0,0,0,0,0
0,0,0,0,0
0,0,0,0,0
0,0,0,0,0
0,0,0,0,0
0,0,0,0,0
0,0,0,0,0
0,0,0,0,0
0,0,0,0,0
0,0,0,0,0
0,0,0,0,0
0,0,0,0,0
0,0,0,0,0
0,0,0,0,0
0,0,0,0,0
0,0,0,0,0
0,0,0,0,0
0,0,0,0,0
0,0,0,0,0
0,0,0,0,0
0,0,0,0,0
0,0,0,0,0
0,0,0,0,0
0,0,0,0,0
0,0,0,0,0
0,0,0,0,0
0,0,0,0,0
0,0,0,0,0
0,0,0,0,0
0,0,0,0,0
0,0,0,0,0
0,0,0,0,0
0,0,0,0,0
0,0,0,0,0
0,0,0,0,0
0,0,0,0,0
0,0,0,0,0
0,0,0,0,0
0,0,0,0,0
0,0,0,0,0
0,0,0,0,0
0,0,0,0,0
0,0,0,0,0
0,0,0,0,0
0,0,0,0,0
0,0,0,0,0
0,0,0,0,0
0,0,0,0,0
0,0,0,0,0
0,0,0,0,0
0,0,0,0,0
0,0,0,0,0
0,0,0,0,0
0,0,0,0,0
0,0,0,0,0
0,0,0,0,0
0,0,0,0,0
0,0,0,0,0
0,0,0,0,0
0,0,0,0,0
0,0,0,0,0
0,0,0,0,0
0,0,0,0,0
0,0,0,0,0
0,0,0,0,0
0,0,0,0,0
0,0,0,0,0
0,0,0,0,0
0,0,0,0,0
0,0,0,0,0
0,0,0,0,0
0,0,0,0,0
0,0,0,0,0
0,0,0,0,0
0,0,0,0,0
0,0,0,0,0
0,0,0,0,0
0,0,0,0,0
0,0,0,0,0
0,0,0,0,0
0,0,0,0,0
0,0,0,0,0
0,0,0,0,0
0,0,0,0,0
0,0,0,0,0
0,0,0,0,0
0,0,0,0,0
0,0,0,0,0
0,0,0,0,0
0,0,0,0,0
0,0,0,0,0
0,0,0,0,0
0,0,0,0,0
0,0,0,0,0
0,0,0,0,0
0,0,0,0,0
0,0,0,0,0
0,0,0,0,0
0,0,0,0,0
0,0,0,0,0
0,0,0,0,0
0,0,0,0,0
0,0,0,0,0
0,0,0,0,0
0,0,0,0,0
0,0,0,0,0
0,0,0,0,0
0,0,0,0,0
0,0,0,0,0
0,0,0,0,0
0,0,0,0,0
0,0,0,0,0
0,0,0,0,0
0,0,0,0,0
0,0,0,0,0
0,0,0,0,0
0,0,0,0,0
0,0,0,0,0
0,0,0,0,0
0,0,0,0,0
0,0,0,0,0
0,0,0,0,0
0,0,0,0,0
0,0,0,0,0
0,0,0,0,0
0,0,0,0,0
0,0,0,0,0
0,0,0,0,0
0,0,0,0,0
0,0,0,0,0
0,0,0,0,0
0,0,0,0,0
0,0,0,0,0
0,0,0,0,0
0,0,0,0,0
0,0,0,0,0
0,0,0,0,0
0,0,0,0,0
0,0,0,0,0
0,0,0,0,0
0,0,0,0,0
0,0,0,0,0
0,0,0,0,0
0,0,0,0,0
0,0,0,0,0
0,0,0,0,0
0,0,0,0,0
0,0,0,0,0
0,0,0,0,0
0,0,0,0,0
0,0,0,0,0
0,0,0,0,0
0,0,0,0,0
0,0,0,0,0
0,0,0,0,0
0,0,0,0,0
0,0,0,0,0
0,0,0,0,0
0,0,0,0,0
0,0,0,0,0
0,0,0,0,0
0,0,0,0,0
0,0,0,0,0
0,0,0,0,0
0,0,0,0,0
0,0,0,0,0
0,0,0,0,0
0,0,0,0,0
0,0,0,0,0
0,0,0,0,0
0,0,0,0,0
0,0,0,0,0
0,0,0,0,0
0,0,0,0,0
0,0,0,0,0
0,0,0,0,0
0,0,0,0,0
0,0,0,0,0
0,0,0,0,0
0,0,0,0,0
0,0,0,0,0
0,0,0,0,0
0,0,0,0,0
0,0,0,0,0
0,0,0,0,0
0,0,0,0,0
0,0,0,0,0
0,0,0,0,0
0,0,0,0,0
0,0,0,0,0
0,0,0,0,0
0,0,0,0,0
0,0,0,0,0
0,0,0,0,0
0,0,0,0,0
0,0,0,0,0
0,0,0,0,0
0,0,0,0,0
0,0,0,0,0
0,0,0,0,0
0,0,0,0,0
0,0,0,0,0
0,0,0,0,0
0,0,0,0,0
0,0,0,0,0
0,0,0,0,0
0,0,0,0,0
0,0,0,0,0
0,0,0,0,0
0,0,0,0,0
0,0,0,0,0
0,0,0,0,0
0,0,0,0,0
0,0,0,0,0
0,0,0,0,0
0,0,0,0,0
0,0,0,0,0
0,0,0,0,0
0,0,0,0,0
0,0,0,0,0
0,0,0,0,0
0,0,0,0,0
0,0,0,0,0
0,0,0,0,0
0,0,0,0,0
0,0,0,0,0
0,0,0,0,0
0,0,0,0,0
0,0,0,0,0
0,0,0,0,0
0,0,0,0,0
0,0,0,0,0
0,0,0,0,0
0,0,0,0,0
0,0,0,0,0
0,0,0,0,0
0,0,0,0,0
0,0,0,0,0
0,0,0,0,0
0,0,0,0,0
0,0,0,0,0
0,0,0,0,0
0,0,0,0,0
0,0,0,0,0
0,0,0,0,0
0,0,0,0,0
0,0,0,0,0
0,0,0,0,0
0,0,0,0,0
0,0,0,0,0
0,0,0,0,0
0,0,0,0,0
0,0,0,0,0
0,0,0,0,0
0,0,0,0,0
0,0,0,0,0
0,0,0,0,0
0,0,0,0,0
0,0,0,0,0
0,0,0,0,0
0,0,0,0,0
0,0,0,0,0
0,0,0,0,0
0,0,0,0,0
0,0,0,0,0
0,0,0,0,0
0,0,0,0,0
0,0,0,0,0
0,0,0,0,0
0,0,0,0,0
0,0,0,0,0
0,0,0,0,0
0,0,0,0,0
0,0,0,0,0
0,0,0,0,0
0,0,0,0,0
0,0,0,0,0
0,0,0,0,0
0,0,0,0,0
0,0,0,0,0
0,0,0,0,0
0,0,0,0,0
0,0,0,0,0
0,0,0,0,0
0,0,0,0,0
0,0,0,0,0
0,0,0,0,0
0,0,0,0,0
0,0,0,0,0
0,0,0,0,0
0,0,0,0,0
0,0,0,0,0
0,0,0,0,0
0,0,0,0,0
0,0,0,0,0
0,0,0,0,0
0,0,0,0,0
0,0,0,0,0
0,0,0,0,0
0,0,0,0,0
0,0,0,0,0
0,0,0,0,0
0,0,0,0,0
0,0,0,0,0
0,0,0,0,0
0,0,0,0,0
0,0,0,0,0
0,0,0,0,0
0,0,0,0,0
0,0,0,0,0
0,0,0,0,0
0,0,0,0,0
0,0,0,0,0
0,0,0,0,0
0,0,0,0,0
0,0,0,0,0
0,0,0,0,0
0,0,0,0,0
0,0,0,0,0
0,0,0,0,0
0,0,0,0,0
0,0,0,0,0
0,0,0,0,0
0,0,0,0,0
0,0,0,0,0
0,0,0,0,0
0,0,0,0,0
0,0,0,0,0
0,0,0,0,0
0,0,0,0,0
0,0,0,0,0
0,0,0,0,0
0,0,0,0,0
0,0,0,0,0
0,0,0,0,0
0,0,0,0,0
0,0,0,0,0
0,0,0,0,0
0,0,0,0,0
0,0,0,0,0
0,0,0,0,0
0,0,0,0,0
0,0,0,0,0
0,0,0,0,0
0,0,0,0,0
0,0,0,0,0
0,0,0,0,0
0,0,0,0,0
0,0,0,0,0
0,0,0,0,0
0,0,0,0,0
0,0,0,0,0
0,0,0,0,0
0,0,0,0,0
0,0,0,0,0
0,0,0,0,0
0,0,0,0,0
0,0,0,0,0
0,0,0,0,0
0,0,0,0,0
0,0,0,0,0
0,0,0,0,0
0,0,0,0,0
0,0,0,0,0
0,0,0,0,0
0,0,0,0,0
0,0,0,0,0
0,0,0,0,0
0,0,0,0,0
0,0,0,0,0
0,0,0,0,0
0,0,0,0,0
0,0,0,0,0
0,0,0,0,0
0,0,0,0,0
0,0,0,0,0
0,0,0,0,0
0,0,0,0,0
0,0,0,0,0
0,0,0,0,0
0,0,0,0,0
0,0,0,0,0
0,0,0,0,0
0,0,0,0,0
0,0,0,0,0
0,0,0,0,0
0,0,0,0,0
0,0,0,0,0
0,0,0,0,0
0,0,0,0,0
0,0,0,0,0
0,0,0,0,0
0,0,0,0,0
0,0,0,0,0
0,0,0,0,0
0,0,0,0,0
0,0,0,0,0
0,0,0,0,0
0,0,0,0,0
0,0,0,0,0
0,0,0,0,0
0,0,0,0,0
0,0,0,0,0
0,0,0,0,0
0,0,0,0,0
0,0,0,0,0
0,0,0,0,0
0,0,0,0,0
0,0,0,0,0
0,0,0,0,0
0,0,0,0,0
0,0,0,0,0
0,0,0,0,0
0,0,0,0,0
0,0,0,0,0
0,0,0,0,0
0,0,0,0,0
0,0,0,0,0
0,0,0,0,0
0,0,0,0,0
0,0,0,0,0
0,0,0,0,0
0,0,0,0,0
0,0,0,0,0
0,0,0,0,0
0,0,0,0,0
0,0,0,0,0
0,0,0,0,0
0,0,0,0,0
0,0,0,0,0
0,0,0,0,0
0,0,0,0,0
0,0,0,0,0
0,0,0,0,0
0,0,0,0,0
0,0,0,0,0
0,0,0,0,0
0,0,0,0,0
0,0,0,0,0
0,0,0,0,0
0,0,0,0,0
0,0,0,0,0
0,0,0,0,0
0,0,0,0,0
0,0,0,0,0
0,0,0,0,0
0,0,0,0,0
0,0,0,0,0
0,0,0,0,0
0,0,0,0,0
0,0,0,0,0
0,0,0,0,0
0,0,0,0,0
0,0,0,0,0
0,0,0,0,0
0,0,0,0,0
0,0,0,0,0
0,0,0,0,0
0,0,0,0,0
0,0,0,0,0
0,0,0,0,0
0,0,0,0,0
0,0,0,0,0
0,0,0,0,0
0,0,0,0,0
0,0,0,0,0
0,0,0,0,0
0,0,0,0,0
0,0,0,0,0
0,0,0,0,0
0,0,0,0,0
0,0,0,0,0
0,0,0,0,0
0,0,0,0,0
0,0,0,0,0
0,0,0,0,0
0,0,0,0,0
0,0,0,0,0
0,0,0,0,0
0,0,0,0,0
0,0,0,0,0
0,0,0,0,0
0,0,0,0,0
0,0,0,0,0
0,0,0,0,0
0,0,0,0,0
0,0,0,0,0
0,0,0,0,0
0,0,0,0,0
0,0,0,0,0
0,0,0,0,0
0,0,0,0,0
0,0,0,0,0
0,0,0,0,0
0,0,0,0,0
0,0,0,0,0
0,0,0,0,0
0,0,0,0,0
0,0,0,0,0
0,0,0,0,0
0,0,0,0,0
0,0,0,0,0
0,0,0,0,0
0,0,0,0,0
0,0,0,0,0
0,0,0,0,0
0,0,0,0,0
0,0,0,0,0
0,0,0,0,0
0,0,0,0,0
0,0,0,0,0
0,0,0,0,0
0,0,0,0,0
0,0,0,0,0
0,0,0,0,0
0,0,0,0,0
0,0,0,0,0
0,0,0,0,0
0,0,0,0,0
0,0,0,0,0
0,0,0,0,0
0,0,0,0,0
0,0,0,0,0
0,0,0,0,0
0,0,0,0,0
0,0,0,0,0
0,0,0,0,0
0,0,0,0,0
0,0,0,0,0
0,0,0,0,0
0,0,0,0,0
0,0,0,0,0
0,0,0,0,0
0,0,0,0,0
0,0,0,0,0
0,0,0,0,0
0,0,0,0,0
0,0,0,0,0
0,0,0,0,0
0,0,0,0,0
0,0,0,0,0
0,0,0,0,0
0,0,0,0,0
0,0,0,0,0
0,0,0,0,0
0,0,0,0,0
0,0,0,0,0
0,0,0,0,0
0,0,0,0,0
0,0,0,0,0
0,0,0,0,0
0,0,0,0,0
0,0,0,0,0
0,0,0,0,0
0,0,0,0,0
0,0,0,0,0
0,0,0,0,0
0,0,0,0,0
0,0,0,0,0
0,0,0,0,0
0,0,0,0,0
0,0,0,0,0
0,0,0,0,0
0,0,0,0,0
0,0,0,0,0
0,0,0,0,0
0,0,0,0,0
0,0,0,0,0
0,0,0,0,0
0,0,0,0,0
0,0,0,0,0
0,0,0,0,0
0,0,0,0,0
0,0,0,0,0
0,0,0,0,0
0,0,0,0,0
0,0,0,0,0
0,0,0,0,0
0,0,0,0,0
0,0,0,0,0
0,0,0,0,0
0,0,0,0,0
0,0,0,0,0
0,0,0,0,0
0,0,0,0,0
0,0,0,0,0
0,0,0,0,0
0,0,0,0,0
0,0,0,0,0
0,0,0,0,0
0,0,0,0,0
0,0,0,0,0
0,0,0,0,0
0,0,0,0,0
0,0,0,0,0
0,0,0,0,0
0,0,0,0,0
0,0,0,0,0
0,0,0,0,0
0,0,0,0,0
0,0,0,0,0
0,0,0,0,0
0,0,0,0,0
0,0,0,0,0
0,0,0,0,0
0,0,0,0,0
0,0,0,0,0
0,0,0,0,0
0,0,0,0,0
0,0,0,0,0
0,0,0,0,0
0,0,0,0,0
0,0,0,0,0
0,0,0,0,0
0,0,0,0,0
0,0,0,0,0
0,0,0,0,0
0,0,0,0,0
0,0,0,0,0
0,0,0,0,0
0,0,0,0,0
0,0,0,0,0
0,0,0,0,0
0,0,0,0,0
0,0,0,0,0
0,0,0,0,0
0,0,0,0,0
0,0,0,0,0
0,0,0,0,0
0,0,0,0,0
0,0,0,0,0
0,0,0,0,0
0,0,0,0,0
0,0,0,0,0
0,0,0,0,0
0,0,0,0,0
0,0,0,0,0
0,0,0,0,0
0,0,0,0,0
0,0,0,0,0
0,0,0,0,0
0,0,0,0,0
0,0,0,0,0
0,0,0,0,0
0,0,0,0,0
0,0,0,0,0
0,0,0,0,0
0,0,0,0,0
0,0,0,0,0
0,0,0,0,0
0,0,0,0,0
0,0,0,0,0
0,0,0,0,0
0,0,0,0,0
0,0,0,0,0
0,0,0,0,0
0,0,0,0,0
0,0,0,0,0
0,0,0,0,0
0,0,0,0,0
0,0,0,0,0
0,0,0,0,0
0,0,0,0,0
0,0,0,0,0
0,0,0,0,0
0,0,0,0,0
0,0,0,0,0
0,0,0,0,0
0,0,0,0,0
0,0,0,0,0
0,0,0,0,0
0,0,0,0,0
0,0,0,0,0
0,0,0,0,0
0,0,0,0,0
0,0,0,0,0
0,0,0,0,0
0,0,0,0,0
0,0,0,0,0
0,0,0,0,0
0,0,0,0,0
0,0,0,0,0
0,0,0,0,0
0,0,0,0,0
0,0,0,0,0
0,0,0,0,0
0,0,0,0,0
0,0,0,0,0
0,0,0,0,0
0,0,0,0,0
0,0,0,0,0
0,0,0,0,0
0,0,0,0,0
0,0,0,0,0
0,0,0,0,0
0,0,0,0,0
0,0,0,0,0
0,0,0,0,0
0,0,0,0,0
0,0,0,0,0
0,0,0,0,0
0,0,0,0,0
0,0,0,0,0
0,0,0,0,0
0,0,0,0,0
0,0,0,0,0
0,0,0,0,0
0,0,0,0,0
0,0,0,0,0
0,0,0,0,0
0,0,0,0,0
0,0,0,0,0
0,0,0,0,0
0,0,0,0,0
0,0,0,0,0
0,0,0,0,0
0,0,0,0,0
0,0,0,0,0
0,0,0,0,0
0,0,0,0,0
0,0,0,0,0
0,0,0,0,0
0,0,0,0,0
0,0,0,0,0
0,0,0,0,0
0,0,0,0,0
0,0,0,0,0
0,0,0,0,0
0,0,0,0,0
0,0,0,0,0
0,0,0,0,0
0,0,0,0,0
0,0,0,0,0
0,0,0,0,0
0,0,0,0,0
0,0,0,0,0
0,0,0,0,0
0,0,0,0,0
0,0,0,0,0
0,0,0,0,0
0,0,0,0,0
0,0,0,0,0
0,0,0,0,0
0,0,0,0,0
0,0,0,0,0
0,0,0,0,0
0,0,0,0,0
0,0,0,0,0
0,0,0,0,0
0,0,0,0,0
0,0,0,0,0
0,0,0,0,0
0,0,0,0,0
0,0,0,0,0
0,0,0,0,0
0,0,0,0,0
0,0,0,0,0
0,0,0,0,0
0,0,0,0,0
0,0,0,0,0
0,0,0,0,0
0,0,0,0,0
0,0,0,0,0
0,0,0,0,0
0,0,0,0,0
0,0,0,0,0
0,0,0,0,0
0,0,0,0,0
0,0,0,0,0
0,0,0,0,0
0,0,0,0,0
0,0,0,0,0
0,0,0,0,0
0,0,0,0,0
0,0,0,0,0
0,0,0,0,0
0,0,0,0,0
0,0,0,0,0
0,0,0,0,0
0,0,0,0,0
0,0,0,0,0
0,0,0,0,0
0,0,0,0,0
0,0,0,0,0
0,0,0,0,0
0,0,0,0,0
0,0,0,0,0
0,0,0,0,0
0,0,0,0,0
0,0,0,0,0
0,0,0,0,0
0,0,0,0,0
0,0,0,0,0
0,0,0,0,0
0,0,0,0,0
0,0,0,0,0
0,0,0,0,0
0,0,0,0,0
0,0,0,0,0
0,0,0,0,0
0,0,0,0,0
0,0,0,0,0
0,0,0,0,0
0,0,0,0,0
0,0,0,0,0
0,0,0,0,0
0,0,0,0,0
0,0,0,0,0
0,0,0,0,0
0,0,0,0,0
0,0,0,0,0
0,0,0,0,0
0,0,0,0,0
0,0,0,0,0
0,0,0,0,0
0,0,0,0,0
0,0,0,0,0
0,0,0,0,0
0,0,0,0,0
0,0,0,0,0
0,0,0,0,0
0,0,0,0,0
0,0,0,0,0
0,0,0,0,0
0,0,0,0,0
0,0,0,0,0
0,0,0,0,0
0,0,0,0,0
0,0,0,0,0
0,0,0,0,0
0,0,0,0,0
0,0,0,0,0
0,0,0,0,0
0,0,0,0,0
0,0,0,0,0
0,0,0,0,0
0,0,0,0,0
0,0,0,0,0
0,0,0,0,0
0,0,0,0,0
0,0,0,0,0
0,0,0,0,0
0,0,0,0,0
0,0,0,0,0
0,0,0,0,0
0,0,0,0,0
0,0,0,0,0
0,0,0,0,0
0,0,0,0,0
0,0,0,0,0
0,0,0,0,0
0,0,0,0,0
0,0,0,0,0
0,0,0,0,0
0,0,0,0,0
0,0,0,0,0
0,0,0,0,0
0,0,0,0,0
0,0,0,0,0
0,0,0,0,0
0,0,0,0,0
0,0,0,0,0
0,0,0,0,0
0,0,0,0,0
0,0,0,0,0
0,0,0,0,0
0,0,0,0,0
0,0,0,0,0
0,0,0,0,0
0,0,0,0,0
0,0,0,0,0
0,0,0,0,0
0,0,0,0,0
0,0,0,0,0
0,0,0,0,0
0,0,0,0,0
0,0,0,0,0
0,0,0,0,0
0,0,0,0,0
0,0,0,0,0
0,0,0,0,0
0,0,0,0,0
0,0,0,0,0
0,0,0,0,0
0,0,0,0,0
0,0,0,0,0
0,0,0,0,0
0,0,0,0,0
0,0,0,0,0
0,0,0,0,0
0,0,0,0,0
0,0,0,0,0
0,0,0,0,0
0,0,0,0,0
0,0,0,0,0
0,0,0,0,0
0,0,0,0,0
0,0,0,0,0
0,0,0,0,0
0,0,0,0,0
0,0,0,0,0
0,0,0,0,0
0,0,0,0,0
0,0,0,0,0
0,0,0,0,0
0,0,0,0,0
0,0,0,0,0
0,0,0,0,0
0,0,0,0,0
0,0,0,0,0
0,0,0,0,0
0,0,0,0,0
0,0,0,0,0
0,0,0,0,0
0,0,0,0,0
0,0,0,0,0
0,0,0,0,0
0,0,0,0,0
0,0,0,0,0
0,0,0,0,0
0,0,0,0,0
0,0,0,0,0
0,0,0,0,0
0,0,0,0,0
0,0,0,0,0
0,0,0,0,0
0,0,0,0,0
0,0,0,0,0
0,0,0,0,0
0,0,0,0,0
0,0,0,0,0
0,0,0,0,0
0,0,0,0,0
0,0,0,0,0
0,0,0,0,0
0,0,0,0,0
0,0,0,0,0
0,0,0,0,0
0,0,0,0,0
0,0,0,0,0
0,0,0,0,0
0,0,0,0,0
0,0,0,0,0
0,0,0,0,0
0,0,0,0,0
0,0,0,0,0
0,0,0,0,0
0,0,0,0,0
0,0,0,0,0
0,0,0,0,0
0,0,0,0,0
0,0,0,0,0
0,0,0,0,0
0,0,0,0,0
0,0,0,0,0
0,0,0,0,0
0,0,0,0,0
0,0,0,0,0
0,0,0,0,0
0,0,0,0,0
0,0,0,0,0
0,0,0,0,0
0,0,0,0,0
0,0,0,0,0
0,0,0,0,0
0,0,0,0,0
0,0,0,0,0
0,0,0,0,0
0,0,0,0,0
0,0,0,0,0
0,0,0,0,0
0,0,0,0,0
0,0,0,0,0
0,0,0,0,0
0,0,0,0,0
0,0,0,0,0
0,0,0,0,0
0,0,0,0,0
0,0,0,0,0
0,0,0,0,0
0,0,0,0,0
0,0,0,0,0
0,0,0,0,0
0,0,0,0,0
0,0,0,0,0
0,0,0,0,0
0,0,0,0,0
0,0,0,0,0
0,0,0,0,0
0,0,0,0,0
0,0,0,0,0
0,0,0,0,0
0,0,0,0,0
0,0,0,0,0
0,0,0,0,0
0,0,0,0,0
0,0,0,0,0
0,0,0,0,0
0,0,0,0,0
0,0,0,0,0
0,0,0,0,0
0,0,0,0,0
0,0,0,0,0
0,0,0,0,0
0,0,0,0,0
0,0,0,0,0
0,0,0,0,0
0,0,0,0,0
0,0,0,0,0
0,0,0,0,0
0,0,0,0,0
0,0,0,0,0
0,0,0,0,0
0,0,0,0,0
0,0,0,0,0
0,0,0,0,0
0,0,0,0,0
0,0,0,0,0
0,0,0,0,0
0,0,0,0,0
0,0,0,0,0
0,0,0,0,0
0,0,0,0,0
0,0,0,0,0
0,0,0,0,0
0,0,0,0,0
0,0,0,0,0
0,0,0,0,0
0,0,0,0,0
0,0,0,0,0
0,0,0,0,0
0,0,0,0,0
0,0,0,0,0
0,0,0,0,0
0,0,0,0,0
0,0,0,0,0
0,0,0,0,0
0,0,0,0,0
0,0,0,0,0
0,0,0,0,0
0,0,0,0,0
0,0,0,0,0
0,0,0,0,0
0,0,0,0,0
0,0,0,0,0
0,0,0,0,0
0,0,0,0,0
0,0,0,0,0
0,0,0,0,0
0,0,0,0,0
0,0,0,0,0
0,0,0,0,0
0,0,0,0,0
0,0,0,0,0
0,0,0,0,0
0,0,0,0,0
0,0,0,0,0
0,0,0,0,0
0,0,0,0,0
0,0,0,0,0
0,0,0,0,0
0,0,0,0,0
0,0,0,0,0
0,0,0,0,0
0,0,0,0,0
0,0,0,0,0
0,0,0,0,0
0,0,0,0,0
0,0,0,0,0
0,0,0,0,0
0,0,0,0,0
0,0,0,0,0
0,0,0,0,0
0,0,0,0,0
0,0,0,0,0
0,0,0,0,0
0,0,0,0,0
0,0,0,0,0
0,0,0,0,0
0,0,0,0,0
0,0,0,0,0
0,0,0,0,0
0,0,0,0,0
0,0,0,0,0
0,0,0,0,0
0,0,0,0,0
0,0,0,0,0
0,0,0,0,0
0,0,0,0,0
0,0,0,0,0
0,0,0,0,0
0,0,0,0,0
0,0,0,0,0
0,0,0,0,0
0,0,0,0,0
0,0,0,0,0
0,0,0,0,0
0,0,0,0,0
0,0,0,0,0
0,0,0,0,0
0,0,0,0,0
0,0,0,0,0
0,0,0,0,0
0,0,0,0,0
0,0,0,0,0
0,0,0,0,0
0,0,0,0,0
0,0,0,0,0
0,0,0,0,0
0,0,0,0,0
0,0,0,0,0
0,0,0,0,0
0,0,0,0,0
0,0,0,0,0
0,0,0,0,0
0,0,0,0,0
0,0,0,0,0
0,0,0,0,0
0,0,0,0,0
0,0,0,0,0
0,0,0,0,0
0,0,0,0,0
0,0,0,0,0
0,0,0,0,0
0,0,0,0,0
0,0,0,0,0
0,0,0,0,0
0,0,0,0,0
0,0,0,0,0
0,0,0,0,0
0,0,0,0,0
0,0,0,0,0
0,0,0,0,0
0,0,0,0,0
0,0,0,0,0
0,0,0,0,0
0,0,0,0,0
0,0,0,0,0
0,0,0,0,0
0,0,0,0,0
0,0,0,0,0
0,0,0,0,0
0,0,0,0,0
0,0,0,0,0
0,0,0,0,0
0,0,0,0,0
0,0,0,0,0
0,0,0,0,0
0,0,0,0,0
0,0,0,0,0
0,0,0,0,0
0,0,0,0,0
0,0,0,0,0
0,0,0,0,0
0,0,0,0,0
0,0,0,0,0
0,0,0,0,0
0,0,0,0,0
0,0,0,0,0
0,0,0,0,0
0,0,0,0,0
0,0,0,0,0
0,0,0,0,0
0,0,0,0,0
0,0,0,0,0
0,0,0,0,0
0,0,0,0,0
0,0,0,0,0
0,0,0,0,0
0,0,0,0,0
0,0,0,0,0
0,0,0,0,0
0,0,0,0,0
0,0,0,0,0
0,0,0,0,0
0,0,0,0,0
0,0,0,0,0
0,0,0,0,0
0,0,0,0,0
0,0,0,0,0
0,0,0,0,0
0,0,0,0,0
0,0,0,0,0
0,0,0,0,0
0,0,0,0,0
0,0,0,0,0
0,0,0,0,0
0,0,0,0,0
0,0,0,0,0
0,0,0,0,0
0,0,0,0,0
0,0,0,0,0
0,0,0,0,0
0,0,0,0,0
0,0,0,0,0
0,0,0,0,0
0,0,0,0,0
0,0,0,0,0
0,0,0,0,0
0,0,0,0,0
0,0,0,0,0
0,0,0,0,0
0,0,0,0,0
0,0,0,0,0
0,0,0,0,0
0,0,0,0,0
0,0,0,0,0
0,0,0,0,0
0,0,0,0,0
0,0,0,0,0
0,0,0,0,0
0,0,0,0,0
0,0,0,0,0
0,0,0,0,0
0,0,0,0,0
0,0,0,0,0
0,0,0,0,0
0,0,0,0,0
0,0,0,0,0
0,0,0,0,0
0,0,0,0,0
0,0,0,0,0
0,0,0,0,0
0,0,0,0,0
0,0,0,0,0
0,0,0,0,0
0,0,0,0,0
0,0,0,0,0
0,0,0,0,0
0,0,0,0,0
0,0,0,0,0
0,0,0,0,0
0,0,0,0,0
0,0,0,0,0
0,0,0,0,0
0,0,0,0,0
0,0,0,0,0
0,0,0,0,0
0,0,0,0,0
0,0,0,0,0
0,0,0,0,0
0,0,0,0,0
0,0,0,0,0
0,0,0,0,0
0,0,0,0,0
0,0,0,0,0
0,0,0,0,0
0,0,0,0,0
0,0,0,0,0
0,0,0,0,0
0,0,0,0,0
0,0,0,0,0
0,0,0,0,0
0,0,0,0,0
0,0,0,0,0
0,0,0,0,0
0,0,0,0,0
0,0,0,0,0
0,0,0,0,0
0,0,0,0,0
0,0,0,0,0
0,0,0,0,0
0,0,0,0,0
0,0,0,0,0
0,0,0,0,0
0,0,0,0,0
0,0,0,0,0
0,0,0,0,0
0,0,0,0,0
0,0,0,0,0
0,0,0,0,0
0,0,0,0,0
0,0,0,0,0
0,0,0,0,0
0,0,0,0,0
0,0,0,0,0
0,0,0,0,0
0,0,0,0,0
0,0,0,0,0
0,0,0,0,0
0,0,0,0,0
0,0,0,0,0
0,0,0,0,0
0,0,0,0,0
0,0,0,0,0
0,0,0,0,0
0,0,0,0,0
0,0,0,0,0
0,0,0,0,0
0,0,0,0,0
0,0,0,0,0
0,0,0,0,0
0,0,0,0,0
0,0,0,0,0
0,0,0,0,0
0,0,0,0,0
0,0,0,0,0
0,0,0,0,0
0,0,0,0,0
0,0,0,0,0
0,0,0,0,0
0,0,0,0,0
0,0,0,0,0
0,0,0,0,0
0,0,0,0,0
0,0,0,0,0
0,0,0,0,0
0,0,0,0,0
0,0,0,0,0
0,0,0,0,0
0,0,0,0,0
0,0,0,0,0
0,0,0,0,0
0,0,0,0,0
0,0,0,0,0
0,0,0,0,0
0,0,0,0,0
0,0,0,0,0
0,0,0,0,0
0,0,0,0,0
0,0,0,0,0
0,0,0,0,0
0,0,0,0,0
0,0,0,0,0
0,0,0,0,0
0,0,0,0,0
0,0,0,0,0
0,0,0,0,0
0,0,0,0,0
0,0,0,0,0
0,0,0,0,0
0,0,0,0,0
0,0,0,0,0
0,0,0,0,0
0,0,0,0,0
0,0,0,0,0
0,0,0,0,0
0,0,0,0,0
0,0,0,0,0
0,0,0,0,0
0,0,0,0,0
0,0,0,0,0
0,0,0,0,0
0,0,0,0,0
0,0,0,0,0
0,0,0,0,0
0,0,0,0,0
0,0,0,0,0
0,0,0,0,0
0,0,0,0,0
0,0,0,0,0
0,0,0,0,0
0,0,0,0,0
0,0,0,0,0
0,0,0,0,0
0,0,0,0,0
0,0,0,0,0
0,0,0,0,0
0,0,0,0,0
0,0,0,0,0
0,0,0,0,0
0,0,0,0,0
0,0,0,0,0
0,0,0,0,0
0,0,0,0,0
0,0,0,0,0
0,0,0,0,0
0,0,0,0,0
0,0,0,0,0
0,0,0,0,0
0,0,0,0,0
0,0,0,0,0
0,0,0,0,0
0,0,0,0,0
0,0,0,0,0
0,0,0,0,0
0,0,0,0,0
0,0,0,0,0
0,0,0,0,0
0,0,0,0,0
0,0,0,0,0
0,0,0,0,0
0,0,0,0,0
0,0,0,0,0
0,0,0,0,0
0,0,0,0,0
0,0,0,0,0
0,0,0,0,0
0,0,0,0,0
0,0,0,0,0
0,0,0,0,0
0,0,0,0,0
0,0,0,0,0
0,0,0,0,0
0,0,0,0,0
0,0,0,0,0
0,0,0,0,0
0,0,0,0,0
0,0,0,0,0
0,0,0,0,0
0,0,0,0,0
0,0,0,0,0
0,0,0,0,0
0,0,0,0,0
0,0,0,0,0
0,0,0,0,0
0,0,0,0,0
0,0,0,0,0
0,0,0,0,0
0,0,0,0,0
0,0,0,0,0
0,0,0,0,0
0,0,0,0,0
0,0,0,0,0
0,0,0,0,0
0,0,0,0,0
0,0,0,0,0
0,0,0,0,0
0,0,0,0,0
0,0,0,0,0
0,0,0,0,0
0,0,0,0,0
0,0,0,0,0
0,0,0,0,0
0,0,0,0,0
0,0,0,0,0
0,0,0,0,0
0,0,0,0,0
0,0,0,0,0
0,0,0,0,0
0,0,0,0,0
