0,재킷,하프,블랙,노멀
7,재킷,하프,라벤더,루즈
10,재킷,하프,라벤더,루즈
11,재킷,하프,핑크,노멀
13,재킷,하프,라벤더,루즈
17,재킷,하프,핑크,노멀
18,재킷,하프,핑크,노멀
62,,,블랙,
70,재킷,하프,,노멀
84,재킷,하프,,노멀
86,재킷,롱,블랙,루즈
118,재킷,하프,브라운,노멀
123,재킷,하프,브라운,노멀
128,재킷,하프,브라운,노멀
148,재킷,노말,스카이블루,노멀
149,재킷,노말,스카이블루,노멀
150,재킷,노말,스카이블루,노멀
151,재킷,노말,스카이블루,노멀
152,재킷,하프,실버,노멀
155,재킷,하프,실버,노멀
156,재킷,하프,실버,노멀
158,재킷,하프,실버,노멀
167,재킷,노말,블랙,노멀
171,재킷,노말,블랙,노멀
174,재킷,하프,베이지,노멀
176,재킷,하프,베이지,노멀
206,가디건,크롭,화이트,루즈
229,재킷,하프,베이지,루즈
231,재킷,하프,베이지,루즈
236,베스트,노말,베이지,노멀
238,베스트,노말,베이지,노멀
253,재킷,하프,베이지,루즈
267,재킷,하프,블랙,루즈
268,재킷,하프,블랙,루즈
272,베스트,하프,핑크,노멀
273,베스트,하프,베이지,노멀
274,베스트,하프,핑크,노멀
275,베스트,하프,베이지,노멀
276,베스트,하프,베이지,노멀
277,베스트,하프,블랙,노멀
278,베스트,하프,베이지,노멀
279,베스트,하프,블랙,노멀
280,베스트,하프,블랙,노멀
281,베스트,하프,블랙,노멀
342,재킷,노말,그레이,노멀
343,재킷,노말,그레이,노멀
344,재킷,노말,브라운,노멀
345,재킷,노말,브라운,노멀
346,재킷,노말,브라운,노멀
347,재킷,노말,브라운,노멀
348,재킷,노말,브라운,노멀
349,재킷,노말,브라운,노멀
350,재킷,노말,브라운,노멀
351,재킷,노말,브라운,노멀
358,코트,롱,네이비,루즈
359,재킷,노말,베이지,노멀
360,코트,롱,네이비,루즈
361,코트,롱,네이비,루즈
362,재킷,노말,베이지,노멀
363,코트,롱,네이비,루즈
364,재킷,노말,베이지,노멀
365,코트,롱,네이비,루즈
366,코트,롱,네이비,루즈
367,코트,롱,네이비,루즈
368,코트,롱,네이비,루즈
369,코트,롱,네이비,루즈
370,재킷,노말,화이트,노멀
371,재킷,노말,화이트,노멀
372,코트,롱,그레이,루즈
373,코트,롱,그레이,루즈
374,재킷,노말,베이지,노멀
375,코트,롱,그레이,루즈
376,재킷,노말,카키,노멀
377,재킷,노말,베이지,노멀
378,재킷,노말,베이지,노멀
379,코트,롱,그레이,루즈
380,코트,롱,그레이,루즈
381,코트,롱,그레이,루즈
382,재킷,노말,베이지,노멀
383,재킷,노말,베이지,노멀
384,코트,롱,그레이,루즈
385,재킷,노말,베이지,노멀
386,코트,롱,그레이,루즈
387,베스트,노말,베이지,노멀
388,코트,롱,그레이,노멀
389,코트,롱,그레이,노멀
390,재킷,노말,카키,노멀
391,코트,롱,그레이,노멀
392,베스트,노말,베이지,노멀
393,코트,롱,그레이,노멀
394,베스트,노말,베이지,노멀
395,베스트,노말,베이지,노멀
396,코트,롱,그레이,노멀
397,재킷,노말,카키,노멀
398,재킷,노말,카키,노멀
399,베스트,노말,베이지,노멀
400,코트,롱,그레이,노멀
401,코트,롱,그레이,노멀
402,재킷,노말,카키,노멀
403,재킷,노말,카키,노멀
404,베스트,노말,베이지,노멀
405,코트,롱,그레이,노멀
406,재킷,노말,카키,노멀
407,재킷,노말,카키,노멀
408,재킷,노말,카키,노멀
409,재킷,노말,카키,노멀
410,재킷,노말,카키,노멀
411,재킷,노말,카키,노멀
412,베스트,노말,베이지,노멀
413,베스트,노말,베이지,노멀
414,재킷,노말,카키,노멀
415,베스트,노말,베이지,노멀
416,베스트,노말,베이지,노멀
417,재킷,노말,카키,노멀
418,베스트,노말,베이지,노멀
419,재킷,노말,카키,노멀
420,코트,롱,그레이,노멀
421,재킷,노말,카키,노멀
422,코트,노말,그레이,노멀
423,재킷,노말,그레이,노멀
424,재킷,노말,카키,노멀
425,재킷,노말,카키,노멀
426,재킷,노말,카키,노멀
427,코트,노말,그레이,노멀
428,코트,노말,그레이,노멀
429,재킷,노말,카키,노멀
430,재킷,노말,그레이,노멀
431,재킷,노말,그레이,노멀
432,재킷,노말,카키,노멀
433,재킷,노말,카키,노멀
434,재킷,노말,카키,노멀
435,재킷,노말,카키,노멀
436,코트,노말,그레이,노멀
437,재킷,노말,그레이,노멀
438,코트,노말,그레이,노멀
439,코트,노말,그레이,노멀
440,재킷,노말,그레이,노멀
441,재킷,노말,그레이,노멀
442,재킷,노말,베이지,노멀
443,재킷,노말,베이지,노멀
444,재킷,노말,베이지,노멀
445,재킷,노말,베이지,노멀
446,재킷,노말,베이지,노멀
447,재킷,노말,베이지,노멀
448,재킷,노말,베이지,노멀
449,재킷,노말,카키,노멀
450,재킷,노말,카키,노멀
451,재킷,노말,카키,노멀
452,재킷,노말,카키,노멀
453,재킷,노말,카키,노멀
454,재킷,노말,카키,노멀
455,재킷,노말,카키,노멀
456,코트,롱,카키,노멀
457,코트,롱,카키,노멀
458,코트,롱,카키,노멀
459,코트,롱,카키,노멀
460,코트,롱,카키,노멀
461,코트,롱,카키,노멀
462,코트,롱,카키,노멀
463,코트,롱,카키,노멀
464,코트,롱,카키,노멀
465,코트,롱,카키,노멀
466,코트,롱,카키,노멀
467,코트,롱,카키,노멀
468,코트,롱,카키,노멀
469,코트,롱,카키,노멀
470,코트,롱,카키,노멀
471,코트,롱,카키,노멀
472,코트,롱,카키,노멀
473,코트,롱,카키,노멀
474,재킷,노말,카키,노멀
475,재킷,노말,카키,노멀
476,재킷,노말,카키,노멀
477,재킷,노말,카키,노멀
478,코트,롱,카키,노멀
479,코트,맥시,브라운,오버사이즈
480,코트,맥시,브라운,오버사이즈
481,코트,맥시,브라운,오버사이즈
482,코트,맥시,브라운,오버사이즈
646,재킷,하프,블랙,노멀
650,재킷,하프,블랙,노멀
651,재킷,하프,블랙,노멀
658,베스트,노말,그레이,노멀
662,베스트,노말,그레이,노멀
700,재킷,하프,베이지,노멀
704,재킷,하프,베이지,노멀
706,재킷,하프,베이지,노멀
707,재킷,하프,베이지,노멀
708,재킷,하프,베이지,노멀
709,재킷,하프,베이지,노멀
710,재킷,하프,베이지,노멀
713,재킷,하프,베이지,노멀
714,재킷,하프,카키,루즈
715,재킷,하프,카키,루즈
716,재킷,하프,카키,루즈
717,재킷,하프,카키,루즈
718,재킷,하프,카키,루즈
719,재킷,하프,카키,루즈
720,재킷,하프,카키,루즈
722,재킷,하프,카키,루즈
723,재킷,하프,카키,루즈
724,재킷,하프,카키,루즈
726,재킷,하프,카키,루즈
727,재킷,하프,카키,루즈
729,재킷,하프,베이지,노멀
730,재킷,하프,베이지,노멀
731,재킷,하프,베이지,노멀
732,재킷,하프,카키,루즈
733,재킷,하프,화이트,노멀
734,재킷,하프,화이트,노멀
735,재킷,하프,화이트,노멀
736,재킷,하프,화이트,노멀
737,재킷,하프,화이트,노멀
738,재킷,하프,화이트,노멀
740,재킷,하프,화이트,노멀
741,재킷,하프,화이트,노멀
744,재킷,하프,화이트,노멀
745,재킷,하프,화이트,노멀
747,재킷,하프,화이트,노멀
748,재킷,하프,화이트,노멀
749,재킷,하프,화이트,노멀
750,재킷,하프,화이트,노멀
751,재킷,하프,화이트,노멀
752,재킷,하프,베이지,루즈
753,재킷,하프,화이트,루즈
754,재킷,하프,화이트,루즈
815,재킷,하프,블랙,루즈
816,재킷,하프,블랙,루즈
817,재킷,하프,블랙,루즈
818,재킷,하프,블랙,루즈
819,재킷,하프,블랙,루즈
820,재킷,하프,블랙,루즈
821,재킷,하프,블랙,루즈
876,재킷,하프,라벤더,노멀
877,재킷,하프,라벤더,노멀
878,재킷,하프,라벤더,노멀
879,재킷,하프,라벤더,노멀
880,재킷,하프,라벤더,노멀
881,재킷,하프,라벤더,노멀
882,재킷,하프,라벤더,노멀
895,재킷,하프,블랙,루즈
896,재킷,하프,블랙,노멀
897,재킷,하프,블랙,루즈
901,재킷,하프,블랙,루즈
902,재킷,하프,블랙,루즈
903,재킷,하프,블랙,루즈
904,재킷,하프,블랙,루즈
906,재킷,하프,블랙,노멀
907,재킷,하프,블랙,노멀
908,재킷,하프,블랙,루즈
909,재킷,하프,블랙,노멀
910,재킷,하프,블랙,루즈
911,재킷,하프,블랙,노멀
912,재킷,하프,블랙,루즈
913,재킷,하프,블랙,루즈
914,재킷,하프,블랙,루즈
915,재킷,하프,블랙,루즈
916,재킷,하프,블랙,루즈
917,재킷,하프,블랙,루즈
918,재킷,하프,블랙,루즈
919,재킷,하프,블랙,루즈
920,재킷,하프,블랙,루즈
921,재킷,하프,블랙,루즈
922,재킷,하프,블랙,루즈
923,재킷,하프,블랙,루즈
924,재킷,하프,블랙,루즈
925,재킷,하프,블랙,루즈
926,재킷,하프,블랙,루즈
927,재킷,하프,블랙,루즈
928,재킷,하프,블랙,루즈
929,재킷,하프,블랙,루즈
930,재킷,하프,블랙,루즈
931,재킷,하프,블랙,루즈
932,재킷,하프,블랙,루즈
933,재킷,하프,블랙,루즈
934,재킷,하프,블랙,루즈
935,재킷,하프,블랙,루즈
936,재킷,하프,블랙,루즈
961,재킷,하프,그레이,노멀
962,재킷,하프,그레이,노멀
963,재킷,하프,그레이,노멀
964,재킷,하프,그레이,노멀
965,재킷,하프,그레이,노멀
966,재킷,하프,그레이,노멀
967,재킷,하프,그레이,노멀
968,재킷,하프,그레이,노멀
994,,,스카이블루,
996,,,스카이블루,
997,,,스카이블루,
999,,,스카이블루,
1039,재킷,하프,스카이블루,노멀
1040,재킷,하프,스카이블루,노멀
1041,재킷,하프,스카이블루,노멀
1042,재킷,하프,스카이블루,노멀
1043,재킷,하프,스카이블루,노멀
1044,재킷,하프,스카이블루,노멀
1045,재킷,하프,스카이블루,노멀
1046,재킷,하프,스카이블루,노멀
1047,재킷,하프,스카이블루,노멀
1048,재킷,하프,스카이블루,노멀
1049,재킷,하프,스카이블루,노멀
1050,재킷,하프,스카이블루,노멀
1051,재킷,하프,스카이블루,노멀
1052,재킷,하프,스카이블루,노멀
1053,재킷,하프,스카이블루,노멀
1054,재킷,하프,,노멀
1055,재킷,하프,스카이블루,노멀
1056,재킷,하프,베이지,노멀
1057,재킷,하프,스카이블루,노멀
1058,재킷,하프,베이지,노멀
1059,재킷,하프,베이지,노멀
1060,재킷,하프,베이지,노멀
1061,재킷,하프,,노멀
1062,재킷,하프,베이지,노멀
1063,재킷,하프,스카이블루,노멀
1064,재킷,하프,스카이블루,노멀
1065,재킷,하프,,노멀
1066,재킷,하프,스카이블루,노멀
1067,재킷,하프,베이지,노멀
1068,재킷,하프,베이지,노멀
1069,재킷,하프,스카이블루,노멀
1070,재킷,하프,,노멀
1071,재킷,하프,베이지,노멀
1072,재킷,하프,스카이블루,노멀
1073,재킷,하프,베이지,노멀
1074,재킷,하프,베이지,노멀
1075,재킷,하프,베이지,노멀
1076,재킷,하프,베이지,노멀
1077,재킷,하프,스카이블루,노멀
1078,재킷,하프,베이지,노멀
1079,재킷,하프,스카이블루,노멀
1080,재킷,하프,베이지,노멀
1081,재킷,하프,베이지,노멀
1082,재킷,하프,베이지,노멀
1083,재킷,하프,베이지,노멀
1084,재킷,하프,베이지,노멀
1085,재킷,하프,스카이블루,노멀
1086,재킷,하프,스카이블루,노멀
1087,재킷,하프,스카이블루,노멀
1088,재킷,하프,,노멀
1089,재킷,하프,화이트,노멀
1090,재킷,하프,화이트,노멀
1091,재킷,하프,화이트,노멀
1092,재킷,하프,화이트,노멀
1093,재킷,하프,화이트,노멀
1094,재킷,하프,화이트,노멀
1095,재킷,하프,화이트,노멀
1096,재킷,하프,화이트,노멀
1097,재킷,하프,화이트,노멀
1158,코트,롱,네이비,루즈
1159,코트,롱,블랙,루즈
1160,코트,롱,네이비,루즈
1161,코트,롱,블랙,루즈
1162,코트,롱,블랙,루즈
1163,코트,롱,네이비,루즈
1164,코트,롱,네이비,루즈
1165,코트,롱,블랙,루즈
1166,코트,롱,네이비,루즈
1167,코트,롱,블랙,루즈
1168,코트,롱,네이비,루즈
1169,코트,롱,블랙,루즈
1170,코트,롱,베이지,노멀
1171,코트,롱,베이지,노멀
1172,코트,롱,베이지,노멀
1173,코트,롱,베이지,노멀
1174,코트,롱,베이지,노멀
1175,코트,롱,베이지,노멀
1176,코트,롱,베이지,노멀
1177,코트,롱,베이지,노멀
1178,코트,롱,베이지,노멀
1179,코트,롱,베이지,노멀
1180,코트,롱,베이지,노멀
1181,코트,롱,베이지,노멀
1182,코트,롱,베이지,노멀
1183,코트,롱,베이지,노멀
1184,코트,롱,베이지,노멀
1185,코트,롱,베이지,노멀
1231,재킷,하프,네이비,오버사이즈
1232,재킷,하프,그레이,오버사이즈
1233,재킷,하프,그레이,오버사이즈
1234,재킷,하프,블랙,오버사이즈
1235,재킷,하프,그레이,오버사이즈
1236,재킷,하프,그레이,오버사이즈
1237,재킷,하프,블루,오버사이즈
1238,재킷,하프,블랙,루즈
1239,재킷,하프,그레이,루즈
1240,재킷,하프,그레이,루즈
1241,재킷,하프,블랙,루즈
1242,재킷,하프,그레이,루즈
1243,재킷,노말,화이트,루즈
1244,재킷,노말,화이트,루즈
1245,재킷,노말,화이트,루즈
1246,재킷,하프,실버,루즈
1247,재킷,노말,화이트,루즈
1248,재킷,하프,실버,루즈
1249,재킷,하프,실버,루즈
1250,재킷,하프,실버,루즈
1251,재킷,노말,화이트,루즈
1252,재킷,하프,실버,루즈
1253,재킷,노말,화이트,루즈
1254,재킷,하프,실버,루즈
1255,재킷,하프,실버,루즈
1256,재킷,하프,실버,루즈
1257,재킷,노말,화이트,루즈
1258,코트,하프,그레이,루즈
1259,코트,하프,그레이,루즈
1260,코트,하프,그레이,루즈
1261,코트,하프,블랙,루즈
1262,코트,하프,그레이,루즈
1263,코트,하프,그레이,루즈
1264,코트,롱,화이트,오버사이즈
1265,점퍼,노말,베이지,노멀
1266,점퍼,노말,베이지,노멀
1267,점퍼,노말,오렌지,노멀
1268,점퍼,노말,카키,노멀
1269,점퍼,노말,베이지,노멀
1270,점퍼,노말,베이지,노멀
1271,점퍼,노말,카키,노멀
1272,코트,롱,블랙,루즈
1273,코트,롱,블랙,루즈
1274,코트,롱,블랙,루즈
1275,코트,롱,블랙,루즈
1276,코트,롱,블랙,루즈
1277,코트,롱,블랙,루즈
1278,코트,롱,블랙,루즈
1279,코트,롱,블랙,루즈
1283,재킷,하프,블랙,노멀
1292,베스트,,베이지,루즈
1301,베스트,노말,베이지,루즈
1313,재킷,하프,블루,루즈
1314,재킷,하프,블루,루즈
1316,재킷,하프,블루,루즈
1318,재킷,하프,블루,루즈
1319,베스트,크롭,그레이,루즈
1320,베스트,크롭,그레이,루즈
1321,베스트,크롭,그레이,루즈
1322,베스트,크롭,그레이,루즈
1323,베스트,크롭,그레이,루즈
1324,베스트,크롭,그레이,루즈
1332,재킷,노말,,노멀
1334,재킷,노말,,노멀
1335,재킷,노말,,노멀
1336,재킷,노말,,노멀
1354,재킷,하프,블루,루즈
1355,재킷,하프,블루,루즈
1356,재킷,하프,블루,루즈
1357,재킷,하프,블루,루즈
1358,재킷,하프,블루,루즈
1359,재킷,하프,블루,루즈
1360,재킷,하프,블루,루즈
1361,재킷,하프,블루,루즈
1362,재킷,하프,블루,루즈
1363,재킷,하프,베이지,루즈
1364,재킷,하프,블루,루즈
1365,재킷,하프,베이지,루즈
1366,재킷,하프,블루,루즈
1367,재킷,하프,블루,루즈
1368,재킷,하프,블루,루즈
1369,재킷,하프,베이지,루즈
1370,재킷,하프,베이지,루즈
1371,재킷,하프,베이지,루즈
1372,재킷,하프,베이지,루즈
1373,재킷,하프,베이지,루즈
1374,재킷,하프,베이지,루즈
1375,재킷,하프,베이지,루즈
1376,재킷,하프,베이지,루즈
1377,재킷,노말,화이트,노멀
1378,재킷,노말,화이트,노멀
1379,재킷,노말,화이트,노멀
1380,재킷,노말,화이트,노멀
1381,재킷,노말,화이트,노멀
1382,재킷,노말,화이트,노멀
1383,재킷,노말,화이트,노멀
1384,재킷,노말,화이트,노멀
1385,재킷,노말,화이트,노멀
1386,재킷,노말,화이트,노멀
1387,재킷,노말,화이트,노멀
1388,재킷,노말,화이트,노멀
1389,재킷,노말,화이트,노멀
1390,재킷,노말,화이트,노멀
1391,재킷,노말,화이트,노멀
1392,재킷,노말,화이트,노멀
1393,재킷,노말,화이트,노멀
1394,재킷,노말,화이트,노멀
1395,재킷,노말,화이트,노멀
1396,재킷,노말,화이트,노멀
1397,재킷,노말,화이트,노멀
1398,재킷,노말,화이트,노멀
1399,재킷,노말,화이트,노멀
1400,재킷,노말,화이트,노멀
1401,재킷,노말,화이트,노멀
1402,재킷,노말,화이트,노멀
1403,재킷,노말,화이트,노멀
1404,재킷,노말,화이트,노멀
1405,재킷,노말,화이트,노멀
1406,재킷,노말,화이트,노멀
1407,재킷,노말,화이트,노멀
1408,재킷,노말,화이트,노멀
1409,재킷,노말,화이트,노멀
1410,재킷,노말,화이트,노멀
1411,재킷,노말,화이트,노멀
1412,재킷,노말,화이트,노멀
1413,재킷,노말,화이트,노멀
1414,재킷,노말,화이트,노멀
1415,재킷,노말,화이트,노멀
1416,재킷,노말,화이트,노멀
1417,재킷,노말,화이트,노멀
1418,재킷,노말,화이트,노멀
1419,재킷,노말,화이트,노멀
1420,재킷,노말,화이트,노멀
1421,재킷,노말,화이트,노멀
1422,재킷,노말,화이트,노멀
1423,재킷,노말,화이트,노멀
1424,재킷,노말,화이트,노멀
1425,재킷,노말,화이트,노멀
1426,재킷,노말,화이트,노멀
1427,재킷,노말,화이트,노멀
1428,재킷,노말,화이트,노멀
1429,재킷,노말,화이트,노멀
1430,재킷,노말,화이트,노멀
1431,재킷,노말,화이트,노멀
1432,재킷,노말,화이트,노멀
1433,재킷,노말,화이트,노멀
1440,재킷,하프,블랙,루즈
1441,재킷,하프,블랙,루즈
1442,재킷,하프,블랙,루즈
1443,재킷,하프,블랙,루즈
1444,재킷,하프,카키,노멀
1445,재킷,하프,카키,노멀
1446,재킷,하프,카키,노멀
1447,재킷,하프,카키,노멀
1448,재킷,하프,카키,노멀
1449,재킷,하프,카키,노멀
1450,재킷,하프,카키,노멀
1451,재킷,하프,카키,노멀
1452,재킷,하프,카키,노멀
1453,재킷,하프,카키,노멀
1454,재킷,하프,카키,노멀
1457,재킷,하프,화이트,노멀
1466,재킷,노말,블랙,노멀
1467,재킷,노말,블랙,노멀
1469,재킷,노말,블랙,노멀
1470,재킷,노말,블랙,노멀
1473,재킷,하프,핑크,루즈
1474,재킷,하프,핑크,루즈
1475,재킷,하프,핑크,루즈
1476,재킷,하프,핑크,루즈
1477,재킷,하프,핑크,루즈
1478,재킷,하프,핑크,루즈
1491,재킷,하프,베이지,노멀
1492,재킷,하프,베이지,노멀
1499,재킷,하프,블랙,루즈
1500,재킷,하프,블랙,루즈
1501,재킷,하프,블랙,루즈
1502,재킷,하프,블랙,루즈
1506,재킷,하프,블랙,노멀
1507,재킷,하프,블랙,노멀
1522,코트,하프,그레이,루즈
1523,코트,하프,그레이,루즈
1524,가디건,하프,블랙,루즈
1525,가디건,하프,블랙,루즈
1526,가디건,하프,블랙,루즈
1527,가디건,하프,블랙,루즈
1528,가디건,하프,블랙,루즈
1529,가디건,하프,블랙,루즈
1530,가디건,하프,블랙,루즈
1531,가디건,하프,블랙,루즈
1532,가디건,하프,블랙,루즈
1533,가디건,하프,블랙,루즈
1534,가디건,하프,블랙,루즈
1535,가디건,하프,블랙,루즈
1536,가디건,하프,블랙,루즈
1537,가디건,하프,블랙,루즈
1538,가디건,하프,블랙,루즈
1606,재킷,롱,블랙,오버사이즈
1611,재킷,하프,블랙,오버사이즈
1612,재킷,하프,블랙,오버사이즈
1613,재킷,롱,블랙,오버사이즈
1614,재킷,하프,블랙,오버사이즈
1619,재킷,하프,블랙,오버사이즈
1622,재킷,하프,블랙,오버사이즈
1624,재킷,하프,블랙,오버사이즈
1626,재킷,하프,블랙,오버사이즈
1627,재킷,하프,블랙,오버사이즈
1629,재킷,하프,블랙,오버사이즈
1631,재킷,하프,블랙,오버사이즈
1635,재킷,롱,블랙,오버사이즈
1636,재킷,하프,블랙,오버사이즈
1637,재킷,하프,블랙,오버사이즈
1639,재킷,롱,블랙,오버사이즈
1640,재킷,하프,블랙,오버사이즈
1643,재킷,하프,블랙,오버사이즈
1710,재킷,하프,블랙,루즈
1711,재킷,하프,블랙,루즈
1712,재킷,하프,블랙,루즈
1713,재킷,하프,블랙,루즈
1714,재킷,하프,블랙,루즈
1715,재킷,하프,블랙,루즈
1716,재킷,하프,블랙,루즈
1717,재킷,하프,블랙,루즈
1718,재킷,하프,블랙,루즈
1719,재킷,하프,블랙,루즈
1720,재킷,하프,블랙,루즈
1721,재킷,하프,블랙,루즈
1722,재킷,하프,블랙,루즈
1723,재킷,하프,블랙,루즈
1724,재킷,하프,블랙,루즈
1725,재킷,하프,블랙,루즈
1726,재킷,하프,블랙,루즈
1727,재킷,하프,블랙,루즈
1728,재킷,하프,그레이,루즈
1729,재킷,하프,그레이,루즈
1730,재킷,하프,블랙,루즈
1731,재킷,하프,블랙,루즈
1732,재킷,하프,그레이,루즈
1733,재킷,하프,그레이,루즈
1734,재킷,하프,그레이,루즈
1735,재킷,하프,블랙,루즈
1736,재킷,하프,블랙,루즈
1737,재킷,하프,블랙,루즈
1738,재킷,하프,그레이,루즈
1739,재킷,하프,그레이,루즈
1740,재킷,하프,그레이,루즈
1741,재킷,하프,그레이,루즈
1742,재킷,하프,그레이,루즈
1743,재킷,하프,카키,루즈
1744,재킷,하프,카키,루즈
1745,재킷,하프,카키,루즈
1746,재킷,하프,카키,루즈
1747,재킷,하프,카키,루즈
1748,재킷,하프,카키,루즈
1749,재킷,하프,카키,루즈
1750,재킷,하프,카키,루즈
1751,코트,맥시,실버,루즈
1752,코트,롱,실버,루즈
1753,코트,맥시,실버,루즈
1754,코트,맥시,실버,루즈
1755,코트,롱,실버,루즈
1756,코트,맥시,실버,루즈
1757,코트,맥시,실버,루즈
1758,코트,맥시,실버,루즈
1759,코트,맥시,실버,루즈
1760,코트,맥시,실버,루즈
1761,코트,롱,실버,오버사이즈
1762,코트,롱,실버,오버사이즈
1763,코트,롱,실버,오버사이즈
1764,코트,롱,실버,오버사이즈
1765,코트,롱,실버,오버사이즈
1766,코트,롱,실버,오버사이즈
1767,코트,롱,실버,오버사이즈
1768,코트,롱,실버,오버사이즈
1769,코트,롱,실버,오버사이즈
1770,코트,롱,실버,오버사이즈
1771,코트,롱,네이비,루즈
1772,코트,롱,네이비,루즈
1773,코트,롱,네이비,루즈
1774,코트,롱,네이비,루즈
1775,코트,롱,네이비,루즈
1776,코트,롱,네이비,루즈
1777,코트,롱,네이비,루즈
1778,코트,롱,네이비,루즈
1779,코트,롱,네이비,루즈
1780,코트,롱,블랙,오버사이즈
1781,코트,롱,블랙,오버사이즈
1782,코트,롱,블랙,오버사이즈
1783,코트,롱,블랙,오버사이즈
1784,코트,롱,블랙,오버사이즈
1785,코트,롱,블랙,오버사이즈
1786,재킷,롱,실버,루즈
1787,재킷,롱,실버,루즈
1788,재킷,롱,실버,루즈
1789,재킷,롱,실버,루즈
1790,재킷,롱,실버,루즈
1791,재킷,롱,실버,루즈
1792,재킷,롱,네이비,루즈
1793,재킷,롱,네이비,루즈
1794,재킷,롱,네이비,루즈
1795,재킷,롱,네이비,루즈
1796,재킷,롱,네이비,루즈
1797,재킷,롱,네이비,루즈
1798,재킷,롱,네이비,루즈
1799,재킷,노말,블랙,노멀
1800,재킷,노말,블랙,노멀
1801,재킷,노말,블랙,노멀
1802,재킷,노말,블랙,노멀
1803,재킷,노말,블랙,노멀
1804,재킷,노말,블랙,노멀
1805,재킷,노말,블랙,노멀
1806,재킷,노말,블랙,노멀
1807,재킷,노말,블랙,노멀
1808,재킷,노말,블랙,노멀
1809,코트,하프,그레이,노멀
1810,코트,롱,실버,루즈
1811,코트,하프,그레이,노멀
1812,코트,롱,실버,루즈
1813,코트,롱,실버,루즈
1814,코트,하프,그레이,노멀
1815,코트,하프,그레이,노멀
1816,재킷,하프,그레이,노멀
1817,재킷,하프,그레이,노멀
1818,코트,하프,레드,노멀
1819,코트,하프,그레이,노멀
1820,코트,하프,그레이,노멀
1821,재킷,하프,그레이,노멀
1822,코트,하프,그레이,노멀
1823,재킷,하프,그레이,노멀
1824,코트,하프,그레이,노멀
1825,코트,하프,그레이,노멀
1826,코트,하프,그레이,노멀
1827,코트,하프,그레이,노멀
1828,코트,하프,레드,노멀
1829,코트,하프,레드,노멀
1830,재킷,하프,그레이,노멀
1831,코트,하프,레드,노멀
1832,재킷,하프,그레이,노멀
1833,재킷,하프,그레이,노멀
1834,재킷,하프,그레이,노멀
1835,재킷,하프,그레이,노멀
1836,재킷,하프,그레이,노멀
1837,재킷,하프,그레이,노멀
1838,재킷,하프,그레이,노멀
1839,재킷,하프,그레이,노멀
1840,재킷,하프,그레이,노멀
1841,재킷,하프,그레이,노멀
1842,재킷,하프,그레이,노멀
1843,재킷,하프,블랙,노멀
1844,재킷,하프,블랙,노멀
1853,코트,하프,그레이,루즈
1854,코트,하프,그레이,루즈
1855,코트,하프,그레이,루즈
1856,코트,하프,그레이,루즈
1857,코트,하프,그레이,루즈
1858,코트,하프,그레이,루즈
1859,코트,하프,그레이,루즈
1860,코트,하프,그레이,루즈
1861,코트,하프,그레이,루즈
1862,코트,하프,그레이,루즈
1863,코트,하프,그레이,루즈
1864,코트,하프,그레이,루즈
1865,코트,하프,그레이,루즈
1866,코트,하프,그레이,루즈
1867,코트,하프,그레이,루즈
1868,코트,하프,그레이,루즈
1869,코트,하프,그레이,루즈
1870,코트,롱,그레이,루즈
1871,코트,하프,그레이,루즈
1872,코트,하프,그레이,루즈
1873,코트,하프,그레이,루즈
1874,코트,하프,그레이,루즈
1875,코트,하프,그레이,루즈
1876,코트,하프,그레이,루즈
1877,코트,하프,그레이,루즈
1878,코트,하프,그레이,루즈
1879,코트,하프,그레이,루즈
1880,코트,하프,그레이,루즈
1881,코트,하프,그레이,루즈
1882,코트,하프,그레이,루즈
1883,코트,하프,그레이,루즈
1884,코트,하프,그레이,루즈
1885,코트,롱,그레이,루즈
1886,코트,하프,그레이,루즈
1887,코트,하프,그레이,루즈
1888,코트,롱,그레이,루즈
1889,코트,하프,그레이,루즈
1890,코트,하프,그레이,루즈
1891,코트,하프,그레이,루즈
1892,코트,하프,그레이,루즈
1893,코트,하프,그레이,루즈
1894,코트,하프,그레이,루즈
1895,코트,하프,그레이,루즈
1896,코트,하프,그레이,루즈
1897,코트,하프,그레이,루즈
1898,코트,하프,그레이,루즈
1899,코트,하프,그레이,루즈
1900,재킷,하프,베이지,루즈
1901,재킷,하프,베이지,루즈
1902,재킷,하프,베이지,루즈
1903,재킷,하프,베이지,루즈
1904,재킷,하프,베이지,루즈
1905,재킷,하프,베이지,루즈
1906,재킷,하프,베이지,루즈
1907,재킷,하프,베이지,루즈
1908,재킷,하프,베이지,루즈
1909,재킷,하프,베이지,루즈
1910,재킷,하프,베이지,루즈
1911,재킷,하프,베이지,루즈
1912,재킷,하프,베이지,루즈
1913,재킷,하프,베이지,루즈
1914,재킷,하프,베이지,루즈
1915,재킷,하프,베이지,루즈
1916,재킷,하프,베이지,루즈
1917,재킷,하프,베이지,루즈
1918,재킷,하프,베이지,루즈
1919,재킷,하프,베이지,루즈
1920,재킷,하프,베이지,루즈
1921,재킷,하프,베이지,루즈
1922,재킷,하프,베이지,루즈
1942,가디건,하프,그레이,타이트
1943,가디건,하프,그레이,타이트
1944,가디건,하프,그레이,타이트
1945,가디건,하프,그레이,타이트
1946,가디건,하프,그레이,타이트
1947,가디건,하프,그레이,타이트
1956,가디건,하프,네이비,루즈
1957,가디건,하프,네이비,루즈
1958,가디건,하프,네이비,루즈
1959,가디건,하프,네이비,루즈
1960,가디건,하프,네이비,루즈
1961,가디건,하프,네이비,루즈
1962,가디건,하프,네이비,루즈
1963,가디건,롱,블루,루즈
1964,가디건,롱,블루,루즈
1965,가디건,롱,블루,루즈
1966,가디건,롱,블루,루즈
1967,가디건,롱,블루,루즈
1968,가디건,롱,블루,루즈
1969,가디건,롱,블루,루즈
1970,가디건,롱,블루,루즈
1971,베스트,롱,블랙,루즈
1972,재킷,하프,베이지,오버사이즈
1973,재킷,하프,블랙,노멀
1974,재킷,하프,블랙,노멀
1975,재킷,하프,블랙,노멀
1976,재킷,하프,카키,노멀
1977,재킷,하프,블랙,노멀
1978,재킷,하프,블랙,노멀
1979,재킷,하프,실버,오버사이즈
1980,재킷,하프,그레이,오버사이즈
1981,재킷,하프,실버,오버사이즈
1982,재킷,하프,실버,오버사이즈
1983,재킷,하프,실버,오버사이즈
1984,재킷,하프,실버,오버사이즈
1985,재킷,하프,실버,오버사이즈
1986,재킷,하프,실버,오버사이즈
1987,재킷,하프,실버,오버사이즈
1988,재킷,하프,실버,루즈
1989,재킷,하프,실버,루즈
1990,재킷,하프,실버,루즈
1991,재킷,하프,실버,루즈
1992,재킷,하프,블랙,노멀
1993,재킷,하프,블랙,노멀
1994,재킷,하프,블랙,노멀
1995,재킷,하프,블랙,노멀
1996,재킷,하프,블랙,노멀
1997,재킷,하프,블랙,노멀
1998,재킷,하프,블랙,노멀
1999,재킷,노말,블랙,노멀
2002,,노말,베이지,노멀
2003,,노말,베이지,노멀
2004,,노말,베이지,노멀
2005,,노말,베이지,노멀
2006,재킷,하프,블랙,
2007,,노말,핑크,노멀
2008,재킷,노말,블랙,노멀
2009,,노말,핑크,노멀
2010,,노말,핑크,노멀
2011,,노말,베이지,노멀
2012,,노말,핑크,노멀
2013,,노말,베이지,노멀
2014,,노말,베이지,노멀
2015,재킷,노말,베이지,노멀
2016,재킷,노말,베이지,노멀
2019,,,블랙,
2020,,,블랙,
2021,,,블랙,
2025,가디건,노말,블랙,타이트
2026,,,블랙,
2027,,,블랙,
2028,,,블랙,
2029,,,블랙,
2052,재킷,노말,블랙,노멀
2053,재킷,노말,블랙,노멀
2054,재킷,노말,블랙,노멀
2056,재킷,노말,블랙,노멀
2059,재킷,노말,블랙,노멀
2062,재킷,노말,블랙,노멀
2063,재킷,노말,블랙,노멀
2068,재킷,노말,블랙,노멀
2073,재킷,노말,블랙,노멀
2076,재킷,노말,블랙,노멀
2082,재킷,노말,블랙,노멀
2083,재킷,노말,블랙,노멀
2084,재킷,노말,블랙,노멀
2087,재킷,노말,블랙,노멀
2090,재킷,노말,블랙,노멀
2091,재킷,노말,블랙,노멀
2092,재킷,노말,블랙,노멀
2093,재킷,노말,블랙,노멀
2096,재킷,노말,블랙,노멀
2100,재킷,노말,블랙,노멀
2137,점퍼,노말,카키,루즈
2138,점퍼,노말,카키,루즈
2139,점퍼,노말,카키,루즈
2140,점퍼,하프,민트,루즈
2141,점퍼,노말,민트,루즈
2142,점퍼,하프,카키,루즈
2143,점퍼,노말,카키,루즈
2144,점퍼,노말,민트,루즈
2145,점퍼,하프,카키,루즈
2146,점퍼,노말,민트,루즈
2147,점퍼,노말,카키,루즈
2148,점퍼,하프,카키,루즈
2237,코트,롱,그레이,루즈
2238,코트,롱,그레이,노멀
2239,코트,롱,그레이,루즈
2240,코트,롱,그레이,노멀
2241,코트,롱,그레이,루즈
2242,코트,롱,그레이,노멀
2243,코트,롱,그레이,루즈
2244,코트,롱,그레이,노멀
2245,코트,롱,그레이,루즈
2286,재킷,하프,화이트,루즈
2287,재킷,하프,화이트,루즈
2289,재킷,하프,화이트,루즈
2290,재킷,하프,화이트,루즈
2291,재킷,하프,화이트,루즈
2292,재킷,하프,블랙,루즈
2294,재킷,하프,블랙,루즈
2295,재킷,하프,화이트,루즈
2296,재킷,하프,화이트,루즈
2297,재킷,하프,화이트,루즈
2298,재킷,하프,화이트,루즈
2299,재킷,하프,화이트,루즈
2300,재킷,하프,블랙,루즈
2301,재킷,하프,화이트,루즈
2303,재킷,하프,화이트,루즈
2304,재킷,하프,블랙,루즈
2305,재킷,하프,블랙,루즈
2306,재킷,하프,블랙,루즈
2307,재킷,하프,화이트,루즈
2308,재킷,하프,화이트,루즈
2310,재킷,하프,화이트,루즈
2315,재킷,하프,화이트,루즈
2316,재킷,하프,화이트,루즈
2317,재킷,하프,화이트,루즈
2318,재킷,하프,화이트,루즈
2319,재킷,하프,화이트,루즈
2320,재킷,하프,화이트,루즈
2321,재킷,하프,화이트,루즈
2323,재킷,하프,화이트,루즈
2324,재킷,하프,화이트,루즈
2325,재킷,하프,화이트,루즈
2326,재킷,하프,화이트,루즈
2327,재킷,하프,화이트,루즈
2328,재킷,하프,화이트,루즈
2330,재킷,하프,화이트,루즈
2331,재킷,하프,화이트,루즈
2332,재킷,하프,화이트,루즈
2333,재킷,하프,핑크,오버사이즈
2334,재킷,하프,핑크,오버사이즈
2335,재킷,하프,핑크,오버사이즈
2336,재킷,하프,핑크,오버사이즈
2337,재킷,하프,핑크,오버사이즈
2338,재킷,하프,핑크,오버사이즈
2339,재킷,하프,핑크,오버사이즈
2340,재킷,하프,핑크,오버사이즈
2341,재킷,하프,핑크,오버사이즈
2342,재킷,하프,핑크,오버사이즈
2343,재킷,하프,핑크,오버사이즈
2349,재킷,하프,베이지,루즈
2350,재킷,하프,베이지,루즈
2351,재킷,하프,베이지,루즈
2352,재킷,하프,베이지,루즈
2353,재킷,하프,베이지,루즈
2354,재킷,롱,와인,노멀
2355,재킷,롱,와인,노멀
2356,재킷,롱,와인,노멀
2357,재킷,롱,와인,노멀
2358,재킷,롱,와인,노멀
2359,재킷,롱,와인,노멀
2360,재킷,롱,와인,노멀
2361,재킷,롱,와인,노멀
2362,재킷,롱,와인,노멀
2363,재킷,롱,와인,노멀
2364,재킷,롱,와인,노멀
2365,재킷,롱,와인,노멀
2366,재킷,롱,와인,노멀
2367,재킷,롱,와인,노멀
2368,재킷,롱,와인,노멀
2369,재킷,롱,와인,노멀
2370,재킷,롱,와인,노멀
2371,재킷,롱,와인,노멀
2372,재킷,롱,와인,노멀
2373,재킷,하프,베이지,노멀
2374,재킷,하프,베이지,노멀
2375,재킷,하프,베이지,노멀
2376,재킷,하프,베이지,노멀
2377,재킷,하프,베이지,노멀
2378,재킷,하프,베이지,노멀
2379,재킷,하프,베이지,노멀
2380,재킷,하프,베이지,노멀
2381,재킷,하프,베이지,노멀
2382,재킷,하프,베이지,노멀
2383,재킷,하프,베이지,노멀
2384,재킷,하프,베이지,노멀
2385,재킷,하프,베이지,노멀
2386,재킷,하프,베이지,노멀
2387,재킷,하프,베이지,노멀
2388,재킷,하프,베이지,노멀
2389,재킷,하프,베이지,노멀
2390,재킷,하프,베이지,노멀
2391,재킷,크롭,베이지,노멀
2392,재킷,크롭,베이지,노멀
2393,재킷,크롭,베이지,노멀
2394,재킷,크롭,베이지,노멀
2395,재킷,크롭,베이지,노멀
2396,재킷,롱,화이트,노멀
2397,재킷,롱,화이트,노멀
2398,재킷,롱,화이트,노멀
2399,재킷,하프,화이트,노멀
2400,재킷,롱,화이트,노멀
2401,재킷,하프,화이트,노멀
2402,재킷,하프,화이트,노멀
2403,재킷,롱,화이트,노멀
2404,재킷,하프,화이트,노멀
2405,재킷,롱,화이트,노멀
2406,재킷,하프,화이트,노멀
2407,재킷,롱,화이트,노멀
2408,재킷,하프,베이지,루즈
2409,재킷,하프,베이지,루즈
2410,재킷,하프,베이지,루즈
2411,재킷,하프,베이지,루즈
2412,재킷,하프,베이지,루즈
2413,재킷,하프,베이지,루즈
2414,재킷,하프,베이지,루즈
2415,재킷,하프,베이지,루즈
2416,재킷,하프,베이지,루즈
2417,재킷,하프,베이지,루즈
2418,재킷,하프,베이지,루즈
2419,재킷,하프,베이지,루즈
2420,재킷,하프,베이지,루즈
2421,재킷,하프,베이지,루즈
2422,재킷,하프,베이지,루즈
2423,재킷,하프,베이지,루즈
2424,재킷,하프,베이지,루즈
2425,재킷,하프,베이지,루즈
2426,재킷,하프,베이지,루즈
2427,재킷,하프,베이지,루즈
2428,재킷,하프,베이지,루즈
2429,재킷,하프,베이지,루즈
2430,재킷,하프,베이지,루즈
2431,재킷,하프,베이지,루즈
2432,재킷,하프,베이지,루즈
2433,재킷,하프,베이지,루즈
2434,재킷,하프,베이지,루즈
2435,재킷,하프,베이지,루즈
2436,재킷,하프,베이지,루즈
2437,재킷,하프,베이지,루즈
2438,재킷,하프,베이지,루즈
2439,재킷,하프,베이지,루즈
2440,재킷,하프,베이지,루즈
2441,재킷,하프,베이지,루즈
2442,재킷,하프,베이지,루즈
2443,재킷,하프,베이지,루즈
2444,재킷,하프,베이지,루즈
2445,재킷,하프,베이지,루즈
2446,재킷,하프,베이지,루즈
2447,재킷,하프,베이지,루즈
2448,재킷,하프,베이지,루즈
2449,재킷,노말,실버,루즈
2450,재킷,노말,실버,루즈
2451,재킷,노말,실버,루즈
2452,재킷,노말,실버,루즈
2453,재킷,노말,실버,루즈
2454,재킷,노말,실버,루즈
2455,재킷,노말,실버,루즈
2456,재킷,노말,실버,루즈
2457,재킷,노말,실버,루즈
2458,재킷,노말,실버,루즈
2459,재킷,노말,실버,루즈
2460,재킷,노말,실버,루즈
2461,재킷,노말,실버,루즈
2462,재킷,노말,실버,루즈
2463,재킷,노말,실버,루즈
2464,재킷,노말,실버,루즈
2465,재킷,노말,실버,루즈
2466,재킷,노말,실버,루즈
2467,재킷,노말,실버,루즈
2468,재킷,노말,실버,루즈
2469,재킷,노말,실버,루즈
2470,재킷,노말,실버,루즈
2471,재킷,노말,실버,루즈
2472,재킷,노말,실버,루즈
2492,재킷,하프,실버,루즈
2517,재킷,하프,베이지,루즈
2519,재킷,하프,베이지,루즈
2520,재킷,하프,베이지,루즈
2521,재킷,하프,베이지,루즈
2523,재킷,하프,베이지,루즈
2525,재킷,하프,베이지,루즈
2526,재킷,하프,베이지,루즈
2527,재킷,하프,베이지,루즈
2528,재킷,하프,베이지,루즈
2530,재킷,하프,베이지,루즈
2534,재킷,하프,베이지,루즈
2536,재킷,하프,베이지,루즈
2539,재킷,하프,베이지,루즈
2540,재킷,하프,베이지,루즈
2541,재킷,하프,베이지,루즈
2542,재킷,하프,베이지,루즈
2543,재킷,하프,베이지,루즈
2544,재킷,하프,베이지,루즈
2545,재킷,하프,베이지,루즈
2546,재킷,하프,베이지,루즈
2547,재킷,하프,베이지,루즈
2550,재킷,하프,베이지,루즈
2551,재킷,하프,베이지,루즈
2553,재킷,하프,베이지,루즈
2559,재킷,롱,브라운,오버사이즈
2562,재킷,하프,베이지,루즈
2563,재킷,하프,베이지,루즈
2564,재킷,하프,베이지,루즈
2565,재킷,하프,베이지,루즈
2566,재킷,하프,베이지,루즈
2569,재킷,하프,베이지,루즈
2570,재킷,하프,베이지,루즈
2572,재킷,롱,브라운,오버사이즈
2575,재킷,하프,베이지,루즈
2577,재킷,하프,베이지,루즈
2578,재킷,하프,베이지,루즈
2580,재킷,하프,베이지,루즈
2581,재킷,하프,베이지,루즈
2582,재킷,하프,베이지,루즈
2585,재킷,하프,베이지,루즈
2587,재킷,하프,베이지,루즈
2588,재킷,하프,베이지,루즈
2589,재킷,하프,베이지,루즈
2591,재킷,하프,베이지,루즈
2592,재킷,하프,베이지,루즈
2593,재킷,하프,베이지,루즈
2594,재킷,하프,베이지,루즈
2595,재킷,하프,베이지,루즈
2596,재킷,하프,베이지,루즈
2600,재킷,하프,베이지,루즈
2602,재킷,하프,베이지,루즈
2743,재킷,하프,블랙,노멀
2746,재킷,하프,블랙,노멀
2748,재킷,하프,블랙,노멀
2751,재킷,하프,블랙,노멀
2752,재킷,하프,블랙,노멀
2755,재킷,하프,블랙,노멀
2762,재킷,하프,블랙,노멀
2765,재킷,하프,블랙,노멀
2767,재킷,하프,그레이,노멀
2771,재킷,하프,블랙,노멀
2780,재킷,하프,그레이,노멀
2781,재킷,하프,그레이,노멀
2782,재킷,하프,그레이,노멀
2784,재킷,하프,그레이,노멀
2785,재킷,하프,블랙,노멀
2786,재킷,하프,그레이,노멀
2787,재킷,하프,그레이,노멀
2789,재킷,하프,블랙,노멀
2803,재킷,하프,블랙,노멀
2804,재킷,하프,블랙,노멀
2806,재킷,하프,블랙,노멀
2807,재킷,하프,블랙,노멀
2809,재킷,하프,블랙,노멀
2810,재킷,하프,블랙,노멀
2812,재킷,하프,블랙,노멀
2814,재킷,하프,블랙,노멀
2815,재킷,하프,블랙,노멀
2816,재킷,하프,블랙,노멀
2817,재킷,하프,블랙,노멀
2818,재킷,하프,베이지,노멀
2819,재킷,하프,베이지,노멀
2820,재킷,하프,베이지,노멀
2821,재킷,하프,베이지,노멀
2822,재킷,하프,베이지,노멀
2823,재킷,크롭,블랙,루즈
2824,재킷,하프,블랙,노멀
2825,재킷,하프,블랙,노멀
2826,재킷,크롭,블랙,루즈
2827,재킷,하프,블랙,노멀
2828,재킷,크롭,블랙,루즈
2829,재킷,크롭,블랙,루즈
2830,재킷,하프,블랙,루즈
2831,재킷,하프,블랙,루즈
2832,재킷,하프,블랙,루즈
2833,재킷,하프,블랙,루즈
2834,재킷,하프,블랙,루즈
2835,재킷,하프,블랙,루즈
2836,재킷,하프,블랙,루즈
2837,재킷,하프,블랙,루즈
2838,재킷,하프,블랙,루즈
2839,재킷,하프,블랙,루즈
2840,코트,롱,네이비,노멀
2841,코트,롱,네이비,노멀
2842,코트,롱,네이비,노멀
2843,코트,롱,네이비,노멀
2844,코트,롱,네이비,노멀
2845,코트,롱,네이비,노멀
2846,코트,롱,네이비,노멀
2847,재킷,하프,실버,노멀
2848,재킷,하프,그레이,노멀
2849,재킷,하프,그레이,노멀
2850,재킷,하프,그레이,노멀
2851,재킷,하프,그레이,노멀
2852,재킷,하프,그레이,노멀
2853,재킷,하프,실버,노멀
2854,재킷,하프,그레이,노멀
2855,재킷,하프,실버,노멀
2856,베스트,하프,네이비,노멀
2857,베스트,하프,네이비,노멀
2866,재킷,하프,블랙,루즈
2872,재킷,하프,블랙,루즈
2873,재킷,하프,블랙,루즈
2875,재킷,하프,블랙,루즈
2882,재킷,하프,블랙,루즈
2884,재킷,하프,블랙,루즈
2885,재킷,하프,블랙,루즈
2888,재킷,하프,블랙,루즈
2889,재킷,하프,블랙,루즈
2890,재킷,하프,블랙,루즈
2891,재킷,하프,블랙,루즈
2892,재킷,하프,블랙,루즈
2893,재킷,하프,블랙,루즈
2894,재킷,하프,블랙,루즈
2895,재킷,하프,블랙,루즈
2896,재킷,하프,블랙,루즈
2897,재킷,롱,네이비,오버사이즈
2898,재킷,롱,네이비,오버사이즈
2899,재킷,롱,네이비,오버사이즈
2900,재킷,롱,네이비,오버사이즈
2901,재킷,롱,네이비,오버사이즈
2902,재킷,롱,네이비,오버사이즈
2903,재킷,롱,네이비,오버사이즈
2904,재킷,롱,네이비,오버사이즈
2905,재킷,롱,네이비,오버사이즈
2906,재킷,롱,네이비,오버사이즈
2907,재킷,롱,네이비,오버사이즈
2908,재킷,롱,네이비,오버사이즈
2909,재킷,롱,네이비,오버사이즈
2910,재킷,롱,네이비,오버사이즈
2911,재킷,롱,네이비,오버사이즈
2912,재킷,롱,네이비,오버사이즈
2913,재킷,롱,네이비,오버사이즈
2943,재킷,롱,베이지,오버사이즈
2944,재킷,롱,베이지,오버사이즈
2945,재킷,하프,베이지,오버사이즈
2946,재킷,하프,베이지,오버사이즈
2947,재킷,롱,베이지,오버사이즈
2948,재킷,하프,베이지,오버사이즈
2949,재킷,롱,베이지,오버사이즈
2951,재킷,롱,베이지,오버사이즈
2952,재킷,하프,베이지,루즈
2953,재킷,하프,베이지,오버사이즈
2954,재킷,롱,그레이,오버사이즈
2955,재킷,롱,베이지,오버사이즈
2957,재킷,롱,그레이,오버사이즈
2958,재킷,하프,베이지,루즈
2959,재킷,롱,카키,오버사이즈
3000,재킷,하프,그레이,루즈
3001,재킷,하프,레드,루즈
3002,재킷,하프,그레이,루즈
3003,재킷,하프,그레이,루즈
3004,재킷,하프,그레이,루즈
3005,재킷,하프,그레이,루즈
3006,재킷,하프,그레이,루즈
3007,재킷,하프,그레이,루즈
3008,재킷,하프,그레이,루즈
3009,재킷,하프,블랙,루즈
3010,재킷,하프,블랙,루즈
3011,재킷,하프,블랙,루즈
3012,재킷,하프,블랙,루즈
3013,재킷,하프,블랙,루즈
3014,재킷,하프,블랙,루즈
3015,재킷,하프,블랙,루즈
3016,재킷,하프,블랙,루즈
3017,재킷,하프,블랙,루즈
3018,재킷,하프,블랙,루즈
3019,재킷,하프,블랙,루즈
3020,재킷,하프,블랙,루즈
3021,재킷,하프,블랙,루즈
3022,재킷,하프,블랙,루즈
3023,재킷,하프,블랙,루즈
3024,재킷,하프,블랙,루즈
3025,재킷,하프,블랙,루즈
3026,재킷,하프,블랙,루즈
3027,재킷,하프,블랙,루즈
3028,재킷,하프,블랙,루즈
3053,재킷,노말,카키,루즈
3054,재킷,노말,카키,루즈
3055,재킷,노말,카키,루즈
3056,재킷,노말,카키,루즈
3057,재킷,노말,카키,루즈
3058,재킷,노말,카키,루즈
3059,재킷,노말,카키,루즈
3061,재킷,노말,카키,루즈
3062,재킷,노말,카키,루즈
3063,재킷,노말,카키,루즈
3064,재킷,노말,카키,루즈
3065,재킷,노말,카키,루즈
3066,재킷,노말,카키,루즈
3067,재킷,노말,카키,루즈
3068,재킷,노말,카키,루즈
3069,재킷,노말,카키,루즈
3070,재킷,노말,베이지,루즈
3071,재킷,하프,카키,루즈
3072,재킷,하프,카키,루즈
3073,재킷,하프,카키,루즈
3074,재킷,하프,카키,루즈
3075,재킷,하프,카키,루즈
3123,재킷,하프,브라운,루즈
3124,재킷,하프,브라운,루즈
3125,재킷,하프,브라운,루즈
3126,재킷,하프,브라운,루즈
3127,재킷,하프,브라운,루즈
3128,재킷,하프,브라운,루즈
3129,재킷,하프,브라운,루즈
3130,재킷,하프,브라운,루즈
3131,재킷,하프,브라운,루즈
3132,재킷,하프,브라운,루즈
3133,재킷,하프,브라운,루즈
3134,재킷,하프,브라운,루즈
3324,재킷,하프,실버,루즈
3325,재킷,하프,실버,루즈
3326,재킷,하프,,루즈
3329,재킷,하프,실버,루즈
3330,재킷,하프,실버,루즈
3331,재킷,하프,실버,루즈
3333,재킷,하프,실버,루즈
3334,재킷,하프,실버,루즈
3335,재킷,하프,실버,루즈
3336,재킷,하프,실버,루즈
3338,재킷,하프,실버,루즈
3339,재킷,하프,실버,루즈
3340,재킷,하프,실버,루즈
3341,재킷,하프,실버,루즈
3342,재킷,하프,실버,루즈
3343,재킷,하프,실버,루즈
3344,재킷,하프,실버,루즈
3345,재킷,하프,,루즈
3346,재킷,하프,라벤더,루즈
3347,재킷,하프,실버,루즈
3350,재킷,하프,실버,루즈
3351,재킷,하프,실버,루즈
3352,재킷,하프,실버,루즈
3353,재킷,하프,실버,루즈
3354,재킷,하프,실버,루즈
3355,재킷,하프,실버,루즈
3448,재킷,하프,실버,루즈
3449,재킷,하프,그레이,루즈
3450,재킷,하프,그레이,루즈
3451,재킷,하프,그레이,루즈
3452,재킷,하프,실버,루즈
3453,재킷,하프,그레이,루즈
3454,재킷,하프,그레이,루즈
3455,재킷,하프,실버,루즈
3456,재킷,하프,그레이,루즈
3457,재킷,하프,그레이,루즈
3458,재킷,하프,그레이,루즈
3460,재킷,하프,그레이,루즈
3461,재킷,하프,그레이,루즈
3462,재킷,하프,그레이,루즈
3463,재킷,하프,그레이,루즈
3464,재킷,하프,그레이,루즈
3466,재킷,하프,실버,루즈
3467,재킷,하프,실버,루즈
3468,재킷,하프,그레이,루즈
3469,재킷,하프,그레이,루즈
3470,재킷,하프,그레이,루즈
3471,재킷,하프,그레이,루즈
3472,재킷,하프,그레이,루즈
3473,재킷,하프,그레이,루즈
3474,재킷,하프,그레이,루즈
3475,재킷,하프,그레이,루즈
3476,재킷,하프,실버,루즈
3477,재킷,하프,실버,루즈
3478,재킷,하프,그레이,루즈
3480,재킷,하프,실버,루즈
3481,재킷,하프,실버,루즈
3483,재킷,하프,실버,루즈
3484,재킷,하프,실버,루즈
3485,재킷,하프,그레이,루즈
3486,재킷,하프,그레이,루즈
3487,재킷,하프,그레이,루즈
3488,재킷,하프,그레이,루즈
3489,재킷,하프,그레이,루즈
3490,재킷,하프,그레이,루즈
3491,재킷,하프,그레이,루즈
3492,재킷,하프,그레이,루즈
3493,재킷,하프,그레이,루즈
3494,재킷,하프,그레이,루즈
3495,재킷,하프,그레이,루즈
3496,재킷,하프,그레이,루즈
3497,재킷,하프,그레이,루즈
3498,재킷,하프,그레이,루즈
3499,재킷,하프,그레이,루즈
3500,재킷,하프,그레이,루즈
3501,재킷,하프,그레이,루즈
3502,재킷,하프,그레이,루즈
3503,재킷,하프,그레이,루즈
3504,재킷,하프,그레이,루즈
3528,재킷,하프,네이비,루즈
3529,재킷,하프,네이비,루즈
3530,재킷,하프,네이비,루즈
3531,재킷,하프,네이비,루즈
3532,재킷,하프,네이비,루즈
3533,재킷,하프,네이비,루즈
3534,재킷,하프,네이비,루즈
3535,가디건,하프,화이트,노멀
3536,가디건,하프,화이트,노멀
3537,가디건,하프,화이트,노멀
3538,가디건,하프,화이트,노멀
3539,가디건,하프,화이트,노멀
3540,가디건,하프,화이트,노멀
3541,가디건,하프,화이트,노멀
3542,가디건,하프,화이트,노멀
3543,가디건,하프,화이트,노멀
3544,가디건,하프,화이트,노멀
3545,가디건,하프,화이트,노멀
3547,가디건,하프,화이트,노멀
3548,가디건,하프,화이트,노멀
3549,가디건,하프,화이트,노멀
3550,가디건,하프,화이트,노멀
3551,재킷,하프,그레이,루즈
3552,재킷,하프,그레이,루즈
3553,재킷,하프,그레이,루즈
3554,재킷,하프,그레이,루즈
3555,재킷,하프,그레이,루즈
3556,재킷,하프,그레이,루즈
3557,재킷,하프,그레이,루즈
3558,재킷,하프,그레이,루즈
3559,재킷,하프,그레이,루즈
3560,재킷,하프,그레이,루즈
3561,재킷,하프,그레이,루즈
3562,재킷,하프,그레이,루즈
3563,재킷,하프,그레이,루즈
3564,재킷,하프,그레이,루즈
3565,점퍼,하프,블랙,노멀
3566,점퍼,하프,블랙,노멀
3567,점퍼,하프,블랙,노멀
3568,점퍼,하프,블랙,노멀
3569,점퍼,하프,블랙,노멀
3570,점퍼,하프,블랙,노멀
3571,점퍼,하프,블랙,노멀
3572,점퍼,하프,블랙,노멀
3573,점퍼,하프,블랙,노멀
3574,점퍼,하프,블랙,노멀
3575,재킷,하프,블랙,루즈
3576,재킷,하프,블랙,루즈
3577,재킷,하프,블랙,루즈
3578,재킷,하프,블랙,루즈
3618,재킷,하프,베이지,노멀
3620,재킷,하프,베이지,노멀
3622,재킷,하프,베이지,노멀
3625,재킷,하프,베이지,노멀
3626,재킷,하프,베이지,노멀
3628,재킷,하프,베이지,노멀
3629,재킷,하프,베이지,노멀
3630,재킷,하프,베이지,노멀
3637,재킷,하프,베이지,노멀
3642,재킷,하프,베이지,노멀
3644,재킷,하프,베이지,노멀
3649,재킷,하프,베이지,노멀
3650,재킷,하프,베이지,노멀
3664,코트,롱,그레이,루즈
3665,재킷,노말,그레이,노멀
3666,코트,롱,그레이,루즈
3667,코트,롱,그레이,루즈
3668,재킷,노말,그레이,루즈
3669,코트,롱,그레이,루즈
3670,재킷,노말,그레이,오버사이즈
3671,코트,롱,베이지,루즈
3672,재킷,노말,그레이,오버사이즈
3673,재킷,노말,그레이,오버사이즈
3674,재킷,노말,그레이,노멀
3675,재킷,노말,그레이,오버사이즈
3676,재킷,노말,그레이,오버사이즈
3677,재킷,노말,그레이,오버사이즈
3678,재킷,노말,그레이,노멀
3679,재킷,노말,그레이,루즈
3680,재킷,노말,그레이,노멀
3681,재킷,노말,그레이,노멀
3682,재킷,노말,그레이,오버사이즈
3683,재킷,노말,그레이,오버사이즈
3684,재킷,노말,그레이,오버사이즈
3685,재킷,노말,그레이,오버사이즈
3686,재킷,노말,그레이,루즈
3687,재킷,노말,그레이,루즈
3688,재킷,노말,그레이,노멀
3738,재킷,하프,베이지,노멀
3739,재킷,하프,베이지,노멀
3740,재킷,하프,베이지,노멀
3741,재킷,하프,베이지,노멀
3742,재킷,하프,베이지,노멀
3743,재킷,하프,베이지,노멀
3744,재킷,하프,베이지,노멀
3745,재킷,하프,베이지,노멀
3746,재킷,하프,베이지,노멀
3747,재킷,하프,베이지,노멀
3748,재킷,하프,베이지,노멀
3749,재킷,하프,베이지,노멀
3750,재킷,하프,베이지,노멀
3751,재킷,하프,베이지,노멀
3752,재킷,하프,베이지,노멀
3753,재킷,하프,베이지,노멀
3754,재킷,하프,베이지,노멀
3755,재킷,하프,베이지,노멀
3756,재킷,하프,베이지,노멀
3757,재킷,하프,베이지,노멀
3758,재킷,하프,베이지,노멀
3759,재킷,하프,베이지,노멀
3760,재킷,하프,베이지,노멀
3761,재킷,하프,베이지,노멀
3762,재킷,하프,베이지,노멀
3763,재킷,하프,베이지,노멀
3764,코트,롱,블랙,루즈
3765,코트,롱,그레이,노멀
3766,코트,롱,그레이,노멀
3767,코트,롱,그레이,노멀
3768,코트,롱,그레이,노멀
3769,코트,롱,그레이,노멀
3770,코트,롱,그레이,노멀
3771,코트,롱,그레이,노멀
3772,코트,롱,그레이,노멀
3773,코트,롱,그레이,노멀
3774,코트,롱,그레이,노멀
3775,코트,롱,그레이,노멀
3776,코트,롱,그레이,노멀
3777,코트,롱,그레이,노멀
3778,코트,롱,그레이,노멀
3779,코트,롱,그레이,노멀
3780,코트,롱,그레이,노멀
3781,코트,롱,그레이,노멀
3782,코트,롱,그레이,노멀
3783,코트,롱,그레이,노멀
3784,코트,롱,그레이,노멀
3785,코트,롱,그레이,노멀
3786,코트,롱,그레이,노멀
3787,코트,롱,그레이,노멀
3788,코트,롱,그레이,노멀
3789,코트,롱,그레이,노멀
3790,코트,롱,그레이,노멀
3791,코트,롱,그레이,노멀
3792,코트,롱,그레이,노멀
3793,코트,롱,그레이,노멀
3794,코트,롱,그레이,노멀
3795,코트,롱,그레이,노멀
3796,코트,롱,그레이,노멀
3797,코트,롱,그레이,노멀
3798,코트,롱,그레이,노멀
3799,코트,롱,그레이,노멀
3800,코트,롱,그레이,노멀
3801,코트,롱,그레이,노멀
3802,코트,롱,그레이,노멀
3803,코트,롱,그레이,노멀
3804,코트,롱,그레이,노멀
3805,코트,롱,그레이,노멀
3806,코트,롱,그레이,노멀
3807,코트,롱,그레이,노멀
3808,코트,롱,그레이,노멀
3809,코트,롱,그레이,노멀
3810,코트,롱,그레이,노멀
3811,코트,롱,그레이,노멀
3812,코트,롱,그레이,노멀
3813,코트,롱,그레이,노멀
3814,코트,롱,그레이,노멀
3815,코트,롱,그레이,노멀
3816,코트,롱,그레이,루즈
3817,재킷,하프,브라운,노멀
3818,코트,롱,그레이,루즈
3819,코트,롱,그레이,루즈
3820,재킷,하프,브라운,노멀
3821,재킷,하프,브라운,노멀
3822,재킷,하프,브라운,노멀
3823,코트,롱,그레이,루즈
3824,재킷,하프,브라운,노멀
3825,재킷,하프,브라운,노멀
3826,코트,롱,그레이,루즈
3827,코트,롱,그레이,루즈
3828,코트,롱,그레이,루즈
3829,재킷,하프,브라운,노멀
3830,코트,롱,그레이,루즈
3831,코트,롱,그레이,루즈
3832,코트,롱,그레이,루즈
3833,코트,하프,블랙,오버사이즈
3834,코트,롱,그레이,루즈
3835,코트,롱,그레이,루즈
3836,코트,롱,그레이,루즈
3837,코트,롱,그레이,루즈
3838,코트,롱,그레이,루즈
3839,코트,롱,그레이,루즈
3840,코트,하프,블랙,오버사이즈
3841,코트,롱,그레이,루즈
3842,코트,롱,그레이,루즈
3843,코트,롱,그레이,루즈
3844,코트,롱,그레이,루즈
3845,코트,롱,그레이,루즈
3846,코트,하프,블랙,루즈
3847,코트,롱,그레이,루즈
3848,코트,롱,브라운,오버사이즈
3849,코트,롱,브라운,오버사이즈
3850,코트,롱,브라운,오버사이즈
3851,코트,롱,브라운,오버사이즈
3852,코트,롱,브라운,오버사이즈
3853,코트,롱,브라운,오버사이즈
3854,코트,롱,블랙,노멀
3855,코트,하프,블랙,오버사이즈
3856,코트,하프,블랙,오버사이즈
3857,코트,롱,블랙,노멀
3858,코트,하프,블랙,오버사이즈
3859,코트,롱,블랙,노멀
3860,코트,롱,블랙,노멀
3861,코트,롱,블랙,노멀
3862,코트,하프,블랙,오버사이즈
3863,코트,롱,블랙,노멀
3864,코트,롱,블랙,노멀
3865,코트,롱,브라운,오버사이즈
3866,코트,하프,블랙,오버사이즈
3867,코트,롱,블랙,노멀
3868,코트,하프,블랙,오버사이즈
3869,코트,하프,블랙,오버사이즈
3870,코트,롱,브라운,오버사이즈
3871,코트,하프,블랙,오버사이즈
3872,코트,하프,블랙,오버사이즈
3873,코트,롱,그레이,오버사이즈
3907,베스트,하프,베이지,노멀
3908,베스트,하프,베이지,노멀
3909,베스트,하프,베이지,노멀
3910,베스트,하프,베이지,노멀
3911,베스트,하프,베이지,노멀
3912,베스트,하프,베이지,노멀
3913,베스트,하프,베이지,노멀
3914,베스트,하프,베이지,노멀
3915,베스트,하프,베이지,노멀
3916,베스트,하프,베이지,노멀
3917,베스트,하프,베이지,노멀
3918,베스트,하프,베이지,노멀
3919,베스트,하프,베이지,노멀
3938,가디건,크롭,베이지,노멀
3939,가디건,크롭,,노멀
3940,가디건,크롭,베이지,노멀
3941,가디건,크롭,,노멀
3942,가디건,크롭,베이지,노멀
3943,가디건,크롭,베이지,노멀
3944,가디건,크롭,베이지,노멀
3945,가디건,크롭,베이지,노멀
3946,가디건,크롭,,노멀
3947,가디건,크롭,,노멀
3948,가디건,크롭,,노멀
3949,가디건,크롭,베이지,노멀
3950,가디건,크롭,베이지,노멀
3951,가디건,크롭,베이지,노멀
3952,가디건,크롭,,노멀
3953,가디건,크롭,,노멀
3954,가디건,크롭,베이지,노멀
3955,가디건,크롭,,노멀
3956,가디건,크롭,,노멀
3967,가디건,크롭,,노멀
3970,가디건,크롭,,노멀
3971,가디건,크롭,,노멀
4000,코트,롱,베이지,루즈
4001,재킷,롱,,오버사이즈
4002,재킷,롱,,오버사이즈
4005,코트,롱,블랙,오버사이즈
4012,코트,롱,블랙,오버사이즈
4016,코트,롱,블랙,오버사이즈
4017,재킷,하프,블랙,루즈
4018,재킷,하프,블랙,루즈
4019,재킷,하프,블랙,루즈
4020,재킷,하프,블랙,루즈
4021,재킷,하프,네이비,오버사이즈
4022,재킷,하프,블랙,루즈
4023,재킷,하프,네이비,오버사이즈
4024,재킷,하프,블랙,루즈
4025,재킷,하프,블랙,루즈
4026,재킷,하프,블랙,루즈
4027,재킷,하프,블랙,루즈
4028,재킷,하프,블랙,루즈
4029,재킷,하프,네이비,오버사이즈
0,0,0,0,0
0,0,0,0,0
0,0,0,0,0
0,0,0,0,0
0,0,0,0,0
0,0,0,0,0
0,0,0,0,0
0,0,0,0,0
0,0,0,0,0
0,0,0,0,0
0,0,0,0,0
0,0,0,0,0
0,0,0,0,0
0,0,0,0,0
0,0,0,0,0
0,0,0,0,0
0,0,0,0,0
0,0,0,0,0
0,0,0,0,0
0,0,0,0,0
0,0,0,0,0
0,0,0,0,0
0,0,0,0,0
0,0,0,0,0
0,0,0,0,0
0,0,0,0,0
0,0,0,0,0
0,0,0,0,0
0,0,0,0,0
0,0,0,0,0
0,0,0,0,0
0,0,0,0,0
0,0,0,0,0
0,0,0,0,0
0,0,0,0,0
0,0,0,0,0
0,0,0,0,0
0,0,0,0,0
0,0,0,0,0
0,0,0,0,0
0,0,0,0,0
0,0,0,0,0
0,0,0,0,0
0,0,0,0,0
0,0,0,0,0
0,0,0,0,0
0,0,0,0,0
0,0,0,0,0
0,0,0,0,0
0,0,0,0,0
0,0,0,0,0
0,0,0,0,0
0,0,0,0,0
0,0,0,0,0
0,0,0,0,0
0,0,0,0,0
0,0,0,0,0
0,0,0,0,0
0,0,0,0,0
0,0,0,0,0
0,0,0,0,0
0,0,0,0,0
0,0,0,0,0
0,0,0,0,0
0,0,0,0,0
0,0,0,0,0
0,0,0,0,0
0,0,0,0,0
0,0,0,0,0
0,0,0,0,0
0,0,0,0,0
0,0,0,0,0
0,0,0,0,0
0,0,0,0,0
0,0,0,0,0
0,0,0,0,0
0,0,0,0,0
0,0,0,0,0
0,0,0,0,0
0,0,0,0,0
0,0,0,0,0
0,0,0,0,0
0,0,0,0,0
0,0,0,0,0
0,0,0,0,0
0,0,0,0,0
0,0,0,0,0
0,0,0,0,0
0,0,0,0,0
0,0,0,0,0
0,0,0,0,0
0,0,0,0,0
0,0,0,0,0
0,0,0,0,0
0,0,0,0,0
0,0,0,0,0
0,0,0,0,0
0,0,0,0,0
0,0,0,0,0
0,0,0,0,0
0,0,0,0,0
0,0,0,0,0
0,0,0,0,0
0,0,0,0,0
0,0,0,0,0
0,0,0,0,0
0,0,0,0,0
0,0,0,0,0
0,0,0,0,0
0,0,0,0,0
0,0,0,0,0
0,0,0,0,0
0,0,0,0,0
0,0,0,0,0
0,0,0,0,0
0,0,0,0,0
0,0,0,0,0
0,0,0,0,0
0,0,0,0,0
0,0,0,0,0
0,0,0,0,0
0,0,0,0,0
0,0,0,0,0
0,0,0,0,0
0,0,0,0,0
0,0,0,0,0
0,0,0,0,0
0,0,0,0,0
0,0,0,0,0
0,0,0,0,0
0,0,0,0,0
0,0,0,0,0
0,0,0,0,0
0,0,0,0,0
0,0,0,0,0
0,0,0,0,0
0,0,0,0,0
0,0,0,0,0
0,0,0,0,0
0,0,0,0,0
0,0,0,0,0
0,0,0,0,0
0,0,0,0,0
0,0,0,0,0
0,0,0,0,0
0,0,0,0,0
0,0,0,0,0
0,0,0,0,0
0,0,0,0,0
0,0,0,0,0
0,0,0,0,0
0,0,0,0,0
0,0,0,0,0
0,0,0,0,0
0,0,0,0,0
0,0,0,0,0
0,0,0,0,0
0,0,0,0,0
0,0,0,0,0
0,0,0,0,0
0,0,0,0,0
0,0,0,0,0
0,0,0,0,0
0,0,0,0,0
0,0,0,0,0
0,0,0,0,0
0,0,0,0,0
0,0,0,0,0
0,0,0,0,0
0,0,0,0,0
0,0,0,0,0
0,0,0,0,0
0,0,0,0,0
0,0,0,0,0
0,0,0,0,0
0,0,0,0,0
0,0,0,0,0
0,0,0,0,0
0,0,0,0,0
0,0,0,0,0
0,0,0,0,0
0,0,0,0,0
0,0,0,0,0
0,0,0,0,0
0,0,0,0,0
0,0,0,0,0
0,0,0,0,0
0,0,0,0,0
0,0,0,0,0
0,0,0,0,0
0,0,0,0,0
0,0,0,0,0
0,0,0,0,0
0,0,0,0,0
0,0,0,0,0
0,0,0,0,0
0,0,0,0,0
0,0,0,0,0
0,0,0,0,0
0,0,0,0,0
0,0,0,0,0
0,0,0,0,0
0,0,0,0,0
0,0,0,0,0
0,0,0,0,0
0,0,0,0,0
0,0,0,0,0
0,0,0,0,0
0,0,0,0,0
0,0,0,0,0
0,0,0,0,0
0,0,0,0,0
0,0,0,0,0
0,0,0,0,0
0,0,0,0,0
0,0,0,0,0
0,0,0,0,0
0,0,0,0,0
0,0,0,0,0
0,0,0,0,0
0,0,0,0,0
0,0,0,0,0
0,0,0,0,0
0,0,0,0,0
0,0,0,0,0
0,0,0,0,0
0,0,0,0,0
0,0,0,0,0
0,0,0,0,0
0,0,0,0,0
0,0,0,0,0
0,0,0,0,0
0,0,0,0,0
0,0,0,0,0
0,0,0,0,0
0,0,0,0,0
0,0,0,0,0
0,0,0,0,0
0,0,0,0,0
0,0,0,0,0
0,0,0,0,0
0,0,0,0,0
0,0,0,0,0
0,0,0,0,0
0,0,0,0,0
0,0,0,0,0
0,0,0,0,0
0,0,0,0,0
0,0,0,0,0
0,0,0,0,0
0,0,0,0,0
0,0,0,0,0
0,0,0,0,0
0,0,0,0,0
0,0,0,0,0
0,0,0,0,0
0,0,0,0,0
0,0,0,0,0
0,0,0,0,0
0,0,0,0,0
0,0,0,0,0
0,0,0,0,0
0,0,0,0,0
0,0,0,0,0
0,0,0,0,0
0,0,0,0,0
0,0,0,0,0
0,0,0,0,0
0,0,0,0,0
0,0,0,0,0
0,0,0,0,0
0,0,0,0,0
0,0,0,0,0
0,0,0,0,0
0,0,0,0,0
0,0,0,0,0
0,0,0,0,0
0,0,0,0,0
0,0,0,0,0
0,0,0,0,0
0,0,0,0,0
0,0,0,0,0
0,0,0,0,0
0,0,0,0,0
0,0,0,0,0
0,0,0,0,0
0,0,0,0,0
0,0,0,0,0
0,0,0,0,0
0,0,0,0,0
0,0,0,0,0
0,0,0,0,0
0,0,0,0,0
0,0,0,0,0
0,0,0,0,0
0,0,0,0,0
0,0,0,0,0
0,0,0,0,0
0,0,0,0,0
0,0,0,0,0
0,0,0,0,0
0,0,0,0,0
0,0,0,0,0
0,0,0,0,0
0,0,0,0,0
0,0,0,0,0
0,0,0,0,0
0,0,0,0,0
0,0,0,0,0
0,0,0,0,0
0,0,0,0,0
0,0,0,0,0
0,0,0,0,0
0,0,0,0,0
0,0,0,0,0
0,0,0,0,0
0,0,0,0,0
0,0,0,0,0
0,0,0,0,0
0,0,0,0,0
0,0,0,0,0
0,0,0,0,0
0,0,0,0,0
0,0,0,0,0
0,0,0,0,0
0,0,0,0,0
0,0,0,0,0
0,0,0,0,0
0,0,0,0,0
0,0,0,0,0
0,0,0,0,0
0,0,0,0,0
0,0,0,0,0
0,0,0,0,0
0,0,0,0,0
0,0,0,0,0
0,0,0,0,0
0,0,0,0,0
0,0,0,0,0
0,0,0,0,0
0,0,0,0,0
0,0,0,0,0
0,0,0,0,0
0,0,0,0,0
0,0,0,0,0
0,0,0,0,0
0,0,0,0,0
0,0,0,0,0
0,0,0,0,0
0,0,0,0,0
0,0,0,0,0
0,0,0,0,0
0,0,0,0,0
0,0,0,0,0
0,0,0,0,0
0,0,0,0,0
0,0,0,0,0
0,0,0,0,0
0,0,0,0,0
0,0,0,0,0
0,0,0,0,0
0,0,0,0,0
0,0,0,0,0
0,0,0,0,0
0,0,0,0,0
0,0,0,0,0
0,0,0,0,0
0,0,0,0,0
0,0,0,0,0
0,0,0,0,0
0,0,0,0,0
0,0,0,0,0
0,0,0,0,0
0,0,0,0,0
0,0,0,0,0
0,0,0,0,0
0,0,0,0,0
0,0,0,0,0
0,0,0,0,0
0,0,0,0,0
0,0,0,0,0
0,0,0,0,0
0,0,0,0,0
0,0,0,0,0
0,0,0,0,0
0,0,0,0,0
0,0,0,0,0
0,0,0,0,0
0,0,0,0,0
0,0,0,0,0
0,0,0,0,0
0,0,0,0,0
0,0,0,0,0
0,0,0,0,0
0,0,0,0,0
0,0,0,0,0
0,0,0,0,0
0,0,0,0,0
0,0,0,0,0
0,0,0,0,0
0,0,0,0,0
0,0,0,0,0
0,0,0,0,0
0,0,0,0,0
0,0,0,0,0
0,0,0,0,0
0,0,0,0,0
0,0,0,0,0
0,0,0,0,0
0,0,0,0,0
0,0,0,0,0
0,0,0,0,0
0,0,0,0,0
0,0,0,0,0
0,0,0,0,0
0,0,0,0,0
0,0,0,0,0
0,0,0,0,0
0,0,0,0,0
0,0,0,0,0
0,0,0,0,0
0,0,0,0,0
0,0,0,0,0
0,0,0,0,0
0,0,0,0,0
0,0,0,0,0
0,0,0,0,0
0,0,0,0,0
0,0,0,0,0
0,0,0,0,0
0,0,0,0,0
0,0,0,0,0
0,0,0,0,0
0,0,0,0,0
0,0,0,0,0
0,0,0,0,0
0,0,0,0,0
0,0,0,0,0
0,0,0,0,0
0,0,0,0,0
0,0,0,0,0
0,0,0,0,0
0,0,0,0,0
0,0,0,0,0
0,0,0,0,0
0,0,0,0,0
0,0,0,0,0
0,0,0,0,0
0,0,0,0,0
0,0,0,0,0
0,0,0,0,0
0,0,0,0,0
0,0,0,0,0
0,0,0,0,0
0,0,0,0,0
0,0,0,0,0
0,0,0,0,0
0,0,0,0,0
0,0,0,0,0
0,0,0,0,0
0,0,0,0,0
0,0,0,0,0
0,0,0,0,0
0,0,0,0,0
0,0,0,0,0
0,0,0,0,0
0,0,0,0,0
0,0,0,0,0
0,0,0,0,0
0,0,0,0,0
0,0,0,0,0
0,0,0,0,0
0,0,0,0,0
0,0,0,0,0
0,0,0,0,0
0,0,0,0,0
0,0,0,0,0
0,0,0,0,0
0,0,0,0,0
0,0,0,0,0
0,0,0,0,0
0,0,0,0,0
0,0,0,0,0
0,0,0,0,0
0,0,0,0,0
0,0,0,0,0
0,0,0,0,0
0,0,0,0,0
0,0,0,0,0
0,0,0,0,0
0,0,0,0,0
0,0,0,0,0
0,0,0,0,0
0,0,0,0,0
0,0,0,0,0
0,0,0,0,0
0,0,0,0,0
0,0,0,0,0
0,0,0,0,0
0,0,0,0,0
0,0,0,0,0
0,0,0,0,0
0,0,0,0,0
0,0,0,0,0
0,0,0,0,0
0,0,0,0,0
0,0,0,0,0
0,0,0,0,0
0,0,0,0,0
0,0,0,0,0
0,0,0,0,0
0,0,0,0,0
0,0,0,0,0
0,0,0,0,0
0,0,0,0,0
0,0,0,0,0
0,0,0,0,0
0,0,0,0,0
0,0,0,0,0
0,0,0,0,0
0,0,0,0,0
0,0,0,0,0
0,0,0,0,0
0,0,0,0,0
0,0,0,0,0
0,0,0,0,0
0,0,0,0,0
0,0,0,0,0
0,0,0,0,0
0,0,0,0,0
0,0,0,0,0
0,0,0,0,0
0,0,0,0,0
0,0,0,0,0
0,0,0,0,0
0,0,0,0,0
0,0,0,0,0
0,0,0,0,0
0,0,0,0,0
0,0,0,0,0
0,0,0,0,0
0,0,0,0,0
0,0,0,0,0
0,0,0,0,0
0,0,0,0,0
0,0,0,0,0
0,0,0,0,0
0,0,0,0,0
0,0,0,0,0
0,0,0,0,0
0,0,0,0,0
0,0,0,0,0
0,0,0,0,0
0,0,0,0,0
0,0,0,0,0
0,0,0,0,0
0,0,0,0,0
0,0,0,0,0
0,0,0,0,0
0,0,0,0,0
0,0,0,0,0
0,0,0,0,0
0,0,0,0,0
0,0,0,0,0
0,0,0,0,0
0,0,0,0,0
0,0,0,0,0
0,0,0,0,0
0,0,0,0,0
0,0,0,0,0
0,0,0,0,0
0,0,0,0,0
0,0,0,0,0
0,0,0,0,0
0,0,0,0,0
0,0,0,0,0
0,0,0,0,0
0,0,0,0,0
0,0,0,0,0
0,0,0,0,0
0,0,0,0,0
0,0,0,0,0
0,0,0,0,0
0,0,0,0,0
0,0,0,0,0
0,0,0,0,0
0,0,0,0,0
0,0,0,0,0
0,0,0,0,0
0,0,0,0,0
0,0,0,0,0
0,0,0,0,0
0,0,0,0,0
0,0,0,0,0
0,0,0,0,0
0,0,0,0,0
0,0,0,0,0
0,0,0,0,0
0,0,0,0,0
0,0,0,0,0
0,0,0,0,0
0,0,0,0,0
0,0,0,0,0
0,0,0,0,0
0,0,0,0,0
0,0,0,0,0
0,0,0,0,0
0,0,0,0,0
0,0,0,0,0
0,0,0,0,0
0,0,0,0,0
0,0,0,0,0
0,0,0,0,0
0,0,0,0,0
0,0,0,0,0
0,0,0,0,0
0,0,0,0,0
0,0,0,0,0
0,0,0,0,0
0,0,0,0,0
0,0,0,0,0
0,0,0,0,0
0,0,0,0,0
0,0,0,0,0
0,0,0,0,0
0,0,0,0,0
0,0,0,0,0
0,0,0,0,0
0,0,0,0,0
0,0,0,0,0
0,0,0,0,0
0,0,0,0,0
0,0,0,0,0
0,0,0,0,0
0,0,0,0,0
0,0,0,0,0
0,0,0,0,0
0,0,0,0,0
0,0,0,0,0
0,0,0,0,0
0,0,0,0,0
0,0,0,0,0
0,0,0,0,0
0,0,0,0,0
0,0,0,0,0
0,0,0,0,0
0,0,0,0,0
0,0,0,0,0
0,0,0,0,0
0,0,0,0,0
0,0,0,0,0
0,0,0,0,0
0,0,0,0,0
0,0,0,0,0
0,0,0,0,0
0,0,0,0,0
0,0,0,0,0
0,0,0,0,0
0,0,0,0,0
0,0,0,0,0
0,0,0,0,0
0,0,0,0,0
0,0,0,0,0
0,0,0,0,0
0,0,0,0,0
0,0,0,0,0
0,0,0,0,0
0,0,0,0,0
0,0,0,0,0
0,0,0,0,0
0,0,0,0,0
0,0,0,0,0
0,0,0,0,0
0,0,0,0,0
0,0,0,0,0
0,0,0,0,0
0,0,0,0,0
0,0,0,0,0
0,0,0,0,0
0,0,0,0,0
0,0,0,0,0
0,0,0,0,0
0,0,0,0,0
0,0,0,0,0
0,0,0,0,0
0,0,0,0,0
0,0,0,0,0
0,0,0,0,0
0,0,0,0,0
0,0,0,0,0
0,0,0,0,0
0,0,0,0,0
0,0,0,0,0
0,0,0,0,0
0,0,0,0,0
0,0,0,0,0
0,0,0,0,0
0,0,0,0,0
0,0,0,0,0
0,0,0,0,0
0,0,0,0,0
0,0,0,0,0
0,0,0,0,0
0,0,0,0,0
0,0,0,0,0
0,0,0,0,0
0,0,0,0,0
0,0,0,0,0
0,0,0,0,0
0,0,0,0,0
0,0,0,0,0
0,0,0,0,0
0,0,0,0,0
0,0,0,0,0
0,0,0,0,0
0,0,0,0,0
0,0,0,0,0
0,0,0,0,0
0,0,0,0,0
0,0,0,0,0
0,0,0,0,0
0,0,0,0,0
0,0,0,0,0
0,0,0,0,0
0,0,0,0,0
0,0,0,0,0
0,0,0,0,0
0,0,0,0,0
0,0,0,0,0
0,0,0,0,0
0,0,0,0,0
0,0,0,0,0
0,0,0,0,0
0,0,0,0,0
0,0,0,0,0
0,0,0,0,0
0,0,0,0,0
0,0,0,0,0
0,0,0,0,0
0,0,0,0,0
0,0,0,0,0
0,0,0,0,0
0,0,0,0,0
0,0,0,0,0
0,0,0,0,0
0,0,0,0,0
0,0,0,0,0
0,0,0,0,0
0,0,0,0,0
0,0,0,0,0
0,0,0,0,0
0,0,0,0,0
0,0,0,0,0
0,0,0,0,0
0,0,0,0,0
0,0,0,0,0
0,0,0,0,0
0,0,0,0,0
0,0,0,0,0
0,0,0,0,0
0,0,0,0,0
0,0,0,0,0
0,0,0,0,0
0,0,0,0,0
0,0,0,0,0
0,0,0,0,0
0,0,0,0,0
0,0,0,0,0
0,0,0,0,0
0,0,0,0,0
0,0,0,0,0
0,0,0,0,0
0,0,0,0,0
0,0,0,0,0
0,0,0,0,0
0,0,0,0,0
0,0,0,0,0
0,0,0,0,0
0,0,0,0,0
0,0,0,0,0
0,0,0,0,0
0,0,0,0,0
0,0,0,0,0
0,0,0,0,0
0,0,0,0,0
0,0,0,0,0
0,0,0,0,0
0,0,0,0,0
0,0,0,0,0
0,0,0,0,0
0,0,0,0,0
0,0,0,0,0
0,0,0,0,0
0,0,0,0,0
0,0,0,0,0
0,0,0,0,0
0,0,0,0,0
0,0,0,0,0
0,0,0,0,0
0,0,0,0,0
0,0,0,0,0
0,0,0,0,0
0,0,0,0,0
0,0,0,0,0
0,0,0,0,0
0,0,0,0,0
0,0,0,0,0
0,0,0,0,0
0,0,0,0,0
0,0,0,0,0
0,0,0,0,0
0,0,0,0,0
0,0,0,0,0
0,0,0,0,0
0,0,0,0,0
0,0,0,0,0
0,0,0,0,0
0,0,0,0,0
0,0,0,0,0
0,0,0,0,0
0,0,0,0,0
0,0,0,0,0
0,0,0,0,0
0,0,0,0,0
0,0,0,0,0
0,0,0,0,0
0,0,0,0,0
0,0,0,0,0
0,0,0,0,0
0,0,0,0,0
0,0,0,0,0
0,0,0,0,0
0,0,0,0,0
0,0,0,0,0
0,0,0,0,0
0,0,0,0,0
0,0,0,0,0
0,0,0,0,0
0,0,0,0,0
0,0,0,0,0
0,0,0,0,0
0,0,0,0,0
0,0,0,0,0
0,0,0,0,0
0,0,0,0,0
0,0,0,0,0
0,0,0,0,0
0,0,0,0,0
0,0,0,0,0
0,0,0,0,0
0,0,0,0,0
0,0,0,0,0
0,0,0,0,0
0,0,0,0,0
0,0,0,0,0
0,0,0,0,0
0,0,0,0,0
0,0,0,0,0
0,0,0,0,0
0,0,0,0,0
0,0,0,0,0
0,0,0,0,0
0,0,0,0,0
0,0,0,0,0
0,0,0,0,0
0,0,0,0,0
0,0,0,0,0
0,0,0,0,0
0,0,0,0,0
0,0,0,0,0
0,0,0,0,0
0,0,0,0,0
0,0,0,0,0
0,0,0,0,0
0,0,0,0,0
0,0,0,0,0
0,0,0,0,0
0,0,0,0,0
0,0,0,0,0
0,0,0,0,0
0,0,0,0,0
0,0,0,0,0
0,0,0,0,0
0,0,0,0,0
0,0,0,0,0
0,0,0,0,0
0,0,0,0,0
0,0,0,0,0
0,0,0,0,0
0,0,0,0,0
0,0,0,0,0
0,0,0,0,0
0,0,0,0,0
0,0,0,0,0
0,0,0,0,0
0,0,0,0,0
0,0,0,0,0
0,0,0,0,0
0,0,0,0,0
0,0,0,0,0
0,0,0,0,0
0,0,0,0,0
0,0,0,0,0
0,0,0,0,0
0,0,0,0,0
0,0,0,0,0
0,0,0,0,0
0,0,0,0,0
0,0,0,0,0
0,0,0,0,0
0,0,0,0,0
0,0,0,0,0
0,0,0,0,0
0,0,0,0,0
0,0,0,0,0
0,0,0,0,0
0,0,0,0,0
0,0,0,0,0
0,0,0,0,0
0,0,0,0,0
0,0,0,0,0
0,0,0,0,0
0,0,0,0,0
0,0,0,0,0
0,0,0,0,0
0,0,0,0,0
0,0,0,0,0
0,0,0,0,0
0,0,0,0,0
0,0,0,0,0
0,0,0,0,0
0,0,0,0,0
0,0,0,0,0
0,0,0,0,0
0,0,0,0,0
0,0,0,0,0
0,0,0,0,0
0,0,0,0,0
0,0,0,0,0
0,0,0,0,0
0,0,0,0,0
0,0,0,0,0
0,0,0,0,0
0,0,0,0,0
0,0,0,0,0
0,0,0,0,0
0,0,0,0,0
0,0,0,0,0
0,0,0,0,0
0,0,0,0,0
0,0,0,0,0
0,0,0,0,0
0,0,0,0,0
0,0,0,0,0
0,0,0,0,0
0,0,0,0,0
0,0,0,0,0
0,0,0,0,0
0,0,0,0,0
0,0,0,0,0
0,0,0,0,0
0,0,0,0,0
0,0,0,0,0
0,0,0,0,0
0,0,0,0,0
0,0,0,0,0
0,0,0,0,0
0,0,0,0,0
0,0,0,0,0
0,0,0,0,0
0,0,0,0,0
0,0,0,0,0
0,0,0,0,0
0,0,0,0,0
0,0,0,0,0
0,0,0,0,0
0,0,0,0,0
0,0,0,0,0
0,0,0,0,0
0,0,0,0,0
0,0,0,0,0
0,0,0,0,0
0,0,0,0,0
0,0,0,0,0
0,0,0,0,0
0,0,0,0,0
0,0,0,0,0
0,0,0,0,0
0,0,0,0,0
0,0,0,0,0
0,0,0,0,0
0,0,0,0,0
0,0,0,0,0
0,0,0,0,0
0,0,0,0,0
0,0,0,0,0
0,0,0,0,0
0,0,0,0,0
0,0,0,0,0
0,0,0,0,0
0,0,0,0,0
0,0,0,0,0
0,0,0,0,0
0,0,0,0,0
0,0,0,0,0
0,0,0,0,0
0,0,0,0,0
0,0,0,0,0
0,0,0,0,0
0,0,0,0,0
0,0,0,0,0
0,0,0,0,0
0,0,0,0,0
0,0,0,0,0
0,0,0,0,0
0,0,0,0,0
0,0,0,0,0
0,0,0,0,0
0,0,0,0,0
0,0,0,0,0
0,0,0,0,0
0,0,0,0,0
0,0,0,0,0
0,0,0,0,0
0,0,0,0,0
0,0,0,0,0
0,0,0,0,0
0,0,0,0,0
0,0,0,0,0
0,0,0,0,0
0,0,0,0,0
0,0,0,0,0
0,0,0,0,0
0,0,0,0,0
0,0,0,0,0
0,0,0,0,0
0,0,0,0,0
0,0,0,0,0
0,0,0,0,0
0,0,0,0,0
0,0,0,0,0
0,0,0,0,0
0,0,0,0,0
0,0,0,0,0
0,0,0,0,0
0,0,0,0,0
0,0,0,0,0
0,0,0,0,0
0,0,0,0,0
0,0,0,0,0
0,0,0,0,0
0,0,0,0,0
0,0,0,0,0
0,0,0,0,0
0,0,0,0,0
0,0,0,0,0
0,0,0,0,0
0,0,0,0,0
0,0,0,0,0
0,0,0,0,0
0,0,0,0,0
0,0,0,0,0
0,0,0,0,0
0,0,0,0,0
0,0,0,0,0
0,0,0,0,0
0,0,0,0,0
0,0,0,0,0
0,0,0,0,0
0,0,0,0,0
0,0,0,0,0
0,0,0,0,0
0,0,0,0,0
0,0,0,0,0
0,0,0,0,0
0,0,0,0,0
0,0,0,0,0
0,0,0,0,0
0,0,0,0,0
0,0,0,0,0
0,0,0,0,0
0,0,0,0,0
0,0,0,0,0
0,0,0,0,0
0,0,0,0,0
0,0,0,0,0
0,0,0,0,0
0,0,0,0,0
0,0,0,0,0
0,0,0,0,0
0,0,0,0,0
0,0,0,0,0
0,0,0,0,0
0,0,0,0,0
0,0,0,0,0
0,0,0,0,0
0,0,0,0,0
0,0,0,0,0
0,0,0,0,0
0,0,0,0,0
0,0,0,0,0
0,0,0,0,0
0,0,0,0,0
0,0,0,0,0
0,0,0,0,0
0,0,0,0,0
0,0,0,0,0
0,0,0,0,0
0,0,0,0,0
0,0,0,0,0
0,0,0,0,0
0,0,0,0,0
0,0,0,0,0
0,0,0,0,0
0,0,0,0,0
0,0,0,0,0
0,0,0,0,0
0,0,0,0,0
0,0,0,0,0
0,0,0,0,0
0,0,0,0,0
0,0,0,0,0
0,0,0,0,0
0,0,0,0,0
0,0,0,0,0
0,0,0,0,0
0,0,0,0,0
0,0,0,0,0
0,0,0,0,0
0,0,0,0,0
0,0,0,0,0
0,0,0,0,0
0,0,0,0,0
0,0,0,0,0
0,0,0,0,0
0,0,0,0,0
0,0,0,0,0
0,0,0,0,0
0,0,0,0,0
0,0,0,0,0
0,0,0,0,0
0,0,0,0,0
0,0,0,0,0
0,0,0,0,0
0,0,0,0,0
0,0,0,0,0
0,0,0,0,0
0,0,0,0,0
0,0,0,0,0
0,0,0,0,0
0,0,0,0,0
0,0,0,0,0
0,0,0,0,0
0,0,0,0,0
0,0,0,0,0
0,0,0,0,0
0,0,0,0,0
0,0,0,0,0
0,0,0,0,0
0,0,0,0,0
0,0,0,0,0
0,0,0,0,0
0,0,0,0,0
0,0,0,0,0
0,0,0,0,0
0,0,0,0,0
0,0,0,0,0
0,0,0,0,0
0,0,0,0,0
0,0,0,0,0
0,0,0,0,0
0,0,0,0,0
0,0,0,0,0
0,0,0,0,0
0,0,0,0,0
0,0,0,0,0
0,0,0,0,0
0,0,0,0,0
0,0,0,0,0
0,0,0,0,0
0,0,0,0,0
0,0,0,0,0
0,0,0,0,0
0,0,0,0,0
0,0,0,0,0
0,0,0,0,0
0,0,0,0,0
0,0,0,0,0
0,0,0,0,0
0,0,0,0,0
0,0,0,0,0
0,0,0,0,0
0,0,0,0,0
0,0,0,0,0
0,0,0,0,0
0,0,0,0,0
0,0,0,0,0
0,0,0,0,0
0,0,0,0,0
0,0,0,0,0
0,0,0,0,0
0,0,0,0,0
0,0,0,0,0
0,0,0,0,0
0,0,0,0,0
0,0,0,0,0
0,0,0,0,0
0,0,0,0,0
0,0,0,0,0
0,0,0,0,0
0,0,0,0,0
0,0,0,0,0
0,0,0,0,0
0,0,0,0,0
0,0,0,0,0
0,0,0,0,0
0,0,0,0,0
0,0,0,0,0
0,0,0,0,0
0,0,0,0,0
0,0,0,0,0
0,0,0,0,0
0,0,0,0,0
0,0,0,0,0
0,0,0,0,0
0,0,0,0,0
0,0,0,0,0
0,0,0,0,0
0,0,0,0,0
0,0,0,0,0
0,0,0,0,0
0,0,0,0,0
0,0,0,0,0
0,0,0,0,0
0,0,0,0,0
0,0,0,0,0
0,0,0,0,0
0,0,0,0,0
0,0,0,0,0
0,0,0,0,0
0,0,0,0,0
0,0,0,0,0
0,0,0,0,0
0,0,0,0,0
0,0,0,0,0
0,0,0,0,0
0,0,0,0,0
0,0,0,0,0
0,0,0,0,0
0,0,0,0,0
0,0,0,0,0
0,0,0,0,0
0,0,0,0,0
0,0,0,0,0
0,0,0,0,0
0,0,0,0,0
0,0,0,0,0
0,0,0,0,0
0,0,0,0,0
0,0,0,0,0
0,0,0,0,0
0,0,0,0,0
0,0,0,0,0
0,0,0,0,0
0,0,0,0,0
0,0,0,0,0
0,0,0,0,0
0,0,0,0,0
0,0,0,0,0
0,0,0,0,0
0,0,0,0,0
0,0,0,0,0
0,0,0,0,0
0,0,0,0,0
0,0,0,0,0
0,0,0,0,0
0,0,0,0,0
0,0,0,0,0
0,0,0,0,0
0,0,0,0,0
0,0,0,0,0
0,0,0,0,0
0,0,0,0,0
0,0,0,0,0
0,0,0,0,0
0,0,0,0,0
0,0,0,0,0
0,0,0,0,0
0,0,0,0,0
0,0,0,0,0
0,0,0,0,0
0,0,0,0,0
0,0,0,0,0
0,0,0,0,0
0,0,0,0,0
0,0,0,0,0
0,0,0,0,0
0,0,0,0,0
0,0,0,0,0
0,0,0,0,0
0,0,0,0,0
0,0,0,0,0
0,0,0,0,0
0,0,0,0,0
0,0,0,0,0
0,0,0,0,0
0,0,0,0,0
0,0,0,0,0
0,0,0,0,0
0,0,0,0,0
0,0,0,0,0
0,0,0,0,0
0,0,0,0,0
0,0,0,0,0
0,0,0,0,0
0,0,0,0,0
0,0,0,0,0
0,0,0,0,0
0,0,0,0,0
0,0,0,0,0
0,0,0,0,0
0,0,0,0,0
0,0,0,0,0
0,0,0,0,0
0,0,0,0,0
0,0,0,0,0
0,0,0,0,0
0,0,0,0,0
0,0,0,0,0
0,0,0,0,0
0,0,0,0,0
0,0,0,0,0
0,0,0,0,0
0,0,0,0,0
0,0,0,0,0
0,0,0,0,0
0,0,0,0,0
0,0,0,0,0
0,0,0,0,0
0,0,0,0,0
0,0,0,0,0
0,0,0,0,0
0,0,0,0,0
0,0,0,0,0
0,0,0,0,0
0,0,0,0,0
0,0,0,0,0
0,0,0,0,0
0,0,0,0,0
0,0,0,0,0
0,0,0,0,0
0,0,0,0,0
0,0,0,0,0
0,0,0,0,0
0,0,0,0,0
0,0,0,0,0
0,0,0,0,0
0,0,0,0,0
0,0,0,0,0
0,0,0,0,0
0,0,0,0,0
0,0,0,0,0
0,0,0,0,0
0,0,0,0,0
0,0,0,0,0
0,0,0,0,0
0,0,0,0,0
0,0,0,0,0
0,0,0,0,0
0,0,0,0,0
0,0,0,0,0
0,0,0,0,0
0,0,0,0,0
0,0,0,0,0
0,0,0,0,0
0,0,0,0,0
0,0,0,0,0
0,0,0,0,0
0,0,0,0,0
0,0,0,0,0
0,0,0,0,0
0,0,0,0,0
0,0,0,0,0
0,0,0,0,0
0,0,0,0,0
0,0,0,0,0
0,0,0,0,0
0,0,0,0,0
0,0,0,0,0
0,0,0,0,0
0,0,0,0,0
0,0,0,0,0
0,0,0,0,0
0,0,0,0,0
0,0,0,0,0
0,0,0,0,0
0,0,0,0,0
0,0,0,0,0
0,0,0,0,0
0,0,0,0,0
0,0,0,0,0
0,0,0,0,0
0,0,0,0,0
0,0,0,0,0
0,0,0,0,0
0,0,0,0,0
0,0,0,0,0
0,0,0,0,0
0,0,0,0,0
0,0,0,0,0
0,0,0,0,0
0,0,0,0,0
0,0,0,0,0
0,0,0,0,0
0,0,0,0,0
0,0,0,0,0
0,0,0,0,0
0,0,0,0,0
0,0,0,0,0
0,0,0,0,0
0,0,0,0,0
0,0,0,0,0
0,0,0,0,0
0,0,0,0,0
0,0,0,0,0
0,0,0,0,0
0,0,0,0,0
0,0,0,0,0
0,0,0,0,0
0,0,0,0,0
0,0,0,0,0
0,0,0,0,0
0,0,0,0,0
0,0,0,0,0
0,0,0,0,0
0,0,0,0,0
0,0,0,0,0
0,0,0,0,0
0,0,0,0,0
0,0,0,0,0
0,0,0,0,0
0,0,0,0,0
0,0,0,0,0
0,0,0,0,0
0,0,0,0,0
0,0,0,0,0
0,0,0,0,0
0,0,0,0,0
0,0,0,0,0
0,0,0,0,0
0,0,0,0,0
0,0,0,0,0
0,0,0,0,0
0,0,0,0,0
0,0,0,0,0
0,0,0,0,0
0,0,0,0,0
0,0,0,0,0
0,0,0,0,0
0,0,0,0,0
0,0,0,0,0
0,0,0,0,0
0,0,0,0,0
0,0,0,0,0
0,0,0,0,0
0,0,0,0,0
0,0,0,0,0
0,0,0,0,0
0,0,0,0,0
0,0,0,0,0
0,0,0,0,0
0,0,0,0,0
0,0,0,0,0
0,0,0,0,0
0,0,0,0,0
0,0,0,0,0
0,0,0,0,0
0,0,0,0,0
0,0,0,0,0
0,0,0,0,0
0,0,0,0,0
0,0,0,0,0
0,0,0,0,0
0,0,0,0,0
0,0,0,0,0
0,0,0,0,0
0,0,0,0,0
0,0,0,0,0
0,0,0,0,0
0,0,0,0,0
0,0,0,0,0
0,0,0,0,0
0,0,0,0,0
0,0,0,0,0
0,0,0,0,0
0,0,0,0,0
0,0,0,0,0
0,0,0,0,0
0,0,0,0,0
0,0,0,0,0
0,0,0,0,0
0,0,0,0,0
0,0,0,0,0
0,0,0,0,0
0,0,0,0,0
0,0,0,0,0
0,0,0,0,0
0,0,0,0,0
0,0,0,0,0
0,0,0,0,0
0,0,0,0,0
0,0,0,0,0
0,0,0,0,0
0,0,0,0,0
0,0,0,0,0
0,0,0,0,0
0,0,0,0,0
0,0,0,0,0
0,0,0,0,0
0,0,0,0,0
0,0,0,0,0
0,0,0,0,0
0,0,0,0,0
0,0,0,0,0
0,0,0,0,0
0,0,0,0,0
0,0,0,0,0
0,0,0,0,0
0,0,0,0,0
0,0,0,0,0
0,0,0,0,0
0,0,0,0,0
0,0,0,0,0
0,0,0,0,0
0,0,0,0,0
0,0,0,0,0
0,0,0,0,0
0,0,0,0,0
0,0,0,0,0
0,0,0,0,0
0,0,0,0,0
0,0,0,0,0
0,0,0,0,0
0,0,0,0,0
0,0,0,0,0
0,0,0,0,0
0,0,0,0,0
0,0,0,0,0
0,0,0,0,0
0,0,0,0,0
0,0,0,0,0
0,0,0,0,0
0,0,0,0,0
0,0,0,0,0
0,0,0,0,0
0,0,0,0,0
0,0,0,0,0
0,0,0,0,0
0,0,0,0,0
0,0,0,0,0
0,0,0,0,0
0,0,0,0,0
0,0,0,0,0
0,0,0,0,0
0,0,0,0,0
0,0,0,0,0
0,0,0,0,0
0,0,0,0,0
0,0,0,0,0
0,0,0,0,0
0,0,0,0,0
0,0,0,0,0
0,0,0,0,0
0,0,0,0,0
0,0,0,0,0
0,0,0,0,0
0,0,0,0,0
0,0,0,0,0
0,0,0,0,0
0,0,0,0,0
0,0,0,0,0
0,0,0,0,0
0,0,0,0,0
0,0,0,0,0
0,0,0,0,0
0,0,0,0,0
0,0,0,0,0
0,0,0,0,0
0,0,0,0,0
0,0,0,0,0
0,0,0,0,0
0,0,0,0,0
0,0,0,0,0
0,0,0,0,0
0,0,0,0,0
0,0,0,0,0
0,0,0,0,0
0,0,0,0,0
0,0,0,0,0
0,0,0,0,0
0,0,0,0,0
0,0,0,0,0
0,0,0,0,0
0,0,0,0,0
0,0,0,0,0
0,0,0,0,0
0,0,0,0,0
0,0,0,0,0
0,0,0,0,0
0,0,0,0,0
0,0,0,0,0
0,0,0,0,0
0,0,0,0,0
0,0,0,0,0
0,0,0,0,0
0,0,0,0,0
0,0,0,0,0
0,0,0,0,0
0,0,0,0,0
0,0,0,0,0
0,0,0,0,0
0,0,0,0,0
0,0,0,0,0
0,0,0,0,0
0,0,0,0,0
0,0,0,0,0
0,0,0,0,0
0,0,0,0,0
0,0,0,0,0
0,0,0,0,0
0,0,0,0,0
0,0,0,0,0
0,0,0,0,0
0,0,0,0,0
0,0,0,0,0
0,0,0,0,0
0,0,0,0,0
0,0,0,0,0
0,0,0,0,0
0,0,0,0,0
0,0,0,0,0
0,0,0,0,0
0,0,0,0,0
0,0,0,0,0
0,0,0,0,0
0,0,0,0,0
0,0,0,0,0
0,0,0,0,0
0,0,0,0,0
0,0,0,0,0
0,0,0,0,0
0,0,0,0,0
0,0,0,0,0
0,0,0,0,0
0,0,0,0,0
0,0,0,0,0
0,0,0,0,0
0,0,0,0,0
0,0,0,0,0
0,0,0,0,0
0,0,0,0,0
0,0,0,0,0
0,0,0,0,0
0,0,0,0,0
0,0,0,0,0
0,0,0,0,0
0,0,0,0,0
0,0,0,0,0
0,0,0,0,0
0,0,0,0,0
0,0,0,0,0
0,0,0,0,0
0,0,0,0,0
0,0,0,0,0
0,0,0,0,0
0,0,0,0,0
0,0,0,0,0
0,0,0,0,0
0,0,0,0,0
0,0,0,0,0
0,0,0,0,0
0,0,0,0,0
0,0,0,0,0
0,0,0,0,0
0,0,0,0,0
0,0,0,0,0
0,0,0,0,0
0,0,0,0,0
0,0,0,0,0
0,0,0,0,0
0,0,0,0,0
0,0,0,0,0
0,0,0,0,0
0,0,0,0,0
0,0,0,0,0
0,0,0,0,0
0,0,0,0,0
0,0,0,0,0
0,0,0,0,0
0,0,0,0,0
0,0,0,0,0
0,0,0,0,0
0,0,0,0,0
0,0,0,0,0
0,0,0,0,0
0,0,0,0,0
0,0,0,0,0
0,0,0,0,0
0,0,0,0,0
0,0,0,0,0
0,0,0,0,0
0,0,0,0,0
0,0,0,0,0
0,0,0,0,0
0,0,0,0,0
0,0,0,0,0
0,0,0,0,0
0,0,0,0,0
0,0,0,0,0
0,0,0,0,0
0,0,0,0,0
0,0,0,0,0
0,0,0,0,0
0,0,0,0,0
0,0,0,0,0
0,0,0,0,0
0,0,0,0,0
0,0,0,0,0
0,0,0,0,0
0,0,0,0,0
0,0,0,0,0
0,0,0,0,0
0,0,0,0,0
0,0,0,0,0
0,0,0,0,0
0,0,0,0,0
0,0,0,0,0
0,0,0,0,0
0,0,0,0,0
0,0,0,0,0
0,0,0,0,0
0,0,0,0,0
0,0,0,0,0
0,0,0,0,0
0,0,0,0,0
0,0,0,0,0
0,0,0,0,0
0,0,0,0,0
0,0,0,0,0
0,0,0,0,0
0,0,0,0,0
0,0,0,0,0
0,0,0,0,0
0,0,0,0,0
0,0,0,0,0
0,0,0,0,0
0,0,0,0,0
0,0,0,0,0
0,0,0,0,0
0,0,0,0,0
0,0,0,0,0
0,0,0,0,0
0,0,0,0,0
0,0,0,0,0
0,0,0,0,0
0,0,0,0,0
0,0,0,0,0
0,0,0,0,0
0,0,0,0,0
0,0,0,0,0
0,0,0,0,0
0,0,0,0,0
0,0,0,0,0
0,0,0,0,0
0,0,0,0,0
0,0,0,0,0
0,0,0,0,0
0,0,0,0,0
0,0,0,0,0
0,0,0,0,0
0,0,0,0,0
0,0,0,0,0
0,0,0,0,0
0,0,0,0,0
0,0,0,0,0
0,0,0,0,0
0,0,0,0,0
0,0,0,0,0
0,0,0,0,0
0,0,0,0,0
0,0,0,0,0
0,0,0,0,0
0,0,0,0,0
0,0,0,0,0
0,0,0,0,0
0,0,0,0,0
0,0,0,0,0
0,0,0,0,0
0,0,0,0,0
0,0,0,0,0
0,0,0,0,0
0,0,0,0,0
0,0,0,0,0
0,0,0,0,0
0,0,0,0,0
0,0,0,0,0
0,0,0,0,0
0,0,0,0,0
0,0,0,0,0
0,0,0,0,0
0,0,0,0,0
0,0,0,0,0
0,0,0,0,0
0,0,0,0,0
0,0,0,0,0
0,0,0,0,0
0,0,0,0,0
0,0,0,0,0
0,0,0,0,0
0,0,0,0,0
0,0,0,0,0
0,0,0,0,0
0,0,0,0,0
0,0,0,0,0
0,0,0,0,0
0,0,0,0,0
0,0,0,0,0
0,0,0,0,0
0,0,0,0,0
0,0,0,0,0
0,0,0,0,0
0,0,0,0,0
0,0,0,0,0
0,0,0,0,0
0,0,0,0,0
0,0,0,0,0
0,0,0,0,0
0,0,0,0,0
0,0,0,0,0
0,0,0,0,0
0,0,0,0,0
0,0,0,0,0
0,0,0,0,0
0,0,0,0,0
0,0,0,0,0
0,0,0,0,0
0,0,0,0,0
0,0,0,0,0
0,0,0,0,0
0,0,0,0,0
0,0,0,0,0
0,0,0,0,0
0,0,0,0,0
0,0,0,0,0
0,0,0,0,0
0,0,0,0,0
0,0,0,0,0
0,0,0,0,0
0,0,0,0,0
0,0,0,0,0
0,0,0,0,0
0,0,0,0,0
0,0,0,0,0
0,0,0,0,0
0,0,0,0,0
0,0,0,0,0
0,0,0,0,0
0,0,0,0,0
0,0,0,0,0
0,0,0,0,0
0,0,0,0,0
0,0,0,0,0
0,0,0,0,0
0,0,0,0,0
0,0,0,0,0
0,0,0,0,0
0,0,0,0,0
0,0,0,0,0
0,0,0,0,0
0,0,0,0,0
0,0,0,0,0
0,0,0,0,0
0,0,0,0,0
0,0,0,0,0
0,0,0,0,0
0,0,0,0,0
0,0,0,0,0
0,0,0,0,0
0,0,0,0,0
0,0,0,0,0
0,0,0,0,0
0,0,0,0,0
0,0,0,0,0
0,0,0,0,0
0,0,0,0,0
0,0,0,0,0
0,0,0,0,0
0,0,0,0,0
0,0,0,0,0
0,0,0,0,0
0,0,0,0,0
0,0,0,0,0
0,0,0,0,0
0,0,0,0,0
0,0,0,0,0
0,0,0,0,0
0,0,0,0,0
0,0,0,0,0
0,0,0,0,0
0,0,0,0,0
0,0,0,0,0
0,0,0,0,0
0,0,0,0,0
0,0,0,0,0
0,0,0,0,0
0,0,0,0,0
0,0,0,0,0
0,0,0,0,0
0,0,0,0,0
0,0,0,0,0
0,0,0,0,0
0,0,0,0,0
0,0,0,0,0
0,0,0,0,0
0,0,0,0,0
0,0,0,0,0
0,0,0,0,0
0,0,0,0,0
0,0,0,0,0
0,0,0,0,0
0,0,0,0,0
0,0,0,0,0
0,0,0,0,0
0,0,0,0,0
0,0,0,0,0
0,0,0,0,0
0,0,0,0,0
0,0,0,0,0
0,0,0,0,0
0,0,0,0,0
0,0,0,0,0
0,0,0,0,0
0,0,0,0,0
0,0,0,0,0
0,0,0,0,0
0,0,0,0,0
0,0,0,0,0
0,0,0,0,0
0,0,0,0,0
0,0,0,0,0
0,0,0,0,0
0,0,0,0,0
0,0,0,0,0
0,0,0,0,0
0,0,0,0,0
0,0,0,0,0
0,0,0,0,0
0,0,0,0,0
0,0,0,0,0
0,0,0,0,0
0,0,0,0,0
0,0,0,0,0
0,0,0,0,0
0,0,0,0,0
0,0,0,0,0
0,0,0,0,0
0,0,0,0,0
0,0,0,0,0
0,0,0,0,0
0,0,0,0,0
0,0,0,0,0
0,0,0,0,0
0,0,0,0,0
0,0,0,0,0
0,0,0,0,0
0,0,0,0,0
0,0,0,0,0
0,0,0,0,0
0,0,0,0,0
0,0,0,0,0
0,0,0,0,0
0,0,0,0,0
0,0,0,0,0
0,0,0,0,0
0,0,0,0,0
0,0,0,0,0
0,0,0,0,0
0,0,0,0,0
0,0,0,0,0
0,0,0,0,0
0,0,0,0,0
0,0,0,0,0
0,0,0,0,0
0,0,0,0,0
0,0,0,0,0
0,0,0,0,0
0,0,0,0,0
0,0,0,0,0
0,0,0,0,0
0,0,0,0,0
0,0,0,0,0
0,0,0,0,0
0,0,0,0,0
0,0,0,0,0
0,0,0,0,0
0,0,0,0,0
0,0,0,0,0
0,0,0,0,0
0,0,0,0,0
0,0,0,0,0
0,0,0,0,0
0,0,0,0,0
0,0,0,0,0
0,0,0,0,0
0,0,0,0,0
0,0,0,0,0
0,0,0,0,0
0,0,0,0,0
0,0,0,0,0
0,0,0,0,0
0,0,0,0,0
0,0,0,0,0
0,0,0,0,0
0,0,0,0,0
0,0,0,0,0
0,0,0,0,0
0,0,0,0,0
0,0,0,0,0
0,0,0,0,0
0,0,0,0,0
0,0,0,0,0
0,0,0,0,0
0,0,0,0,0
0,0,0,0,0
0,0,0,0,0
0,0,0,0,0
0,0,0,0,0
0,0,0,0,0
0,0,0,0,0
0,0,0,0,0
0,0,0,0,0
0,0,0,0,0
0,0,0,0,0
0,0,0,0,0
0,0,0,0,0
0,0,0,0,0
0,0,0,0,0
0,0,0,0,0
0,0,0,0,0
0,0,0,0,0
0,0,0,0,0
0,0,0,0,0
0,0,0,0,0
0,0,0,0,0
0,0,0,0,0
0,0,0,0,0
0,0,0,0,0
0,0,0,0,0
0,0,0,0,0
0,0,0,0,0
0,0,0,0,0
0,0,0,0,0
0,0,0,0,0
0,0,0,0,0
0,0,0,0,0
0,0,0,0,0
0,0,0,0,0
0,0,0,0,0
0,0,0,0,0
0,0,0,0,0
0,0,0,0,0
0,0,0,0,0
0,0,0,0,0
0,0,0,0,0
0,0,0,0,0
0,0,0,0,0
0,0,0,0,0
0,0,0,0,0
0,0,0,0,0
0,0,0,0,0
0,0,0,0,0
0,0,0,0,0
0,0,0,0,0
0,0,0,0,0
0,0,0,0,0
0,0,0,0,0
0,0,0,0,0
0,0,0,0,0
0,0,0,0,0
0,0,0,0,0
0,0,0,0,0
0,0,0,0,0
0,0,0,0,0
0,0,0,0,0
0,0,0,0,0
0,0,0,0,0
0,0,0,0,0
0,0,0,0,0
0,0,0,0,0
0,0,0,0,0
0,0,0,0,0
0,0,0,0,0
0,0,0,0,0
0,0,0,0,0
0,0,0,0,0
0,0,0,0,0
0,0,0,0,0
0,0,0,0,0
0,0,0,0,0
0,0,0,0,0
0,0,0,0,0
0,0,0,0,0
0,0,0,0,0
0,0,0,0,0
0,0,0,0,0
0,0,0,0,0
0,0,0,0,0
0,0,0,0,0
0,0,0,0,0
0,0,0,0,0
0,0,0,0,0
0,0,0,0,0
0,0,0,0,0
0,0,0,0,0
0,0,0,0,0
0,0,0,0,0
0,0,0,0,0
0,0,0,0,0
0,0,0,0,0
0,0,0,0,0
0,0,0,0,0
0,0,0,0,0
0,0,0,0,0
0,0,0,0,0
0,0,0,0,0
0,0,0,0,0
0,0,0,0,0
0,0,0,0,0
0,0,0,0,0
0,0,0,0,0
0,0,0,0,0
0,0,0,0,0
0,0,0,0,0
0,0,0,0,0
0,0,0,0,0
0,0,0,0,0
0,0,0,0,0
0,0,0,0,0
0,0,0,0,0
0,0,0,0,0
0,0,0,0,0
0,0,0,0,0
0,0,0,0,0
0,0,0,0,0
0,0,0,0,0
0,0,0,0,0
0,0,0,0,0
0,0,0,0,0
0,0,0,0,0
0,0,0,0,0
0,0,0,0,0
0,0,0,0,0
0,0,0,0,0
0,0,0,0,0
0,0,0,0,0
0,0,0,0,0
0,0,0,0,0
0,0,0,0,0
0,0,0,0,0
0,0,0,0,0
0,0,0,0,0
0,0,0,0,0
0,0,0,0,0
0,0,0,0,0
0,0,0,0,0
0,0,0,0,0
0,0,0,0,0
0,0,0,0,0
0,0,0,0,0
0,0,0,0,0
0,0,0,0,0
0,0,0,0,0
0,0,0,0,0
0,0,0,0,0
0,0,0,0,0
0,0,0,0,0
0,0,0,0,0
0,0,0,0,0
0,0,0,0,0
0,0,0,0,0
0,0,0,0,0
0,0,0,0,0
0,0,0,0,0
0,0,0,0,0
0,0,0,0,0
0,0,0,0,0
0,0,0,0,0
0,0,0,0,0
0,0,0,0,0
0,0,0,0,0
0,0,0,0,0
0,0,0,0,0
0,0,0,0,0
0,0,0,0,0
0,0,0,0,0
0,0,0,0,0
0,0,0,0,0
0,0,0,0,0
0,0,0,0,0
0,0,0,0,0
0,0,0,0,0
0,0,0,0,0
0,0,0,0,0
0,0,0,0,0
0,0,0,0,0
0,0,0,0,0
0,0,0,0,0
0,0,0,0,0
0,0,0,0,0
0,0,0,0,0
0,0,0,0,0
0,0,0,0,0
0,0,0,0,0
0,0,0,0,0
0,0,0,0,0
0,0,0,0,0
0,0,0,0,0
0,0,0,0,0
0,0,0,0,0
0,0,0,0,0
0,0,0,0,0
0,0,0,0,0
0,0,0,0,0
0,0,0,0,0
0,0,0,0,0
0,0,0,0,0
0,0,0,0,0
0,0,0,0,0
0,0,0,0,0
0,0,0,0,0
0,0,0,0,0
0,0,0,0,0
0,0,0,0,0
0,0,0,0,0
0,0,0,0,0
0,0,0,0,0
0,0,0,0,0
0,0,0,0,0
0,0,0,0,0
0,0,0,0,0
0,0,0,0,0
0,0,0,0,0
0,0,0,0,0
0,0,0,0,0
0,0,0,0,0
0,0,0,0,0
0,0,0,0,0
0,0,0,0,0
0,0,0,0,0
0,0,0,0,0
0,0,0,0,0
0,0,0,0,0
0,0,0,0,0
0,0,0,0,0
0,0,0,0,0
0,0,0,0,0
0,0,0,0,0
0,0,0,0,0
0,0,0,0,0
0,0,0,0,0
0,0,0,0,0
0,0,0,0,0
0,0,0,0,0
0,0,0,0,0
0,0,0,0,0
0,0,0,0,0
0,0,0,0,0
0,0,0,0,0
0,0,0,0,0
0,0,0,0,0
0,0,0,0,0
0,0,0,0,0
0,0,0,0,0
0,0,0,0,0
0,0,0,0,0
0,0,0,0,0
0,0,0,0,0
0,0,0,0,0
0,0,0,0,0
0,0,0,0,0
0,0,0,0,0
0,0,0,0,0
0,0,0,0,0
0,0,0,0,0
0,0,0,0,0
0,0,0,0,0
0,0,0,0,0
0,0,0,0,0
0,0,0,0,0
0,0,0,0,0
0,0,0,0,0
0,0,0,0,0
0,0,0,0,0
0,0,0,0,0
0,0,0,0,0
0,0,0,0,0
0,0,0,0,0
0,0,0,0,0
0,0,0,0,0
0,0,0,0,0
0,0,0,0,0
0,0,0,0,0
0,0,0,0,0
0,0,0,0,0
0,0,0,0,0
0,0,0,0,0
0,0,0,0,0
0,0,0,0,0
0,0,0,0,0
0,0,0,0,0
0,0,0,0,0
0,0,0,0,0
0,0,0,0,0
0,0,0,0,0
0,0,0,0,0
0,0,0,0,0
0,0,0,0,0
0,0,0,0,0
0,0,0,0,0
0,0,0,0,0
0,0,0,0,0
0,0,0,0,0
0,0,0,0,0
0,0,0,0,0
0,0,0,0,0
0,0,0,0,0
0,0,0,0,0
0,0,0,0,0
0,0,0,0,0
0,0,0,0,0
0,0,0,0,0
0,0,0,0,0
0,0,0,0,0
0,0,0,0,0
0,0,0,0,0
0,0,0,0,0
0,0,0,0,0
0,0,0,0,0
0,0,0,0,0
0,0,0,0,0
0,0,0,0,0
0,0,0,0,0
0,0,0,0,0
0,0,0,0,0
0,0,0,0,0
0,0,0,0,0
0,0,0,0,0
0,0,0,0,0
0,0,0,0,0
0,0,0,0,0
0,0,0,0,0
0,0,0,0,0
0,0,0,0,0
0,0,0,0,0
0,0,0,0,0
0,0,0,0,0
0,0,0,0,0
0,0,0,0,0
0,0,0,0,0
0,0,0,0,0
0,0,0,0,0
0,0,0,0,0
0,0,0,0,0
0,0,0,0,0
0,0,0,0,0
0,0,0,0,0
0,0,0,0,0
0,0,0,0,0
0,0,0,0,0
0,0,0,0,0
0,0,0,0,0
0,0,0,0,0
0,0,0,0,0
0,0,0,0,0
0,0,0,0,0
0,0,0,0,0
0,0,0,0,0
0,0,0,0,0
0,0,0,0,0
0,0,0,0,0
0,0,0,0,0
0,0,0,0,0
0,0,0,0,0
0,0,0,0,0
0,0,0,0,0
0,0,0,0,0
0,0,0,0,0
0,0,0,0,0
0,0,0,0,0
0,0,0,0,0
0,0,0,0,0
0,0,0,0,0
0,0,0,0,0
0,0,0,0,0
0,0,0,0,0
0,0,0,0,0
0,0,0,0,0
0,0,0,0,0
0,0,0,0,0
0,0,0,0,0
0,0,0,0,0
0,0,0,0,0
0,0,0,0,0
0,0,0,0,0
0,0,0,0,0
0,0,0,0,0
0,0,0,0,0
0,0,0,0,0
0,0,0,0,0
0,0,0,0,0
0,0,0,0,0
0,0,0,0,0
0,0,0,0,0
0,0,0,0,0
0,0,0,0,0
0,0,0,0,0
0,0,0,0,0
0,0,0,0,0
0,0,0,0,0
0,0,0,0,0
0,0,0,0,0
0,0,0,0,0
0,0,0,0,0
0,0,0,0,0
0,0,0,0,0
0,0,0,0,0
0,0,0,0,0
0,0,0,0,0
0,0,0,0,0
0,0,0,0,0
0,0,0,0,0
0,0,0,0,0
0,0,0,0,0
0,0,0,0,0
0,0,0,0,0
0,0,0,0,0
0,0,0,0,0
0,0,0,0,0
0,0,0,0,0
0,0,0,0,0
0,0,0,0,0
0,0,0,0,0
0,0,0,0,0
0,0,0,0,0
0,0,0,0,0
0,0,0,0,0
0,0,0,0,0
0,0,0,0,0
0,0,0,0,0
0,0,0,0,0
0,0,0,0,0
0,0,0,0,0
0,0,0,0,0
0,0,0,0,0
0,0,0,0,0
0,0,0,0,0
0,0,0,0,0
0,0,0,0,0
0,0,0,0,0
0,0,0,0,0
0,0,0,0,0
0,0,0,0,0
0,0,0,0,0
0,0,0,0,0
0,0,0,0,0
0,0,0,0,0
0,0,0,0,0
0,0,0,0,0
0,0,0,0,0
0,0,0,0,0
0,0,0,0,0
0,0,0,0,0
0,0,0,0,0
0,0,0,0,0
0,0,0,0,0
0,0,0,0,0
0,0,0,0,0
0,0,0,0,0
0,0,0,0,0
0,0,0,0,0
0,0,0,0,0
0,0,0,0,0
0,0,0,0,0
0,0,0,0,0
0,0,0,0,0
0,0,0,0,0
0,0,0,0,0
0,0,0,0,0
0,0,0,0,0
0,0,0,0,0
0,0,0,0,0
0,0,0,0,0
0,0,0,0,0
0,0,0,0,0
0,0,0,0,0
0,0,0,0,0
0,0,0,0,0
0,0,0,0,0
0,0,0,0,0
0,0,0,0,0
0,0,0,0,0
0,0,0,0,0
0,0,0,0,0
0,0,0,0,0
0,0,0,0,0
0,0,0,0,0
0,0,0,0,0
0,0,0,0,0
0,0,0,0,0
0,0,0,0,0
0,0,0,0,0
0,0,0,0,0
0,0,0,0,0
0,0,0,0,0
0,0,0,0,0
0,0,0,0,0
0,0,0,0,0
0,0,0,0,0
0,0,0,0,0
0,0,0,0,0
0,0,0,0,0
0,0,0,0,0
0,0,0,0,0
0,0,0,0,0
0,0,0,0,0
0,0,0,0,0
0,0,0,0,0
0,0,0,0,0
0,0,0,0,0
0,0,0,0,0
0,0,0,0,0
0,0,0,0,0
0,0,0,0,0
0,0,0,0,0
0,0,0,0,0
0,0,0,0,0
0,0,0,0,0
0,0,0,0,0
0,0,0,0,0
0,0,0,0,0
0,0,0,0,0
0,0,0,0,0
0,0,0,0,0
0,0,0,0,0
0,0,0,0,0
0,0,0,0,0
0,0,0,0,0
0,0,0,0,0
0,0,0,0,0
0,0,0,0,0
0,0,0,0,0
0,0,0,0,0
0,0,0,0,0
0,0,0,0,0
0,0,0,0,0
0,0,0,0,0
0,0,0,0,0
0,0,0,0,0
0,0,0,0,0
0,0,0,0,0
0,0,0,0,0
0,0,0,0,0
0,0,0,0,0
0,0,0,0,0
0,0,0,0,0
0,0,0,0,0
0,0,0,0,0
0,0,0,0,0
0,0,0,0,0
0,0,0,0,0
0,0,0,0,0
0,0,0,0,0
0,0,0,0,0
0,0,0,0,0
0,0,0,0,0
0,0,0,0,0
0,0,0,0,0
0,0,0,0,0
0,0,0,0,0
0,0,0,0,0
0,0,0,0,0
0,0,0,0,0
0,0,0,0,0
0,0,0,0,0
0,0,0,0,0
0,0,0,0,0
0,0,0,0,0
0,0,0,0,0
0,0,0,0,0
0,0,0,0,0
0,0,0,0,0
0,0,0,0,0
0,0,0,0,0
0,0,0,0,0
0,0,0,0,0
0,0,0,0,0
0,0,0,0,0
0,0,0,0,0
0,0,0,0,0
0,0,0,0,0
0,0,0,0,0
0,0,0,0,0
0,0,0,0,0
0,0,0,0,0
0,0,0,0,0
0,0,0,0,0
0,0,0,0,0
0,0,0,0,0
0,0,0,0,0
0,0,0,0,0
0,0,0,0,0
0,0,0,0,0
0,0,0,0,0
0,0,0,0,0
0,0,0,0,0
0,0,0,0,0
0,0,0,0,0
0,0,0,0,0
0,0,0,0,0
0,0,0,0,0
0,0,0,0,0
0,0,0,0,0
0,0,0,0,0
0,0,0,0,0
0,0,0,0,0
0,0,0,0,0
0,0,0,0,0
0,0,0,0,0
0,0,0,0,0
0,0,0,0,0
0,0,0,0,0
0,0,0,0,0
0,0,0,0,0
0,0,0,0,0
0,0,0,0,0
0,0,0,0,0
0,0,0,0,0
0,0,0,0,0
0,0,0,0,0
0,0,0,0,0
0,0,0,0,0
0,0,0,0,0
0,0,0,0,0
0,0,0,0,0
0,0,0,0,0
0,0,0,0,0
0,0,0,0,0
0,0,0,0,0
0,0,0,0,0
0,0,0,0,0
0,0,0,0,0
0,0,0,0,0
0,0,0,0,0
0,0,0,0,0
0,0,0,0,0
0,0,0,0,0
0,0,0,0,0
0,0,0,0,0
0,0,0,0,0
0,0,0,0,0
0,0,0,0,0
0,0,0,0,0
0,0,0,0,0
0,0,0,0,0
0,0,0,0,0
0,0,0,0,0
0,0,0,0,0
0,0,0,0,0
0,0,0,0,0
0,0,0,0,0
0,0,0,0,0
0,0,0,0,0
0,0,0,0,0
0,0,0,0,0
0,0,0,0,0
0,0,0,0,0
0,0,0,0,0
0,0,0,0,0
0,0,0,0,0
0,0,0,0,0
0,0,0,0,0
0,0,0,0,0
0,0,0,0,0
0,0,0,0,0
0,0,0,0,0
0,0,0,0,0
0,0,0,0,0
0,0,0,0,0
0,0,0,0,0
0,0,0,0,0
0,0,0,0,0
0,0,0,0,0
0,0,0,0,0
0,0,0,0,0
0,0,0,0,0
0,0,0,0,0
0,0,0,0,0
0,0,0,0,0
0,0,0,0,0
0,0,0,0,0
0,0,0,0,0
0,0,0,0,0
0,0,0,0,0
0,0,0,0,0
0,0,0,0,0
0,0,0,0,0
0,0,0,0,0
0,0,0,0,0
0,0,0,0,0
0,0,0,0,0
0,0,0,0,0
0,0,0,0,0
0,0,0,0,0
0,0,0,0,0
0,0,0,0,0
0,0,0,0,0
0,0,0,0,0
0,0,0,0,0
0,0,0,0,0
0,0,0,0,0
0,0,0,0,0
0,0,0,0,0
0,0,0,0,0
0,0,0,0,0
0,0,0,0,0
0,0,0,0,0
0,0,0,0,0
0,0,0,0,0
0,0,0,0,0
0,0,0,0,0
0,0,0,0,0
0,0,0,0,0
0,0,0,0,0
0,0,0,0,0
0,0,0,0,0
0,0,0,0,0
0,0,0,0,0
0,0,0,0,0
0,0,0,0,0
0,0,0,0,0
0,0,0,0,0
0,0,0,0,0
0,0,0,0,0
0,0,0,0,0
0,0,0,0,0
0,0,0,0,0
0,0,0,0,0
0,0,0,0,0
0,0,0,0,0
0,0,0,0,0
0,0,0,0,0
0,0,0,0,0
0,0,0,0,0
0,0,0,0,0
0,0,0,0,0
0,0,0,0,0
0,0,0,0,0
0,0,0,0,0
0,0,0,0,0
0,0,0,0,0
0,0,0,0,0
0,0,0,0,0
0,0,0,0,0
0,0,0,0,0
0,0,0,0,0
0,0,0,0,0
0,0,0,0,0
0,0,0,0,0
0,0,0,0,0
0,0,0,0,0
0,0,0,0,0
0,0,0,0,0
0,0,0,0,0
0,0,0,0,0
0,0,0,0,0
0,0,0,0,0
0,0,0,0,0
0,0,0,0,0
0,0,0,0,0
0,0,0,0,0
0,0,0,0,0
0,0,0,0,0
0,0,0,0,0
0,0,0,0,0
0,0,0,0,0
0,0,0,0,0
0,0,0,0,0
0,0,0,0,0
0,0,0,0,0
0,0,0,0,0
0,0,0,0,0
0,0,0,0,0
0,0,0,0,0
0,0,0,0,0
0,0,0,0,0
0,0,0,0,0
0,0,0,0,0
0,0,0,0,0
0,0,0,0,0
0,0,0,0,0
0,0,0,0,0
0,0,0,0,0
0,0,0,0,0
0,0,0,0,0
0,0,0,0,0
0,0,0,0,0
0,0,0,0,0
0,0,0,0,0
0,0,0,0,0
0,0,0,0,0
0,0,0,0,0
0,0,0,0,0
0,0,0,0,0
0,0,0,0,0
0,0,0,0,0
0,0,0,0,0
0,0,0,0,0
0,0,0,0,0
