0,jacket,middle,black,normal
7,jacket,middle,lavender,loose
10,jacket,middle,lavender,loose
11,jacket,middle,pink,normal
13,jacket,middle,lavender,loose
17,jacket,middle,pink,normal
18,jacket,middle,pink,normal
62,,,black,
70,jacket,middle,,normal
84,jacket,middle,,normal
86,jacket,long,black,loose
118,jacket,middle,brown,normal
123,jacket,middle,brown,normal
128,jacket,middle,brown,normal
148,jacket,middle,skyblue,normal
149,jacket,middle,skyblue,normal
150,jacket,middle,skyblue,normal
151,jacket,middle,skyblue,normal
152,jacket,middle,silver,normal
155,jacket,middle,silver,normal
156,jacket,middle,silver,normal
158,jacket,middle,silver,normal
167,jacket,middle,black,normal
171,jacket,middle,black,normal
174,jacket,middle,beige,normal
176,jacket,middle,beige,normal
206,gardigun,short,white,loose
229,jacket,middle,beige,loose
231,jacket,middle,beige,loose
236,best,middle,beige,normal
238,best,middle,beige,normal
253,jacket,middle,beige,loose
267,jacket,middle,black,loose
268,jacket,middle,black,loose
272,best,middle,pink,normal
273,best,middle,beige,normal
274,best,middle,pink,normal
275,best,middle,beige,normal
276,best,middle,beige,normal
277,best,middle,black,normal
278,best,middle,beige,normal
279,best,middle,black,normal
280,best,middle,black,normal
281,best,middle,black,normal
342,jacket,middle,grey,normal
343,jacket,middle,grey,normal
344,jacket,middle,brown,normal
345,jacket,middle,brown,normal
346,jacket,middle,brown,normal
347,jacket,middle,brown,normal
348,jacket,middle,brown,normal
349,jacket,middle,brown,normal
350,jacket,middle,brown,normal
351,jacket,middle,brown,normal
358,coat,long,navy,loose
359,jacket,middle,beige,normal
360,coat,long,navy,loose
361,coat,long,navy,loose
362,jacket,middle,beige,normal
363,coat,long,navy,loose
364,jacket,middle,beige,normal
365,coat,long,navy,loose
366,coat,long,navy,loose
367,coat,long,navy,loose
368,coat,long,navy,loose
369,coat,long,navy,loose
370,jacket,middle,white,normal
371,jacket,middle,white,normal
372,coat,long,grey,loose
373,coat,long,grey,loose
374,jacket,middle,beige,normal
375,coat,long,grey,loose
376,jacket,middle,kakki,normal
377,jacket,middle,beige,normal
378,jacket,middle,beige,normal
379,coat,long,grey,loose
380,coat,long,grey,loose
381,coat,long,grey,loose
382,jacket,middle,beige,normal
383,jacket,middle,beige,normal
384,coat,long,grey,loose
385,jacket,middle,beige,normal
386,coat,long,grey,loose
387,best,middle,beige,normal
388,coat,long,grey,normal
389,coat,long,grey,normal
390,jacket,middle,kakki,normal
391,coat,long,grey,normal
392,best,middle,beige,normal
393,coat,long,grey,normal
394,best,middle,beige,normal
395,best,middle,beige,normal
396,coat,long,grey,normal
397,jacket,middle,kakki,normal
398,jacket,middle,kakki,normal
399,best,middle,beige,normal
400,coat,long,grey,normal
401,coat,long,grey,normal
402,jacket,middle,kakki,normal
403,jacket,middle,kakki,normal
404,best,middle,beige,normal
405,coat,long,grey,normal
406,jacket,middle,kakki,normal
407,jacket,middle,kakki,normal
408,jacket,middle,kakki,normal
409,jacket,middle,kakki,normal
410,jacket,middle,kakki,normal
411,jacket,middle,kakki,normal
412,best,middle,beige,normal
413,best,middle,beige,normal
414,jacket,middle,kakki,normal
415,best,middle,beige,normal
416,best,middle,beige,normal
417,jacket,middle,kakki,normal
418,best,middle,beige,normal
419,jacket,middle,kakki,normal
420,coat,long,grey,normal
421,jacket,middle,kakki,normal
422,coat,middle,grey,normal
423,jacket,middle,grey,normal
424,jacket,middle,kakki,normal
425,jacket,middle,kakki,normal
426,jacket,middle,kakki,normal
427,coat,middle,grey,normal
428,coat,middle,grey,normal
429,jacket,middle,kakki,normal
430,jacket,middle,grey,normal
431,jacket,middle,grey,normal
432,jacket,middle,kakki,normal
433,jacket,middle,kakki,normal
434,jacket,middle,kakki,normal
435,jacket,middle,kakki,normal
436,coat,middle,grey,normal
437,jacket,middle,grey,normal
438,coat,middle,grey,normal
439,coat,middle,grey,normal
440,jacket,middle,grey,normal
441,jacket,middle,grey,normal
442,jacket,middle,beige,normal
443,jacket,middle,beige,normal
444,jacket,middle,beige,normal
445,jacket,middle,beige,normal
446,jacket,middle,beige,normal
447,jacket,middle,beige,normal
448,jacket,middle,beige,normal
449,jacket,middle,kakki,normal
450,jacket,middle,kakki,normal
451,jacket,middle,kakki,normal
452,jacket,middle,kakki,normal
453,jacket,middle,kakki,normal
454,jacket,middle,kakki,normal
455,jacket,middle,kakki,normal
456,coat,long,kakki,normal
457,coat,long,kakki,normal
458,coat,long,kakki,normal
459,coat,long,kakki,normal
460,coat,long,kakki,normal
461,coat,long,kakki,normal
462,coat,long,kakki,normal
463,coat,long,kakki,normal
464,coat,long,kakki,normal
465,coat,long,kakki,normal
466,coat,long,kakki,normal
467,coat,long,kakki,normal
468,coat,long,kakki,normal
469,coat,long,kakki,normal
470,coat,long,kakki,normal
471,coat,long,kakki,normal
472,coat,long,kakki,normal
473,coat,long,kakki,normal
474,jacket,middle,kakki,normal
475,jacket,middle,kakki,normal
476,jacket,middle,kakki,normal
477,jacket,middle,kakki,normal
478,coat,long,kakki,normal
479,coat,long,brown,loose
480,coat,long,brown,loose
481,coat,long,brown,loose
482,coat,long,brown,loose
646,jacket,middle,black,normal
650,jacket,middle,black,normal
651,jacket,middle,black,normal
658,best,middle,grey,normal
662,best,middle,grey,normal
700,jacket,middle,beige,normal
704,jacket,middle,beige,normal
706,jacket,middle,beige,normal
707,jacket,middle,beige,normal
708,jacket,middle,beige,normal
709,jacket,middle,beige,normal
710,jacket,middle,beige,normal
713,jacket,middle,beige,normal
714,jacket,middle,kakki,loose
715,jacket,middle,kakki,loose
716,jacket,middle,kakki,loose
717,jacket,middle,kakki,loose
718,jacket,middle,kakki,loose
719,jacket,middle,kakki,loose
720,jacket,middle,kakki,loose
722,jacket,middle,kakki,loose
723,jacket,middle,kakki,loose
724,jacket,middle,kakki,loose
726,jacket,middle,kakki,loose
727,jacket,middle,kakki,loose
729,jacket,middle,beige,normal
730,jacket,middle,beige,normal
731,jacket,middle,beige,normal
732,jacket,middle,kakki,loose
733,jacket,middle,white,normal
734,jacket,middle,white,normal
735,jacket,middle,white,normal
736,jacket,middle,white,normal
737,jacket,middle,white,normal
738,jacket,middle,white,normal
740,jacket,middle,white,normal
741,jacket,middle,white,normal
744,jacket,middle,white,normal
745,jacket,middle,white,normal
747,jacket,middle,white,normal
748,jacket,middle,white,normal
749,jacket,middle,white,normal
750,jacket,middle,white,normal
751,jacket,middle,white,normal
752,jacket,middle,beige,loose
753,jacket,middle,white,loose
754,jacket,middle,white,loose
815,jacket,middle,black,loose
816,jacket,middle,black,loose
817,jacket,middle,black,loose
818,jacket,middle,black,loose
819,jacket,middle,black,loose
820,jacket,middle,black,loose
821,jacket,middle,black,loose
876,jacket,middle,lavender,normal
877,jacket,middle,lavender,normal
878,jacket,middle,lavender,normal
879,jacket,middle,lavender,normal
880,jacket,middle,lavender,normal
881,jacket,middle,lavender,normal
882,jacket,middle,lavender,normal
895,jacket,middle,black,loose
896,jacket,middle,black,normal
897,jacket,middle,black,loose
901,jacket,middle,black,loose
902,jacket,middle,black,loose
903,jacket,middle,black,loose
904,jacket,middle,black,loose
906,jacket,middle,black,normal
907,jacket,middle,black,normal
908,jacket,middle,black,loose
909,jacket,middle,black,normal
910,jacket,middle,black,loose
911,jacket,middle,black,normal
912,jacket,middle,black,loose
913,jacket,middle,black,loose
914,jacket,middle,black,loose
915,jacket,middle,black,loose
916,jacket,middle,black,loose
917,jacket,middle,black,loose
918,jacket,middle,black,loose
919,jacket,middle,black,loose
920,jacket,middle,black,loose
921,jacket,middle,black,loose
922,jacket,middle,black,loose
923,jacket,middle,black,loose
924,jacket,middle,black,loose
925,jacket,middle,black,loose
926,jacket,middle,black,loose
927,jacket,middle,black,loose
928,jacket,middle,black,loose
929,jacket,middle,black,loose
930,jacket,middle,black,loose
931,jacket,middle,black,loose
932,jacket,middle,black,loose
933,jacket,middle,black,loose
934,jacket,middle,black,loose
935,jacket,middle,black,loose
936,jacket,middle,black,loose
961,jacket,middle,grey,normal
962,jacket,middle,grey,normal
963,jacket,middle,grey,normal
964,jacket,middle,grey,normal
965,jacket,middle,grey,normal
966,jacket,middle,grey,normal
967,jacket,middle,grey,normal
968,jacket,middle,grey,normal
994,,,skyblue,
996,,,skyblue,
997,,,skyblue,
999,,,skyblue,
1039,jacket,middle,skyblue,normal
1040,jacket,middle,skyblue,normal
1041,jacket,middle,skyblue,normal
1042,jacket,middle,skyblue,normal
1043,jacket,middle,skyblue,normal
1044,jacket,middle,skyblue,normal
1045,jacket,middle,skyblue,normal
1046,jacket,middle,skyblue,normal
1047,jacket,middle,skyblue,normal
1048,jacket,middle,skyblue,normal
1049,jacket,middle,skyblue,normal
1050,jacket,middle,skyblue,normal
1051,jacket,middle,skyblue,normal
1052,jacket,middle,skyblue,normal
1053,jacket,middle,skyblue,normal
1054,jacket,middle,,normal
1055,jacket,middle,skyblue,normal
1056,jacket,middle,beige,normal
1057,jacket,middle,skyblue,normal
1058,jacket,middle,beige,normal
1059,jacket,middle,beige,normal
1060,jacket,middle,beige,normal
1061,jacket,middle,,normal
1062,jacket,middle,beige,normal
1063,jacket,middle,skyblue,normal
1064,jacket,middle,skyblue,normal
1065,jacket,middle,,normal
1066,jacket,middle,skyblue,normal
1067,jacket,middle,beige,normal
1068,jacket,middle,beige,normal
1069,jacket,middle,skyblue,normal
1070,jacket,middle,,normal
1071,jacket,middle,beige,normal
1072,jacket,middle,skyblue,normal
1073,jacket,middle,beige,normal
1074,jacket,middle,beige,normal
1075,jacket,middle,beige,normal
1076,jacket,middle,beige,normal
1077,jacket,middle,skyblue,normal
1078,jacket,middle,beige,normal
1079,jacket,middle,skyblue,normal
1080,jacket,middle,beige,normal
1081,jacket,middle,beige,normal
1082,jacket,middle,beige,normal
1083,jacket,middle,beige,normal
1084,jacket,middle,beige,normal
1085,jacket,middle,skyblue,normal
1086,jacket,middle,skyblue,normal
1087,jacket,middle,skyblue,normal
1088,jacket,middle,,normal
1089,jacket,middle,white,normal
1090,jacket,middle,white,normal
1091,jacket,middle,white,normal
1092,jacket,middle,white,normal
1093,jacket,middle,white,normal
1094,jacket,middle,white,normal
1095,jacket,middle,white,normal
1096,jacket,middle,white,normal
1097,jacket,middle,white,normal
1158,coat,long,navy,loose
1159,coat,long,black,loose
1160,coat,long,navy,loose
1161,coat,long,black,loose
1162,coat,long,black,loose
1163,coat,long,navy,loose
1164,coat,long,navy,loose
1165,coat,long,black,loose
1166,coat,long,navy,loose
1167,coat,long,black,loose
1168,coat,long,navy,loose
1169,coat,long,black,loose
1170,coat,long,beige,normal
1171,coat,long,beige,normal
1172,coat,long,beige,normal
1173,coat,long,beige,normal
1174,coat,long,beige,normal
1175,coat,long,beige,normal
1176,coat,long,beige,normal
1177,coat,long,beige,normal
1178,coat,long,beige,normal
1179,coat,long,beige,normal
1180,coat,long,beige,normal
1181,coat,long,beige,normal
1182,coat,long,beige,normal
1183,coat,long,beige,normal
1184,coat,long,beige,normal
1185,coat,long,beige,normal
1231,jacket,middle,navy,loose
1232,jacket,middle,grey,loose
1233,jacket,middle,grey,loose
1234,jacket,middle,black,loose
1235,jacket,middle,grey,loose
1236,jacket,middle,grey,loose
1237,jacket,middle,blue,loose
1238,jacket,middle,black,loose
1239,jacket,middle,grey,loose
1240,jacket,middle,grey,loose
1241,jacket,middle,black,loose
1242,jacket,middle,grey,loose
1243,jacket,middle,white,loose
1244,jacket,middle,white,loose
1245,jacket,middle,white,loose
1246,jacket,middle,silver,loose
1247,jacket,middle,white,loose
1248,jacket,middle,silver,loose
1249,jacket,middle,silver,loose
1250,jacket,middle,silver,loose
1251,jacket,middle,white,loose
1252,jacket,middle,silver,loose
1253,jacket,middle,white,loose
1254,jacket,middle,silver,loose
1255,jacket,middle,silver,loose
1256,jacket,middle,silver,loose
1257,jacket,middle,white,loose
1258,coat,middle,grey,loose
1259,coat,middle,grey,loose
1260,coat,middle,grey,loose
1261,coat,middle,black,loose
1262,coat,middle,grey,loose
1263,coat,middle,grey,loose
1264,coat,long,white,loose
1265,점퍼,middle,beige,normal
1266,점퍼,middle,beige,normal
1267,점퍼,middle,오렌지,normal
1268,점퍼,middle,kakki,normal
1269,점퍼,middle,beige,normal
1270,점퍼,middle,beige,normal
1271,점퍼,middle,kakki,normal
1272,coat,long,black,loose
1273,coat,long,black,loose
1274,coat,long,black,loose
1275,coat,long,black,loose
1276,coat,long,black,loose
1277,coat,long,black,loose
1278,coat,long,black,loose
1279,coat,long,black,loose
1283,jacket,middle,black,normal
1292,best,,beige,loose
1301,best,middle,beige,loose
1313,jacket,middle,blue,loose
1314,jacket,middle,blue,loose
1316,jacket,middle,blue,loose
1318,jacket,middle,blue,loose
1319,best,short,grey,loose
1320,best,short,grey,loose
1321,best,short,grey,loose
1322,best,short,grey,loose
1323,best,short,grey,loose
1324,best,short,grey,loose
1332,jacket,middle,,normal
1334,jacket,middle,,normal
1335,jacket,middle,,normal
1336,jacket,middle,,normal
1354,jacket,middle,blue,loose
1355,jacket,middle,blue,loose
1356,jacket,middle,blue,loose
1357,jacket,middle,blue,loose
1358,jacket,middle,blue,loose
1359,jacket,middle,blue,loose
1360,jacket,middle,blue,loose
1361,jacket,middle,blue,loose
1362,jacket,middle,blue,loose
1363,jacket,middle,beige,loose
1364,jacket,middle,blue,loose
1365,jacket,middle,beige,loose
1366,jacket,middle,blue,loose
1367,jacket,middle,blue,loose
1368,jacket,middle,blue,loose
1369,jacket,middle,beige,loose
1370,jacket,middle,beige,loose
1371,jacket,middle,beige,loose
1372,jacket,middle,beige,loose
1373,jacket,middle,beige,loose
1374,jacket,middle,beige,loose
1375,jacket,middle,beige,loose
1376,jacket,middle,beige,loose
1377,jacket,middle,white,normal
1378,jacket,middle,white,normal
1379,jacket,middle,white,normal
1380,jacket,middle,white,normal
1381,jacket,middle,white,normal
1382,jacket,middle,white,normal
1383,jacket,middle,white,normal
1384,jacket,middle,white,normal
1385,jacket,middle,white,normal
1386,jacket,middle,white,normal
1387,jacket,middle,white,normal
1388,jacket,middle,white,normal
1389,jacket,middle,white,normal
1390,jacket,middle,white,normal
1391,jacket,middle,white,normal
1392,jacket,middle,white,normal
1393,jacket,middle,white,normal
1394,jacket,middle,white,normal
1395,jacket,middle,white,normal
1396,jacket,middle,white,normal
1397,jacket,middle,white,normal
1398,jacket,middle,white,normal
1399,jacket,middle,white,normal
1400,jacket,middle,white,normal
1401,jacket,middle,white,normal
1402,jacket,middle,white,normal
1403,jacket,middle,white,normal
1404,jacket,middle,white,normal
1405,jacket,middle,white,normal
1406,jacket,middle,white,normal
1407,jacket,middle,white,normal
1408,jacket,middle,white,normal
1409,jacket,middle,white,normal
1410,jacket,middle,white,normal
1411,jacket,middle,white,normal
1412,jacket,middle,white,normal
1413,jacket,middle,white,normal
1414,jacket,middle,white,normal
1415,jacket,middle,white,normal
1416,jacket,middle,white,normal
1417,jacket,middle,white,normal
1418,jacket,middle,white,normal
1419,jacket,middle,white,normal
1420,jacket,middle,white,normal
1421,jacket,middle,white,normal
1422,jacket,middle,white,normal
1423,jacket,middle,white,normal
1424,jacket,middle,white,normal
1425,jacket,middle,white,normal
1426,jacket,middle,white,normal
1427,jacket,middle,white,normal
1428,jacket,middle,white,normal
1429,jacket,middle,white,normal
1430,jacket,middle,white,normal
1431,jacket,middle,white,normal
1432,jacket,middle,white,normal
1433,jacket,middle,white,normal
1440,jacket,middle,black,loose
1441,jacket,middle,black,loose
1442,jacket,middle,black,loose
1443,jacket,middle,black,loose
1444,jacket,middle,kakki,normal
1445,jacket,middle,kakki,normal
1446,jacket,middle,kakki,normal
1447,jacket,middle,kakki,normal
1448,jacket,middle,kakki,normal
1449,jacket,middle,kakki,normal
1450,jacket,middle,kakki,normal
1451,jacket,middle,kakki,normal
1452,jacket,middle,kakki,normal
1453,jacket,middle,kakki,normal
1454,jacket,middle,kakki,normal
1457,jacket,middle,white,normal
1466,jacket,middle,black,normal
1467,jacket,middle,black,normal
1469,jacket,middle,black,normal
1470,jacket,middle,black,normal
1473,jacket,middle,pink,loose
1474,jacket,middle,pink,loose
1475,jacket,middle,pink,loose
1476,jacket,middle,pink,loose
1477,jacket,middle,pink,loose
1478,jacket,middle,pink,loose
1491,jacket,middle,beige,normal
1492,jacket,middle,beige,normal
1499,jacket,middle,black,loose
1500,jacket,middle,black,loose
1501,jacket,middle,black,loose
1502,jacket,middle,black,loose
1506,jacket,middle,black,normal
1507,jacket,middle,black,normal
1522,coat,middle,grey,loose
1523,coat,middle,grey,loose
1524,gardigun,middle,black,loose
1525,gardigun,middle,black,loose
1526,gardigun,middle,black,loose
1527,gardigun,middle,black,loose
1528,gardigun,middle,black,loose
1529,gardigun,middle,black,loose
1530,gardigun,middle,black,loose
1531,gardigun,middle,black,loose
1532,gardigun,middle,black,loose
1533,gardigun,middle,black,loose
1534,gardigun,middle,black,loose
1535,gardigun,middle,black,loose
1536,gardigun,middle,black,loose
1537,gardigun,middle,black,loose
1538,gardigun,middle,black,loose
1606,jacket,long,black,loose
1611,jacket,middle,black,loose
1612,jacket,middle,black,loose
1613,jacket,long,black,loose
1614,jacket,middle,black,loose
1619,jacket,middle,black,loose
1622,jacket,middle,black,loose
1624,jacket,middle,black,loose
1626,jacket,middle,black,loose
1627,jacket,middle,black,loose
1629,jacket,middle,black,loose
1631,jacket,middle,black,loose
1635,jacket,long,black,loose
1636,jacket,middle,black,loose
1637,jacket,middle,black,loose
1639,jacket,long,black,loose
1640,jacket,middle,black,loose
1643,jacket,middle,black,loose
1710,jacket,middle,black,loose
1711,jacket,middle,black,loose
1712,jacket,middle,black,loose
1713,jacket,middle,black,loose
1714,jacket,middle,black,loose
1715,jacket,middle,black,loose
1716,jacket,middle,black,loose
1717,jacket,middle,black,loose
1718,jacket,middle,black,loose
1719,jacket,middle,black,loose
1720,jacket,middle,black,loose
1721,jacket,middle,black,loose
1722,jacket,middle,black,loose
1723,jacket,middle,black,loose
1724,jacket,middle,black,loose
1725,jacket,middle,black,loose
1726,jacket,middle,black,loose
1727,jacket,middle,black,loose
1728,jacket,middle,grey,loose
1729,jacket,middle,grey,loose
1730,jacket,middle,black,loose
1731,jacket,middle,black,loose
1732,jacket,middle,grey,loose
1733,jacket,middle,grey,loose
1734,jacket,middle,grey,loose
1735,jacket,middle,black,loose
1736,jacket,middle,black,loose
1737,jacket,middle,black,loose
1738,jacket,middle,grey,loose
1739,jacket,middle,grey,loose
1740,jacket,middle,grey,loose
1741,jacket,middle,grey,loose
1742,jacket,middle,grey,loose
1743,jacket,middle,kakki,loose
1744,jacket,middle,kakki,loose
1745,jacket,middle,kakki,loose
1746,jacket,middle,kakki,loose
1747,jacket,middle,kakki,loose
1748,jacket,middle,kakki,loose
1749,jacket,middle,kakki,loose
1750,jacket,middle,kakki,loose
1751,coat,long,silver,loose
1752,coat,long,silver,loose
1753,coat,long,silver,loose
1754,coat,long,silver,loose
1755,coat,long,silver,loose
1756,coat,long,silver,loose
1757,coat,long,silver,loose
1758,coat,long,silver,loose
1759,coat,long,silver,loose
1760,coat,long,silver,loose
1761,coat,long,silver,loose
1762,coat,long,silver,loose
1763,coat,long,silver,loose
1764,coat,long,silver,loose
1765,coat,long,silver,loose
1766,coat,long,silver,loose
1767,coat,long,silver,loose
1768,coat,long,silver,loose
1769,coat,long,silver,loose
1770,coat,long,silver,loose
1771,coat,long,navy,loose
1772,coat,long,navy,loose
1773,coat,long,navy,loose
1774,coat,long,navy,loose
1775,coat,long,navy,loose
1776,coat,long,navy,loose
1777,coat,long,navy,loose
1778,coat,long,navy,loose
1779,coat,long,navy,loose
1780,coat,long,black,loose
1781,coat,long,black,loose
1782,coat,long,black,loose
1783,coat,long,black,loose
1784,coat,long,black,loose
1785,coat,long,black,loose
1786,jacket,long,silver,loose
1787,jacket,long,silver,loose
1788,jacket,long,silver,loose
1789,jacket,long,silver,loose
1790,jacket,long,silver,loose
1791,jacket,long,silver,loose
1792,jacket,long,navy,loose
1793,jacket,long,navy,loose
1794,jacket,long,navy,loose
1795,jacket,long,navy,loose
1796,jacket,long,navy,loose
1797,jacket,long,navy,loose
1798,jacket,long,navy,loose
1799,jacket,middle,black,normal
1800,jacket,middle,black,normal
1801,jacket,middle,black,normal
1802,jacket,middle,black,normal
1803,jacket,middle,black,normal
1804,jacket,middle,black,normal
1805,jacket,middle,black,normal
1806,jacket,middle,black,normal
1807,jacket,middle,black,normal
1808,jacket,middle,black,normal
1809,coat,middle,grey,normal
1810,coat,long,silver,loose
1811,coat,middle,grey,normal
1812,coat,long,silver,loose
1813,coat,long,silver,loose
1814,coat,middle,grey,normal
1815,coat,middle,grey,normal
1816,jacket,middle,grey,normal
1817,jacket,middle,grey,normal
1818,coat,middle,레드,normal
1819,coat,middle,grey,normal
1820,coat,middle,grey,normal
1821,jacket,middle,grey,normal
1822,coat,middle,grey,normal
1823,jacket,middle,grey,normal
1824,coat,middle,grey,normal
1825,coat,middle,grey,normal
1826,coat,middle,grey,normal
1827,coat,middle,grey,normal
1828,coat,middle,레드,normal
1829,coat,middle,레드,normal
1830,jacket,middle,grey,normal
1831,coat,middle,레드,normal
1832,jacket,middle,grey,normal
1833,jacket,middle,grey,normal
1834,jacket,middle,grey,normal
1835,jacket,middle,grey,normal
1836,jacket,middle,grey,normal
1837,jacket,middle,grey,normal
1838,jacket,middle,grey,normal
1839,jacket,middle,grey,normal
1840,jacket,middle,grey,normal
1841,jacket,middle,grey,normal
1842,jacket,middle,grey,normal
1843,jacket,middle,black,normal
1844,jacket,middle,black,normal
1853,coat,middle,grey,loose
1854,coat,middle,grey,loose
1855,coat,middle,grey,loose
1856,coat,middle,grey,loose
1857,coat,middle,grey,loose
1858,coat,middle,grey,loose
1859,coat,middle,grey,loose
1860,coat,middle,grey,loose
1861,coat,middle,grey,loose
1862,coat,middle,grey,loose
1863,coat,middle,grey,loose
1864,coat,middle,grey,loose
1865,coat,middle,grey,loose
1866,coat,middle,grey,loose
1867,coat,middle,grey,loose
1868,coat,middle,grey,loose
1869,coat,middle,grey,loose
1870,coat,long,grey,loose
1871,coat,middle,grey,loose
1872,coat,middle,grey,loose
1873,coat,middle,grey,loose
1874,coat,middle,grey,loose
1875,coat,middle,grey,loose
1876,coat,middle,grey,loose
1877,coat,middle,grey,loose
1878,coat,middle,grey,loose
1879,coat,middle,grey,loose
1880,coat,middle,grey,loose
1881,coat,middle,grey,loose
1882,coat,middle,grey,loose
1883,coat,middle,grey,loose
1884,coat,middle,grey,loose
1885,coat,long,grey,loose
1886,coat,middle,grey,loose
1887,coat,middle,grey,loose
1888,coat,long,grey,loose
1889,coat,middle,grey,loose
1890,coat,middle,grey,loose
1891,coat,middle,grey,loose
1892,coat,middle,grey,loose
1893,coat,middle,grey,loose
1894,coat,middle,grey,loose
1895,coat,middle,grey,loose
1896,coat,middle,grey,loose
1897,coat,middle,grey,loose
1898,coat,middle,grey,loose
1899,coat,middle,grey,loose
1900,jacket,middle,beige,loose
1901,jacket,middle,beige,loose
1902,jacket,middle,beige,loose
1903,jacket,middle,beige,loose
1904,jacket,middle,beige,loose
1905,jacket,middle,beige,loose
1906,jacket,middle,beige,loose
1907,jacket,middle,beige,loose
1908,jacket,middle,beige,loose
1909,jacket,middle,beige,loose
1910,jacket,middle,beige,loose
1911,jacket,middle,beige,loose
1912,jacket,middle,beige,loose
1913,jacket,middle,beige,loose
1914,jacket,middle,beige,loose
1915,jacket,middle,beige,loose
1916,jacket,middle,beige,loose
1917,jacket,middle,beige,loose
1918,jacket,middle,beige,loose
1919,jacket,middle,beige,loose
1920,jacket,middle,beige,loose
1921,jacket,middle,beige,loose
1922,jacket,middle,beige,loose
1942,gardigun,middle,grey,tight
1943,gardigun,middle,grey,tight
1944,gardigun,middle,grey,tight
1945,gardigun,middle,grey,tight
1946,gardigun,middle,grey,tight
1947,gardigun,middle,grey,tight
1956,gardigun,middle,navy,loose
1957,gardigun,middle,navy,loose
1958,gardigun,middle,navy,loose
1959,gardigun,middle,navy,loose
1960,gardigun,middle,navy,loose
1961,gardigun,middle,navy,loose
1962,gardigun,middle,navy,loose
1963,gardigun,long,blue,loose
1964,gardigun,long,blue,loose
1965,gardigun,long,blue,loose
1966,gardigun,long,blue,loose
1967,gardigun,long,blue,loose
1968,gardigun,long,blue,loose
1969,gardigun,long,blue,loose
1970,gardigun,long,blue,loose
1971,best,long,black,loose
1972,jacket,middle,beige,loose
1973,jacket,middle,black,normal
1974,jacket,middle,black,normal
1975,jacket,middle,black,normal
1976,jacket,middle,kakki,normal
1977,jacket,middle,black,normal
1978,jacket,middle,black,normal
1979,jacket,middle,silver,loose
1980,jacket,middle,grey,loose
1981,jacket,middle,silver,loose
1982,jacket,middle,silver,loose
1983,jacket,middle,silver,loose
1984,jacket,middle,silver,loose
1985,jacket,middle,silver,loose
1986,jacket,middle,silver,loose
1987,jacket,middle,silver,loose
1988,jacket,middle,silver,loose
1989,jacket,middle,silver,loose
1990,jacket,middle,silver,loose
1991,jacket,middle,silver,loose
1992,jacket,middle,black,normal
1993,jacket,middle,black,normal
1994,jacket,middle,black,normal
1995,jacket,middle,black,normal
1996,jacket,middle,black,normal
1997,jacket,middle,black,normal
1998,jacket,middle,black,normal
1999,jacket,middle,black,normal
2002,,middle,beige,normal
2003,,middle,beige,normal
2004,,middle,beige,normal
2005,,middle,beige,normal
2006,jacket,middle,black,
2007,,middle,pink,normal
2008,jacket,middle,black,normal
2009,,middle,pink,normal
2010,,middle,pink,normal
2011,,middle,beige,normal
2012,,middle,pink,normal
2013,,middle,beige,normal
2014,,middle,beige,normal
2015,jacket,middle,beige,normal
2016,jacket,middle,beige,normal
2019,,,black,
2020,,,black,
2021,,,black,
2025,gardigun,middle,black,tight
2026,,,black,
2027,,,black,
2028,,,black,
2029,,,black,
2052,jacket,middle,black,normal
2053,jacket,middle,black,normal
2054,jacket,middle,black,normal
2056,jacket,middle,black,normal
2059,jacket,middle,black,normal
2062,jacket,middle,black,normal
2063,jacket,middle,black,normal
2068,jacket,middle,black,normal
2073,jacket,middle,black,normal
2076,jacket,middle,black,normal
2082,jacket,middle,black,normal
2083,jacket,middle,black,normal
2084,jacket,middle,black,normal
2087,jacket,middle,black,normal
2090,jacket,middle,black,normal
2091,jacket,middle,black,normal
2092,jacket,middle,black,normal
2093,jacket,middle,black,normal
2096,jacket,middle,black,normal
2100,jacket,middle,black,normal
2137,점퍼,middle,kakki,loose
2138,점퍼,middle,kakki,loose
2139,점퍼,middle,kakki,loose
2140,점퍼,middle,민트,loose
2141,점퍼,middle,민트,loose
2142,점퍼,middle,kakki,loose
2143,점퍼,middle,kakki,loose
2144,점퍼,middle,민트,loose
2145,점퍼,middle,kakki,loose
2146,점퍼,middle,민트,loose
2147,점퍼,middle,kakki,loose
2148,점퍼,middle,kakki,loose
2237,coat,long,grey,loose
2238,coat,long,grey,normal
2239,coat,long,grey,loose
2240,coat,long,grey,normal
2241,coat,long,grey,loose
2242,coat,long,grey,normal
2243,coat,long,grey,loose
2244,coat,long,grey,normal
2245,coat,long,grey,loose
2286,jacket,middle,white,loose
2287,jacket,middle,white,loose
2289,jacket,middle,white,loose
2290,jacket,middle,white,loose
2291,jacket,middle,white,loose
2292,jacket,middle,black,loose
2294,jacket,middle,black,loose
2295,jacket,middle,white,loose
2296,jacket,middle,white,loose
2297,jacket,middle,white,loose
2298,jacket,middle,white,loose
2299,jacket,middle,white,loose
2300,jacket,middle,black,loose
2301,jacket,middle,white,loose
2303,jacket,middle,white,loose
2304,jacket,middle,black,loose
2305,jacket,middle,black,loose
2306,jacket,middle,black,loose
2307,jacket,middle,white,loose
2308,jacket,middle,white,loose
2310,jacket,middle,white,loose
2315,jacket,middle,white,loose
2316,jacket,middle,white,loose
2317,jacket,middle,white,loose
2318,jacket,middle,white,loose
2319,jacket,middle,white,loose
2320,jacket,middle,white,loose
2321,jacket,middle,white,loose
2323,jacket,middle,white,loose
2324,jacket,middle,white,loose
2325,jacket,middle,white,loose
2326,jacket,middle,white,loose
2327,jacket,middle,white,loose
2328,jacket,middle,white,loose
2330,jacket,middle,white,loose
2331,jacket,middle,white,loose
2332,jacket,middle,white,loose
2333,jacket,middle,pink,loose
2334,jacket,middle,pink,loose
2335,jacket,middle,pink,loose
2336,jacket,middle,pink,loose
2337,jacket,middle,pink,loose
2338,jacket,middle,pink,loose
2339,jacket,middle,pink,loose
2340,jacket,middle,pink,loose
2341,jacket,middle,pink,loose
2342,jacket,middle,pink,loose
2343,jacket,middle,pink,loose
2349,jacket,middle,beige,loose
2350,jacket,middle,beige,loose
2351,jacket,middle,beige,loose
2352,jacket,middle,beige,loose
2353,jacket,middle,beige,loose
2354,jacket,long,와인,normal
2355,jacket,long,와인,normal
2356,jacket,long,와인,normal
2357,jacket,long,와인,normal
2358,jacket,long,와인,normal
2359,jacket,long,와인,normal
2360,jacket,long,와인,normal
2361,jacket,long,와인,normal
2362,jacket,long,와인,normal
2363,jacket,long,와인,normal
2364,jacket,long,와인,normal
2365,jacket,long,와인,normal
2366,jacket,long,와인,normal
2367,jacket,long,와인,normal
2368,jacket,long,와인,normal
2369,jacket,long,와인,normal
2370,jacket,long,와인,normal
2371,jacket,long,와인,normal
2372,jacket,long,와인,normal
2373,jacket,middle,beige,normal
2374,jacket,middle,beige,normal
2375,jacket,middle,beige,normal
2376,jacket,middle,beige,normal
2377,jacket,middle,beige,normal
2378,jacket,middle,beige,normal
2379,jacket,middle,beige,normal
2380,jacket,middle,beige,normal
2381,jacket,middle,beige,normal
2382,jacket,middle,beige,normal
2383,jacket,middle,beige,normal
2384,jacket,middle,beige,normal
2385,jacket,middle,beige,normal
2386,jacket,middle,beige,normal
2387,jacket,middle,beige,normal
2388,jacket,middle,beige,normal
2389,jacket,middle,beige,normal
2390,jacket,middle,beige,normal
2391,jacket,short,beige,normal
2392,jacket,short,beige,normal
2393,jacket,short,beige,normal
2394,jacket,short,beige,normal
2395,jacket,short,beige,normal
2396,jacket,long,white,normal
2397,jacket,long,white,normal
2398,jacket,long,white,normal
2399,jacket,middle,white,normal
2400,jacket,long,white,normal
2401,jacket,middle,white,normal
2402,jacket,middle,white,normal
2403,jacket,long,white,normal
2404,jacket,middle,white,normal
2405,jacket,long,white,normal
2406,jacket,middle,white,normal
2407,jacket,long,white,normal
2408,jacket,middle,beige,loose
2409,jacket,middle,beige,loose
2410,jacket,middle,beige,loose
2411,jacket,middle,beige,loose
2412,jacket,middle,beige,loose
2413,jacket,middle,beige,loose
2414,jacket,middle,beige,loose
2415,jacket,middle,beige,loose
2416,jacket,middle,beige,loose
2417,jacket,middle,beige,loose
2418,jacket,middle,beige,loose
2419,jacket,middle,beige,loose
2420,jacket,middle,beige,loose
2421,jacket,middle,beige,loose
2422,jacket,middle,beige,loose
2423,jacket,middle,beige,loose
2424,jacket,middle,beige,loose
2425,jacket,middle,beige,loose
2426,jacket,middle,beige,loose
2427,jacket,middle,beige,loose
2428,jacket,middle,beige,loose
2429,jacket,middle,beige,loose
2430,jacket,middle,beige,loose
2431,jacket,middle,beige,loose
2432,jacket,middle,beige,loose
2433,jacket,middle,beige,loose
2434,jacket,middle,beige,loose
2435,jacket,middle,beige,loose
2436,jacket,middle,beige,loose
2437,jacket,middle,beige,loose
2438,jacket,middle,beige,loose
2439,jacket,middle,beige,loose
2440,jacket,middle,beige,loose
2441,jacket,middle,beige,loose
2442,jacket,middle,beige,loose
2443,jacket,middle,beige,loose
2444,jacket,middle,beige,loose
2445,jacket,middle,beige,loose
2446,jacket,middle,beige,loose
2447,jacket,middle,beige,loose
2448,jacket,middle,beige,loose
2449,jacket,middle,silver,loose
2450,jacket,middle,silver,loose
2451,jacket,middle,silver,loose
2452,jacket,middle,silver,loose
2453,jacket,middle,silver,loose
2454,jacket,middle,silver,loose
2455,jacket,middle,silver,loose
2456,jacket,middle,silver,loose
2457,jacket,middle,silver,loose
2458,jacket,middle,silver,loose
2459,jacket,middle,silver,loose
2460,jacket,middle,silver,loose
2461,jacket,middle,silver,loose
2462,jacket,middle,silver,loose
2463,jacket,middle,silver,loose
2464,jacket,middle,silver,loose
2465,jacket,middle,silver,loose
2466,jacket,middle,silver,loose
2467,jacket,middle,silver,loose
2468,jacket,middle,silver,loose
2469,jacket,middle,silver,loose
2470,jacket,middle,silver,loose
2471,jacket,middle,silver,loose
2472,jacket,middle,silver,loose
2492,jacket,middle,silver,loose
2517,jacket,middle,beige,loose
2519,jacket,middle,beige,loose
2520,jacket,middle,beige,loose
2521,jacket,middle,beige,loose
2523,jacket,middle,beige,loose
2525,jacket,middle,beige,loose
2526,jacket,middle,beige,loose
2527,jacket,middle,beige,loose
2528,jacket,middle,beige,loose
2530,jacket,middle,beige,loose
2534,jacket,middle,beige,loose
2536,jacket,middle,beige,loose
2539,jacket,middle,beige,loose
2540,jacket,middle,beige,loose
2541,jacket,middle,beige,loose
2542,jacket,middle,beige,loose
2543,jacket,middle,beige,loose
2544,jacket,middle,beige,loose
2545,jacket,middle,beige,loose
2546,jacket,middle,beige,loose
2547,jacket,middle,beige,loose
2550,jacket,middle,beige,loose
2551,jacket,middle,beige,loose
2553,jacket,middle,beige,loose
2559,jacket,long,brown,loose
2562,jacket,middle,beige,loose
2563,jacket,middle,beige,loose
2564,jacket,middle,beige,loose
2565,jacket,middle,beige,loose
2566,jacket,middle,beige,loose
2569,jacket,middle,beige,loose
2570,jacket,middle,beige,loose
2572,jacket,long,brown,loose
2575,jacket,middle,beige,loose
2577,jacket,middle,beige,loose
2578,jacket,middle,beige,loose
2580,jacket,middle,beige,loose
2581,jacket,middle,beige,loose
2582,jacket,middle,beige,loose
2585,jacket,middle,beige,loose
2587,jacket,middle,beige,loose
2588,jacket,middle,beige,loose
2589,jacket,middle,beige,loose
2591,jacket,middle,beige,loose
2592,jacket,middle,beige,loose
2593,jacket,middle,beige,loose
2594,jacket,middle,beige,loose
2595,jacket,middle,beige,loose
2596,jacket,middle,beige,loose
2600,jacket,middle,beige,loose
2602,jacket,middle,beige,loose
2743,jacket,middle,black,normal
2746,jacket,middle,black,normal
2748,jacket,middle,black,normal
2751,jacket,middle,black,normal
2752,jacket,middle,black,normal
2755,jacket,middle,black,normal
2762,jacket,middle,black,normal
2765,jacket,middle,black,normal
2767,jacket,middle,grey,normal
2771,jacket,middle,black,normal
2780,jacket,middle,grey,normal
2781,jacket,middle,grey,normal
2782,jacket,middle,grey,normal
2784,jacket,middle,grey,normal
2785,jacket,middle,black,normal
2786,jacket,middle,grey,normal
2787,jacket,middle,grey,normal
2789,jacket,middle,black,normal
2803,jacket,middle,black,normal
2804,jacket,middle,black,normal
2806,jacket,middle,black,normal
2807,jacket,middle,black,normal
2809,jacket,middle,black,normal
2810,jacket,middle,black,normal
2812,jacket,middle,black,normal
2814,jacket,middle,black,normal
2815,jacket,middle,black,normal
2816,jacket,middle,black,normal
2817,jacket,middle,black,normal
2818,jacket,middle,beige,normal
2819,jacket,middle,beige,normal
2820,jacket,middle,beige,normal
2821,jacket,middle,beige,normal
2822,jacket,middle,beige,normal
2823,jacket,short,black,loose
2824,jacket,middle,black,normal
2825,jacket,middle,black,normal
2826,jacket,short,black,loose
2827,jacket,middle,black,normal
2828,jacket,short,black,loose
2829,jacket,short,black,loose
2830,jacket,middle,black,loose
2831,jacket,middle,black,loose
2832,jacket,middle,black,loose
2833,jacket,middle,black,loose
2834,jacket,middle,black,loose
2835,jacket,middle,black,loose
2836,jacket,middle,black,loose
2837,jacket,middle,black,loose
2838,jacket,middle,black,loose
2839,jacket,middle,black,loose
2840,coat,long,navy,normal
2841,coat,long,navy,normal
2842,coat,long,navy,normal
2843,coat,long,navy,normal
2844,coat,long,navy,normal
2845,coat,long,navy,normal
2846,coat,long,navy,normal
2847,jacket,middle,silver,normal
2848,jacket,middle,grey,normal
2849,jacket,middle,grey,normal
2850,jacket,middle,grey,normal
2851,jacket,middle,grey,normal
2852,jacket,middle,grey,normal
2853,jacket,middle,silver,normal
2854,jacket,middle,grey,normal
2855,jacket,middle,silver,normal
2856,best,middle,navy,normal
2857,best,middle,navy,normal
2866,jacket,middle,black,loose
2872,jacket,middle,black,loose
2873,jacket,middle,black,loose
2875,jacket,middle,black,loose
2882,jacket,middle,black,loose
2884,jacket,middle,black,loose
2885,jacket,middle,black,loose
2888,jacket,middle,black,loose
2889,jacket,middle,black,loose
2890,jacket,middle,black,loose
2891,jacket,middle,black,loose
2892,jacket,middle,black,loose
2893,jacket,middle,black,loose
2894,jacket,middle,black,loose
2895,jacket,middle,black,loose
2896,jacket,middle,black,loose
2897,jacket,long,navy,loose
2898,jacket,long,navy,loose
2899,jacket,long,navy,loose
2900,jacket,long,navy,loose
2901,jacket,long,navy,loose
2902,jacket,long,navy,loose
2903,jacket,long,navy,loose
2904,jacket,long,navy,loose
2905,jacket,long,navy,loose
2906,jacket,long,navy,loose
2907,jacket,long,navy,loose
2908,jacket,long,navy,loose
2909,jacket,long,navy,loose
2910,jacket,long,navy,loose
2911,jacket,long,navy,loose
2912,jacket,long,navy,loose
2913,jacket,long,navy,loose
2943,jacket,long,beige,loose
2944,jacket,long,beige,loose
2945,jacket,middle,beige,loose
2946,jacket,middle,beige,loose
2947,jacket,long,beige,loose
2948,jacket,middle,beige,loose
2949,jacket,long,beige,loose
2951,jacket,long,beige,loose
2952,jacket,middle,beige,loose
2953,jacket,middle,beige,loose
2954,jacket,long,grey,loose
2955,jacket,long,beige,loose
2957,jacket,long,grey,loose
2958,jacket,middle,beige,loose
2959,jacket,long,kakki,loose
3000,jacket,middle,grey,loose
3001,jacket,middle,레드,loose
3002,jacket,middle,grey,loose
3003,jacket,middle,grey,loose
3004,jacket,middle,grey,loose
3005,jacket,middle,grey,loose
3006,jacket,middle,grey,loose
3007,jacket,middle,grey,loose
3008,jacket,middle,grey,loose
3009,jacket,middle,black,loose
3010,jacket,middle,black,loose
3011,jacket,middle,black,loose
3012,jacket,middle,black,loose
3013,jacket,middle,black,loose
3014,jacket,middle,black,loose
3015,jacket,middle,black,loose
3016,jacket,middle,black,loose
3017,jacket,middle,black,loose
3018,jacket,middle,black,loose
3019,jacket,middle,black,loose
3020,jacket,middle,black,loose
3021,jacket,middle,black,loose
3022,jacket,middle,black,loose
3023,jacket,middle,black,loose
3024,jacket,middle,black,loose
3025,jacket,middle,black,loose
3026,jacket,middle,black,loose
3027,jacket,middle,black,loose
3028,jacket,middle,black,loose
3053,jacket,middle,kakki,loose
3054,jacket,middle,kakki,loose
3055,jacket,middle,kakki,loose
3056,jacket,middle,kakki,loose
3057,jacket,middle,kakki,loose
3058,jacket,middle,kakki,loose
3059,jacket,middle,kakki,loose
3061,jacket,middle,kakki,loose
3062,jacket,middle,kakki,loose
3063,jacket,middle,kakki,loose
3064,jacket,middle,kakki,loose
3065,jacket,middle,kakki,loose
3066,jacket,middle,kakki,loose
3067,jacket,middle,kakki,loose
3068,jacket,middle,kakki,loose
3069,jacket,middle,kakki,loose
3070,jacket,middle,beige,loose
3071,jacket,middle,kakki,loose
3072,jacket,middle,kakki,loose
3073,jacket,middle,kakki,loose
3074,jacket,middle,kakki,loose
3075,jacket,middle,kakki,loose
3123,jacket,middle,brown,loose
3124,jacket,middle,brown,loose
3125,jacket,middle,brown,loose
3126,jacket,middle,brown,loose
3127,jacket,middle,brown,loose
3128,jacket,middle,brown,loose
3129,jacket,middle,brown,loose
3130,jacket,middle,brown,loose
3131,jacket,middle,brown,loose
3132,jacket,middle,brown,loose
3133,jacket,middle,brown,loose
3134,jacket,middle,brown,loose
3324,jacket,middle,silver,loose
3325,jacket,middle,silver,loose
3326,jacket,middle,,loose
3329,jacket,middle,silver,loose
3330,jacket,middle,silver,loose
3331,jacket,middle,silver,loose
3333,jacket,middle,silver,loose
3334,jacket,middle,silver,loose
3335,jacket,middle,silver,loose
3336,jacket,middle,silver,loose
3338,jacket,middle,silver,loose
3339,jacket,middle,silver,loose
3340,jacket,middle,silver,loose
3341,jacket,middle,silver,loose
3342,jacket,middle,silver,loose
3343,jacket,middle,silver,loose
3344,jacket,middle,silver,loose
3345,jacket,middle,,loose
3346,jacket,middle,lavender,loose
3347,jacket,middle,silver,loose
3350,jacket,middle,silver,loose
3351,jacket,middle,silver,loose
3352,jacket,middle,silver,loose
3353,jacket,middle,silver,loose
3354,jacket,middle,silver,loose
3355,jacket,middle,silver,loose
3448,jacket,middle,silver,loose
3449,jacket,middle,grey,loose
3450,jacket,middle,grey,loose
3451,jacket,middle,grey,loose
3452,jacket,middle,silver,loose
3453,jacket,middle,grey,loose
3454,jacket,middle,grey,loose
3455,jacket,middle,silver,loose
3456,jacket,middle,grey,loose
3457,jacket,middle,grey,loose
3458,jacket,middle,grey,loose
3460,jacket,middle,grey,loose
3461,jacket,middle,grey,loose
3462,jacket,middle,grey,loose
3463,jacket,middle,grey,loose
3464,jacket,middle,grey,loose
3466,jacket,middle,silver,loose
3467,jacket,middle,silver,loose
3468,jacket,middle,grey,loose
3469,jacket,middle,grey,loose
3470,jacket,middle,grey,loose
3471,jacket,middle,grey,loose
3472,jacket,middle,grey,loose
3473,jacket,middle,grey,loose
3474,jacket,middle,grey,loose
3475,jacket,middle,grey,loose
3476,jacket,middle,silver,loose
3477,jacket,middle,silver,loose
3478,jacket,middle,grey,loose
3480,jacket,middle,silver,loose
3481,jacket,middle,silver,loose
3483,jacket,middle,silver,loose
3484,jacket,middle,silver,loose
3485,jacket,middle,grey,loose
3486,jacket,middle,grey,loose
3487,jacket,middle,grey,loose
3488,jacket,middle,grey,loose
3489,jacket,middle,grey,loose
3490,jacket,middle,grey,loose
3491,jacket,middle,grey,loose
3492,jacket,middle,grey,loose
3493,jacket,middle,grey,loose
3494,jacket,middle,grey,loose
3495,jacket,middle,grey,loose
3496,jacket,middle,grey,loose
3497,jacket,middle,grey,loose
3498,jacket,middle,grey,loose
3499,jacket,middle,grey,loose
3500,jacket,middle,grey,loose
3501,jacket,middle,grey,loose
3502,jacket,middle,grey,loose
3503,jacket,middle,grey,loose
3504,jacket,middle,grey,loose
3528,jacket,middle,navy,loose
3529,jacket,middle,navy,loose
3530,jacket,middle,navy,loose
3531,jacket,middle,navy,loose
3532,jacket,middle,navy,loose
3533,jacket,middle,navy,loose
3534,jacket,middle,navy,loose
3535,gardigun,middle,white,normal
3536,gardigun,middle,white,normal
3537,gardigun,middle,white,normal
3538,gardigun,middle,white,normal
3539,gardigun,middle,white,normal
3540,gardigun,middle,white,normal
3541,gardigun,middle,white,normal
3542,gardigun,middle,white,normal
3543,gardigun,middle,white,normal
3544,gardigun,middle,white,normal
3545,gardigun,middle,white,normal
3547,gardigun,middle,white,normal
3548,gardigun,middle,white,normal
3549,gardigun,middle,white,normal
3550,gardigun,middle,white,normal
3551,jacket,middle,grey,loose
3552,jacket,middle,grey,loose
3553,jacket,middle,grey,loose
3554,jacket,middle,grey,loose
3555,jacket,middle,grey,loose
3556,jacket,middle,grey,loose
3557,jacket,middle,grey,loose
3558,jacket,middle,grey,loose
3559,jacket,middle,grey,loose
3560,jacket,middle,grey,loose
3561,jacket,middle,grey,loose
3562,jacket,middle,grey,loose
3563,jacket,middle,grey,loose
3564,jacket,middle,grey,loose
3565,점퍼,middle,black,normal
3566,점퍼,middle,black,normal
3567,점퍼,middle,black,normal
3568,점퍼,middle,black,normal
3569,점퍼,middle,black,normal
3570,점퍼,middle,black,normal
3571,점퍼,middle,black,normal
3572,점퍼,middle,black,normal
3573,점퍼,middle,black,normal
3574,점퍼,middle,black,normal
3575,jacket,middle,black,loose
3576,jacket,middle,black,loose
3577,jacket,middle,black,loose
3578,jacket,middle,black,loose
3618,jacket,middle,beige,normal
3620,jacket,middle,beige,normal
3622,jacket,middle,beige,normal
3625,jacket,middle,beige,normal
3626,jacket,middle,beige,normal
3628,jacket,middle,beige,normal
3629,jacket,middle,beige,normal
3630,jacket,middle,beige,normal
3637,jacket,middle,beige,normal
3642,jacket,middle,beige,normal
3644,jacket,middle,beige,normal
3649,jacket,middle,beige,normal
3650,jacket,middle,beige,normal
3664,coat,long,grey,loose
3665,jacket,middle,grey,normal
3666,coat,long,grey,loose
3667,coat,long,grey,loose
3668,jacket,middle,grey,loose
3669,coat,long,grey,loose
3670,jacket,middle,grey,loose
3671,coat,long,beige,loose
3672,jacket,middle,grey,loose
3673,jacket,middle,grey,loose
3674,jacket,middle,grey,normal
3675,jacket,middle,grey,loose
3676,jacket,middle,grey,loose
3677,jacket,middle,grey,loose
3678,jacket,middle,grey,normal
3679,jacket,middle,grey,loose
3680,jacket,middle,grey,normal
3681,jacket,middle,grey,normal
3682,jacket,middle,grey,loose
3683,jacket,middle,grey,loose
3684,jacket,middle,grey,loose
3685,jacket,middle,grey,loose
3686,jacket,middle,grey,loose
3687,jacket,middle,grey,loose
3688,jacket,middle,grey,normal
3738,jacket,middle,beige,normal
3739,jacket,middle,beige,normal
3740,jacket,middle,beige,normal
3741,jacket,middle,beige,normal
3742,jacket,middle,beige,normal
3743,jacket,middle,beige,normal
3744,jacket,middle,beige,normal
3745,jacket,middle,beige,normal
3746,jacket,middle,beige,normal
3747,jacket,middle,beige,normal
3748,jacket,middle,beige,normal
3749,jacket,middle,beige,normal
3750,jacket,middle,beige,normal
3751,jacket,middle,beige,normal
3752,jacket,middle,beige,normal
3753,jacket,middle,beige,normal
3754,jacket,middle,beige,normal
3755,jacket,middle,beige,normal
3756,jacket,middle,beige,normal
3757,jacket,middle,beige,normal
3758,jacket,middle,beige,normal
3759,jacket,middle,beige,normal
3760,jacket,middle,beige,normal
3761,jacket,middle,beige,normal
3762,jacket,middle,beige,normal
3763,jacket,middle,beige,normal
3764,coat,long,black,loose
3765,coat,long,grey,normal
3766,coat,long,grey,normal
3767,coat,long,grey,normal
3768,coat,long,grey,normal
3769,coat,long,grey,normal
3770,coat,long,grey,normal
3771,coat,long,grey,normal
3772,coat,long,grey,normal
3773,coat,long,grey,normal
3774,coat,long,grey,normal
3775,coat,long,grey,normal
3776,coat,long,grey,normal
3777,coat,long,grey,normal
3778,coat,long,grey,normal
3779,coat,long,grey,normal
3780,coat,long,grey,normal
3781,coat,long,grey,normal
3782,coat,long,grey,normal
3783,coat,long,grey,normal
3784,coat,long,grey,normal
3785,coat,long,grey,normal
3786,coat,long,grey,normal
3787,coat,long,grey,normal
3788,coat,long,grey,normal
3789,coat,long,grey,normal
3790,coat,long,grey,normal
3791,coat,long,grey,normal
3792,coat,long,grey,normal
3793,coat,long,grey,normal
3794,coat,long,grey,normal
3795,coat,long,grey,normal
3796,coat,long,grey,normal
3797,coat,long,grey,normal
3798,coat,long,grey,normal
3799,coat,long,grey,normal
3800,coat,long,grey,normal
3801,coat,long,grey,normal
3802,coat,long,grey,normal
3803,coat,long,grey,normal
3804,coat,long,grey,normal
3805,coat,long,grey,normal
3806,coat,long,grey,normal
3807,coat,long,grey,normal
3808,coat,long,grey,normal
3809,coat,long,grey,normal
3810,coat,long,grey,normal
3811,coat,long,grey,normal
3812,coat,long,grey,normal
3813,coat,long,grey,normal
3814,coat,long,grey,normal
3815,coat,long,grey,normal
3816,coat,long,grey,loose
3817,jacket,middle,brown,normal
3818,coat,long,grey,loose
3819,coat,long,grey,loose
3820,jacket,middle,brown,normal
3821,jacket,middle,brown,normal
3822,jacket,middle,brown,normal
3823,coat,long,grey,loose
3824,jacket,middle,brown,normal
3825,jacket,middle,brown,normal
3826,coat,long,grey,loose
3827,coat,long,grey,loose
3828,coat,long,grey,loose
3829,jacket,middle,brown,normal
3830,coat,long,grey,loose
3831,coat,long,grey,loose
3832,coat,long,grey,loose
3833,coat,middle,black,loose
3834,coat,long,grey,loose
3835,coat,long,grey,loose
3836,coat,long,grey,loose
3837,coat,long,grey,loose
3838,coat,long,grey,loose
3839,coat,long,grey,loose
3840,coat,middle,black,loose
3841,coat,long,grey,loose
3842,coat,long,grey,loose
3843,coat,long,grey,loose
3844,coat,long,grey,loose
3845,coat,long,grey,loose
3846,coat,middle,black,loose
3847,coat,long,grey,loose
3848,coat,long,brown,loose
3849,coat,long,brown,loose
3850,coat,long,brown,loose
3851,coat,long,brown,loose
3852,coat,long,brown,loose
3853,coat,long,brown,loose
3854,coat,long,black,normal
3855,coat,middle,black,loose
3856,coat,middle,black,loose
3857,coat,long,black,normal
3858,coat,middle,black,loose
3859,coat,long,black,normal
3860,coat,long,black,normal
3861,coat,long,black,normal
3862,coat,middle,black,loose
3863,coat,long,black,normal
3864,coat,long,black,normal
3865,coat,long,brown,loose
3866,coat,middle,black,loose
3867,coat,long,black,normal
3868,coat,middle,black,loose
3869,coat,middle,black,loose
3870,coat,long,brown,loose
3871,coat,middle,black,loose
3872,coat,middle,black,loose
3873,coat,long,grey,loose
3907,best,middle,beige,normal
3908,best,middle,beige,normal
3909,best,middle,beige,normal
3910,best,middle,beige,normal
3911,best,middle,beige,normal
3912,best,middle,beige,normal
3913,best,middle,beige,normal
3914,best,middle,beige,normal
3915,best,middle,beige,normal
3916,best,middle,beige,normal
3917,best,middle,beige,normal
3918,best,middle,beige,normal
3919,best,middle,beige,normal
3938,gardigun,short,beige,normal
3939,gardigun,short,,normal
3940,gardigun,short,beige,normal
3941,gardigun,short,,normal
3942,gardigun,short,beige,normal
3943,gardigun,short,beige,normal
3944,gardigun,short,beige,normal
3945,gardigun,short,beige,normal
3946,gardigun,short,,normal
3947,gardigun,short,,normal
3948,gardigun,short,,normal
3949,gardigun,short,beige,normal
3950,gardigun,short,beige,normal
3951,gardigun,short,beige,normal
3952,gardigun,short,,normal
3953,gardigun,short,,normal
3954,gardigun,short,beige,normal
3955,gardigun,short,,normal
3956,gardigun,short,,normal
3967,gardigun,short,,normal
3970,gardigun,short,,normal
3971,gardigun,short,,normal
4000,coat,long,beige,loose
4001,jacket,long,,loose
4002,jacket,long,,loose
4005,coat,long,black,loose
4012,coat,long,black,loose
4016,coat,long,black,loose
4017,jacket,middle,black,loose
4018,jacket,middle,black,loose
4019,jacket,middle,black,loose
4020,jacket,middle,black,loose
4021,jacket,middle,navy,loose
4022,jacket,middle,black,loose
4023,jacket,middle,navy,loose
4024,jacket,middle,black,loose
4025,jacket,middle,black,loose
4026,jacket,middle,black,loose
4027,jacket,middle,black,loose
4028,jacket,middle,black,loose
4029,jacket,middle,navy,loose
0,0,0,0,0
0,0,0,0,0
0,0,0,0,0
0,0,0,0,0
0,0,0,0,0
0,0,0,0,0
0,0,0,0,0
0,0,0,0,0
0,0,0,0,0
0,0,0,0,0
0,0,0,0,0
0,0,0,0,0
0,0,0,0,0
0,0,0,0,0
0,0,0,0,0
0,0,0,0,0
0,0,0,0,0
0,0,0,0,0
0,0,0,0,0
0,0,0,0,0
0,0,0,0,0
0,0,0,0,0
0,0,0,0,0
0,0,0,0,0
0,0,0,0,0
0,0,0,0,0
0,0,0,0,0
0,0,0,0,0
0,0,0,0,0
0,0,0,0,0
0,0,0,0,0
0,0,0,0,0
0,0,0,0,0
0,0,0,0,0
0,0,0,0,0
0,0,0,0,0
0,0,0,0,0
0,0,0,0,0
0,0,0,0,0
0,0,0,0,0
0,0,0,0,0
0,0,0,0,0
0,0,0,0,0
0,0,0,0,0
0,0,0,0,0
0,0,0,0,0
0,0,0,0,0
0,0,0,0,0
0,0,0,0,0
0,0,0,0,0
0,0,0,0,0
0,0,0,0,0
0,0,0,0,0
0,0,0,0,0
0,0,0,0,0
0,0,0,0,0
0,0,0,0,0
0,0,0,0,0
0,0,0,0,0
0,0,0,0,0
0,0,0,0,0
0,0,0,0,0
0,0,0,0,0
0,0,0,0,0
0,0,0,0,0
0,0,0,0,0
0,0,0,0,0
0,0,0,0,0
0,0,0,0,0
0,0,0,0,0
0,0,0,0,0
0,0,0,0,0
0,0,0,0,0
0,0,0,0,0
0,0,0,0,0
0,0,0,0,0
0,0,0,0,0
0,0,0,0,0
0,0,0,0,0
0,0,0,0,0
0,0,0,0,0
0,0,0,0,0
0,0,0,0,0
0,0,0,0,0
0,0,0,0,0
0,0,0,0,0
0,0,0,0,0
0,0,0,0,0
0,0,0,0,0
0,0,0,0,0
0,0,0,0,0
0,0,0,0,0
0,0,0,0,0
0,0,0,0,0
0,0,0,0,0
0,0,0,0,0
0,0,0,0,0
0,0,0,0,0
0,0,0,0,0
0,0,0,0,0
0,0,0,0,0
0,0,0,0,0
0,0,0,0,0
0,0,0,0,0
0,0,0,0,0
0,0,0,0,0
0,0,0,0,0
0,0,0,0,0
0,0,0,0,0
0,0,0,0,0
0,0,0,0,0
0,0,0,0,0
0,0,0,0,0
0,0,0,0,0
0,0,0,0,0
0,0,0,0,0
0,0,0,0,0
0,0,0,0,0
0,0,0,0,0
0,0,0,0,0
0,0,0,0,0
0,0,0,0,0
0,0,0,0,0
0,0,0,0,0
0,0,0,0,0
0,0,0,0,0
0,0,0,0,0
0,0,0,0,0
0,0,0,0,0
0,0,0,0,0
0,0,0,0,0
0,0,0,0,0
0,0,0,0,0
0,0,0,0,0
0,0,0,0,0
0,0,0,0,0
0,0,0,0,0
0,0,0,0,0
0,0,0,0,0
0,0,0,0,0
0,0,0,0,0
0,0,0,0,0
0,0,0,0,0
0,0,0,0,0
0,0,0,0,0
0,0,0,0,0
0,0,0,0,0
0,0,0,0,0
0,0,0,0,0
0,0,0,0,0
0,0,0,0,0
0,0,0,0,0
0,0,0,0,0
0,0,0,0,0
0,0,0,0,0
0,0,0,0,0
0,0,0,0,0
0,0,0,0,0
0,0,0,0,0
0,0,0,0,0
0,0,0,0,0
0,0,0,0,0
0,0,0,0,0
0,0,0,0,0
0,0,0,0,0
0,0,0,0,0
0,0,0,0,0
0,0,0,0,0
0,0,0,0,0
0,0,0,0,0
0,0,0,0,0
0,0,0,0,0
0,0,0,0,0
0,0,0,0,0
0,0,0,0,0
0,0,0,0,0
0,0,0,0,0
0,0,0,0,0
0,0,0,0,0
0,0,0,0,0
0,0,0,0,0
0,0,0,0,0
0,0,0,0,0
0,0,0,0,0
0,0,0,0,0
0,0,0,0,0
0,0,0,0,0
0,0,0,0,0
0,0,0,0,0
0,0,0,0,0
0,0,0,0,0
0,0,0,0,0
0,0,0,0,0
0,0,0,0,0
0,0,0,0,0
0,0,0,0,0
0,0,0,0,0
0,0,0,0,0
0,0,0,0,0
0,0,0,0,0
0,0,0,0,0
0,0,0,0,0
0,0,0,0,0
0,0,0,0,0
0,0,0,0,0
0,0,0,0,0
0,0,0,0,0
0,0,0,0,0
0,0,0,0,0
0,0,0,0,0
0,0,0,0,0
0,0,0,0,0
0,0,0,0,0
0,0,0,0,0
0,0,0,0,0
0,0,0,0,0
0,0,0,0,0
0,0,0,0,0
0,0,0,0,0
0,0,0,0,0
0,0,0,0,0
0,0,0,0,0
0,0,0,0,0
0,0,0,0,0
0,0,0,0,0
0,0,0,0,0
0,0,0,0,0
0,0,0,0,0
0,0,0,0,0
0,0,0,0,0
0,0,0,0,0
0,0,0,0,0
0,0,0,0,0
0,0,0,0,0
0,0,0,0,0
0,0,0,0,0
0,0,0,0,0
0,0,0,0,0
0,0,0,0,0
0,0,0,0,0
0,0,0,0,0
0,0,0,0,0
0,0,0,0,0
0,0,0,0,0
0,0,0,0,0
0,0,0,0,0
0,0,0,0,0
0,0,0,0,0
0,0,0,0,0
0,0,0,0,0
0,0,0,0,0
0,0,0,0,0
0,0,0,0,0
0,0,0,0,0
0,0,0,0,0
0,0,0,0,0
0,0,0,0,0
0,0,0,0,0
0,0,0,0,0
0,0,0,0,0
0,0,0,0,0
0,0,0,0,0
0,0,0,0,0
0,0,0,0,0
0,0,0,0,0
0,0,0,0,0
0,0,0,0,0
0,0,0,0,0
0,0,0,0,0
0,0,0,0,0
0,0,0,0,0
0,0,0,0,0
0,0,0,0,0
0,0,0,0,0
0,0,0,0,0
0,0,0,0,0
0,0,0,0,0
0,0,0,0,0
0,0,0,0,0
0,0,0,0,0
0,0,0,0,0
0,0,0,0,0
0,0,0,0,0
0,0,0,0,0
0,0,0,0,0
0,0,0,0,0
0,0,0,0,0
0,0,0,0,0
0,0,0,0,0
0,0,0,0,0
0,0,0,0,0
0,0,0,0,0
0,0,0,0,0
0,0,0,0,0
0,0,0,0,0
0,0,0,0,0
0,0,0,0,0
0,0,0,0,0
0,0,0,0,0
0,0,0,0,0
0,0,0,0,0
0,0,0,0,0
0,0,0,0,0
0,0,0,0,0
0,0,0,0,0
0,0,0,0,0
0,0,0,0,0
0,0,0,0,0
0,0,0,0,0
0,0,0,0,0
0,0,0,0,0
0,0,0,0,0
0,0,0,0,0
0,0,0,0,0
0,0,0,0,0
0,0,0,0,0
0,0,0,0,0
0,0,0,0,0
0,0,0,0,0
0,0,0,0,0
0,0,0,0,0
0,0,0,0,0
0,0,0,0,0
0,0,0,0,0
0,0,0,0,0
0,0,0,0,0
0,0,0,0,0
0,0,0,0,0
0,0,0,0,0
0,0,0,0,0
0,0,0,0,0
0,0,0,0,0
0,0,0,0,0
0,0,0,0,0
0,0,0,0,0
0,0,0,0,0
0,0,0,0,0
0,0,0,0,0
0,0,0,0,0
0,0,0,0,0
0,0,0,0,0
0,0,0,0,0
0,0,0,0,0
0,0,0,0,0
0,0,0,0,0
0,0,0,0,0
0,0,0,0,0
0,0,0,0,0
0,0,0,0,0
0,0,0,0,0
0,0,0,0,0
0,0,0,0,0
0,0,0,0,0
0,0,0,0,0
0,0,0,0,0
0,0,0,0,0
0,0,0,0,0
0,0,0,0,0
0,0,0,0,0
0,0,0,0,0
0,0,0,0,0
0,0,0,0,0
0,0,0,0,0
0,0,0,0,0
0,0,0,0,0
0,0,0,0,0
0,0,0,0,0
0,0,0,0,0
0,0,0,0,0
0,0,0,0,0
0,0,0,0,0
0,0,0,0,0
0,0,0,0,0
0,0,0,0,0
0,0,0,0,0
0,0,0,0,0
0,0,0,0,0
0,0,0,0,0
0,0,0,0,0
0,0,0,0,0
0,0,0,0,0
0,0,0,0,0
0,0,0,0,0
0,0,0,0,0
0,0,0,0,0
0,0,0,0,0
0,0,0,0,0
0,0,0,0,0
0,0,0,0,0
0,0,0,0,0
0,0,0,0,0
0,0,0,0,0
0,0,0,0,0
0,0,0,0,0
0,0,0,0,0
0,0,0,0,0
0,0,0,0,0
0,0,0,0,0
0,0,0,0,0
0,0,0,0,0
0,0,0,0,0
0,0,0,0,0
0,0,0,0,0
0,0,0,0,0
0,0,0,0,0
0,0,0,0,0
0,0,0,0,0
0,0,0,0,0
0,0,0,0,0
0,0,0,0,0
0,0,0,0,0
0,0,0,0,0
0,0,0,0,0
0,0,0,0,0
0,0,0,0,0
0,0,0,0,0
0,0,0,0,0
0,0,0,0,0
0,0,0,0,0
0,0,0,0,0
0,0,0,0,0
0,0,0,0,0
0,0,0,0,0
0,0,0,0,0
0,0,0,0,0
0,0,0,0,0
0,0,0,0,0
0,0,0,0,0
0,0,0,0,0
0,0,0,0,0
0,0,0,0,0
0,0,0,0,0
0,0,0,0,0
0,0,0,0,0
0,0,0,0,0
0,0,0,0,0
0,0,0,0,0
0,0,0,0,0
0,0,0,0,0
0,0,0,0,0
0,0,0,0,0
0,0,0,0,0
0,0,0,0,0
0,0,0,0,0
0,0,0,0,0
0,0,0,0,0
0,0,0,0,0
0,0,0,0,0
0,0,0,0,0
0,0,0,0,0
0,0,0,0,0
0,0,0,0,0
0,0,0,0,0
0,0,0,0,0
0,0,0,0,0
0,0,0,0,0
0,0,0,0,0
0,0,0,0,0
0,0,0,0,0
0,0,0,0,0
0,0,0,0,0
0,0,0,0,0
0,0,0,0,0
0,0,0,0,0
0,0,0,0,0
0,0,0,0,0
0,0,0,0,0
0,0,0,0,0
0,0,0,0,0
0,0,0,0,0
0,0,0,0,0
0,0,0,0,0
0,0,0,0,0
0,0,0,0,0
0,0,0,0,0
0,0,0,0,0
0,0,0,0,0
0,0,0,0,0
0,0,0,0,0
0,0,0,0,0
0,0,0,0,0
0,0,0,0,0
0,0,0,0,0
0,0,0,0,0
0,0,0,0,0
0,0,0,0,0
0,0,0,0,0
0,0,0,0,0
0,0,0,0,0
0,0,0,0,0
0,0,0,0,0
0,0,0,0,0
0,0,0,0,0
0,0,0,0,0
0,0,0,0,0
0,0,0,0,0
0,0,0,0,0
0,0,0,0,0
0,0,0,0,0
0,0,0,0,0
0,0,0,0,0
0,0,0,0,0
0,0,0,0,0
0,0,0,0,0
0,0,0,0,0
0,0,0,0,0
0,0,0,0,0
0,0,0,0,0
0,0,0,0,0
0,0,0,0,0
0,0,0,0,0
0,0,0,0,0
0,0,0,0,0
0,0,0,0,0
0,0,0,0,0
0,0,0,0,0
0,0,0,0,0
0,0,0,0,0
0,0,0,0,0
0,0,0,0,0
0,0,0,0,0
0,0,0,0,0
0,0,0,0,0
0,0,0,0,0
0,0,0,0,0
0,0,0,0,0
0,0,0,0,0
0,0,0,0,0
0,0,0,0,0
0,0,0,0,0
0,0,0,0,0
0,0,0,0,0
0,0,0,0,0
0,0,0,0,0
0,0,0,0,0
0,0,0,0,0
0,0,0,0,0
0,0,0,0,0
0,0,0,0,0
0,0,0,0,0
0,0,0,0,0
0,0,0,0,0
0,0,0,0,0
0,0,0,0,0
0,0,0,0,0
0,0,0,0,0
0,0,0,0,0
0,0,0,0,0
0,0,0,0,0
0,0,0,0,0
0,0,0,0,0
0,0,0,0,0
0,0,0,0,0
0,0,0,0,0
0,0,0,0,0
0,0,0,0,0
0,0,0,0,0
0,0,0,0,0
0,0,0,0,0
0,0,0,0,0
0,0,0,0,0
0,0,0,0,0
0,0,0,0,0
0,0,0,0,0
0,0,0,0,0
0,0,0,0,0
0,0,0,0,0
0,0,0,0,0
0,0,0,0,0
0,0,0,0,0
0,0,0,0,0
0,0,0,0,0
0,0,0,0,0
0,0,0,0,0
0,0,0,0,0
0,0,0,0,0
0,0,0,0,0
0,0,0,0,0
0,0,0,0,0
0,0,0,0,0
0,0,0,0,0
0,0,0,0,0
0,0,0,0,0
0,0,0,0,0
0,0,0,0,0
0,0,0,0,0
0,0,0,0,0
0,0,0,0,0
0,0,0,0,0
0,0,0,0,0
0,0,0,0,0
0,0,0,0,0
0,0,0,0,0
0,0,0,0,0
0,0,0,0,0
0,0,0,0,0
0,0,0,0,0
0,0,0,0,0
0,0,0,0,0
0,0,0,0,0
0,0,0,0,0
0,0,0,0,0
0,0,0,0,0
0,0,0,0,0
0,0,0,0,0
0,0,0,0,0
0,0,0,0,0
0,0,0,0,0
0,0,0,0,0
0,0,0,0,0
0,0,0,0,0
0,0,0,0,0
0,0,0,0,0
0,0,0,0,0
0,0,0,0,0
0,0,0,0,0
0,0,0,0,0
0,0,0,0,0
0,0,0,0,0
0,0,0,0,0
0,0,0,0,0
0,0,0,0,0
0,0,0,0,0
0,0,0,0,0
0,0,0,0,0
0,0,0,0,0
0,0,0,0,0
0,0,0,0,0
0,0,0,0,0
0,0,0,0,0
0,0,0,0,0
0,0,0,0,0
0,0,0,0,0
0,0,0,0,0
0,0,0,0,0
0,0,0,0,0
0,0,0,0,0
0,0,0,0,0
0,0,0,0,0
0,0,0,0,0
0,0,0,0,0
0,0,0,0,0
0,0,0,0,0
0,0,0,0,0
0,0,0,0,0
0,0,0,0,0
0,0,0,0,0
0,0,0,0,0
0,0,0,0,0
0,0,0,0,0
0,0,0,0,0
0,0,0,0,0
0,0,0,0,0
0,0,0,0,0
0,0,0,0,0
0,0,0,0,0
0,0,0,0,0
0,0,0,0,0
0,0,0,0,0
0,0,0,0,0
0,0,0,0,0
0,0,0,0,0
0,0,0,0,0
0,0,0,0,0
0,0,0,0,0
0,0,0,0,0
0,0,0,0,0
0,0,0,0,0
0,0,0,0,0
0,0,0,0,0
0,0,0,0,0
0,0,0,0,0
0,0,0,0,0
0,0,0,0,0
0,0,0,0,0
0,0,0,0,0
0,0,0,0,0
0,0,0,0,0
0,0,0,0,0
0,0,0,0,0
0,0,0,0,0
0,0,0,0,0
0,0,0,0,0
0,0,0,0,0
0,0,0,0,0
0,0,0,0,0
0,0,0,0,0
0,0,0,0,0
0,0,0,0,0
0,0,0,0,0
0,0,0,0,0
0,0,0,0,0
0,0,0,0,0
0,0,0,0,0
0,0,0,0,0
0,0,0,0,0
0,0,0,0,0
0,0,0,0,0
0,0,0,0,0
0,0,0,0,0
0,0,0,0,0
0,0,0,0,0
0,0,0,0,0
0,0,0,0,0
0,0,0,0,0
0,0,0,0,0
0,0,0,0,0
0,0,0,0,0
0,0,0,0,0
0,0,0,0,0
0,0,0,0,0
0,0,0,0,0
0,0,0,0,0
0,0,0,0,0
0,0,0,0,0
0,0,0,0,0
0,0,0,0,0
0,0,0,0,0
0,0,0,0,0
0,0,0,0,0
0,0,0,0,0
0,0,0,0,0
0,0,0,0,0
0,0,0,0,0
0,0,0,0,0
0,0,0,0,0
0,0,0,0,0
0,0,0,0,0
0,0,0,0,0
0,0,0,0,0
0,0,0,0,0
0,0,0,0,0
0,0,0,0,0
0,0,0,0,0
0,0,0,0,0
0,0,0,0,0
0,0,0,0,0
0,0,0,0,0
0,0,0,0,0
0,0,0,0,0
0,0,0,0,0
0,0,0,0,0
0,0,0,0,0
0,0,0,0,0
0,0,0,0,0
0,0,0,0,0
0,0,0,0,0
0,0,0,0,0
0,0,0,0,0
0,0,0,0,0
0,0,0,0,0
0,0,0,0,0
0,0,0,0,0
0,0,0,0,0
0,0,0,0,0
0,0,0,0,0
0,0,0,0,0
0,0,0,0,0
0,0,0,0,0
0,0,0,0,0
0,0,0,0,0
0,0,0,0,0
0,0,0,0,0
0,0,0,0,0
0,0,0,0,0
0,0,0,0,0
0,0,0,0,0
0,0,0,0,0
0,0,0,0,0
0,0,0,0,0
0,0,0,0,0
0,0,0,0,0
0,0,0,0,0
0,0,0,0,0
0,0,0,0,0
0,0,0,0,0
0,0,0,0,0
0,0,0,0,0
0,0,0,0,0
0,0,0,0,0
0,0,0,0,0
0,0,0,0,0
0,0,0,0,0
0,0,0,0,0
0,0,0,0,0
0,0,0,0,0
0,0,0,0,0
0,0,0,0,0
0,0,0,0,0
0,0,0,0,0
0,0,0,0,0
0,0,0,0,0
0,0,0,0,0
0,0,0,0,0
0,0,0,0,0
0,0,0,0,0
0,0,0,0,0
0,0,0,0,0
0,0,0,0,0
0,0,0,0,0
0,0,0,0,0
0,0,0,0,0
0,0,0,0,0
0,0,0,0,0
0,0,0,0,0
0,0,0,0,0
0,0,0,0,0
0,0,0,0,0
0,0,0,0,0
0,0,0,0,0
0,0,0,0,0
0,0,0,0,0
0,0,0,0,0
0,0,0,0,0
0,0,0,0,0
0,0,0,0,0
0,0,0,0,0
0,0,0,0,0
0,0,0,0,0
0,0,0,0,0
0,0,0,0,0
0,0,0,0,0
0,0,0,0,0
0,0,0,0,0
0,0,0,0,0
0,0,0,0,0
0,0,0,0,0
0,0,0,0,0
0,0,0,0,0
0,0,0,0,0
0,0,0,0,0
0,0,0,0,0
0,0,0,0,0
0,0,0,0,0
0,0,0,0,0
0,0,0,0,0
0,0,0,0,0
0,0,0,0,0
0,0,0,0,0
0,0,0,0,0
0,0,0,0,0
0,0,0,0,0
0,0,0,0,0
0,0,0,0,0
0,0,0,0,0
0,0,0,0,0
0,0,0,0,0
0,0,0,0,0
0,0,0,0,0
0,0,0,0,0
0,0,0,0,0
0,0,0,0,0
0,0,0,0,0
0,0,0,0,0
0,0,0,0,0
0,0,0,0,0
0,0,0,0,0
0,0,0,0,0
0,0,0,0,0
0,0,0,0,0
0,0,0,0,0
0,0,0,0,0
0,0,0,0,0
0,0,0,0,0
0,0,0,0,0
0,0,0,0,0
0,0,0,0,0
0,0,0,0,0
0,0,0,0,0
0,0,0,0,0
0,0,0,0,0
0,0,0,0,0
0,0,0,0,0
0,0,0,0,0
0,0,0,0,0
0,0,0,0,0
0,0,0,0,0
0,0,0,0,0
0,0,0,0,0
0,0,0,0,0
0,0,0,0,0
0,0,0,0,0
0,0,0,0,0
0,0,0,0,0
0,0,0,0,0
0,0,0,0,0
0,0,0,0,0
0,0,0,0,0
0,0,0,0,0
0,0,0,0,0
0,0,0,0,0
0,0,0,0,0
0,0,0,0,0
0,0,0,0,0
0,0,0,0,0
0,0,0,0,0
0,0,0,0,0
0,0,0,0,0
0,0,0,0,0
0,0,0,0,0
0,0,0,0,0
0,0,0,0,0
0,0,0,0,0
0,0,0,0,0
0,0,0,0,0
0,0,0,0,0
0,0,0,0,0
0,0,0,0,0
0,0,0,0,0
0,0,0,0,0
0,0,0,0,0
0,0,0,0,0
0,0,0,0,0
0,0,0,0,0
0,0,0,0,0
0,0,0,0,0
0,0,0,0,0
0,0,0,0,0
0,0,0,0,0
0,0,0,0,0
0,0,0,0,0
0,0,0,0,0
0,0,0,0,0
0,0,0,0,0
0,0,0,0,0
0,0,0,0,0
0,0,0,0,0
0,0,0,0,0
0,0,0,0,0
0,0,0,0,0
0,0,0,0,0
0,0,0,0,0
0,0,0,0,0
0,0,0,0,0
0,0,0,0,0
0,0,0,0,0
0,0,0,0,0
0,0,0,0,0
0,0,0,0,0
0,0,0,0,0
0,0,0,0,0
0,0,0,0,0
0,0,0,0,0
0,0,0,0,0
0,0,0,0,0
0,0,0,0,0
0,0,0,0,0
0,0,0,0,0
0,0,0,0,0
0,0,0,0,0
0,0,0,0,0
0,0,0,0,0
0,0,0,0,0
0,0,0,0,0
0,0,0,0,0
0,0,0,0,0
0,0,0,0,0
0,0,0,0,0
0,0,0,0,0
0,0,0,0,0
0,0,0,0,0
0,0,0,0,0
0,0,0,0,0
0,0,0,0,0
0,0,0,0,0
0,0,0,0,0
0,0,0,0,0
0,0,0,0,0
0,0,0,0,0
0,0,0,0,0
0,0,0,0,0
0,0,0,0,0
0,0,0,0,0
0,0,0,0,0
0,0,0,0,0
0,0,0,0,0
0,0,0,0,0
0,0,0,0,0
0,0,0,0,0
0,0,0,0,0
0,0,0,0,0
0,0,0,0,0
0,0,0,0,0
0,0,0,0,0
0,0,0,0,0
0,0,0,0,0
0,0,0,0,0
0,0,0,0,0
0,0,0,0,0
0,0,0,0,0
0,0,0,0,0
0,0,0,0,0
0,0,0,0,0
0,0,0,0,0
0,0,0,0,0
0,0,0,0,0
0,0,0,0,0
0,0,0,0,0
0,0,0,0,0
0,0,0,0,0
0,0,0,0,0
0,0,0,0,0
0,0,0,0,0
0,0,0,0,0
0,0,0,0,0
0,0,0,0,0
0,0,0,0,0
0,0,0,0,0
0,0,0,0,0
0,0,0,0,0
0,0,0,0,0
0,0,0,0,0
0,0,0,0,0
0,0,0,0,0
0,0,0,0,0
0,0,0,0,0
0,0,0,0,0
0,0,0,0,0
0,0,0,0,0
0,0,0,0,0
0,0,0,0,0
0,0,0,0,0
0,0,0,0,0
0,0,0,0,0
0,0,0,0,0
0,0,0,0,0
0,0,0,0,0
0,0,0,0,0
0,0,0,0,0
0,0,0,0,0
0,0,0,0,0
0,0,0,0,0
0,0,0,0,0
0,0,0,0,0
0,0,0,0,0
0,0,0,0,0
0,0,0,0,0
0,0,0,0,0
0,0,0,0,0
0,0,0,0,0
0,0,0,0,0
0,0,0,0,0
0,0,0,0,0
0,0,0,0,0
0,0,0,0,0
0,0,0,0,0
0,0,0,0,0
0,0,0,0,0
0,0,0,0,0
0,0,0,0,0
0,0,0,0,0
0,0,0,0,0
0,0,0,0,0
0,0,0,0,0
0,0,0,0,0
0,0,0,0,0
0,0,0,0,0
0,0,0,0,0
0,0,0,0,0
0,0,0,0,0
0,0,0,0,0
0,0,0,0,0
0,0,0,0,0
0,0,0,0,0
0,0,0,0,0
0,0,0,0,0
0,0,0,0,0
0,0,0,0,0
0,0,0,0,0
0,0,0,0,0
0,0,0,0,0
0,0,0,0,0
0,0,0,0,0
0,0,0,0,0
0,0,0,0,0
0,0,0,0,0
0,0,0,0,0
0,0,0,0,0
0,0,0,0,0
0,0,0,0,0
0,0,0,0,0
0,0,0,0,0
0,0,0,0,0
0,0,0,0,0
0,0,0,0,0
0,0,0,0,0
0,0,0,0,0
0,0,0,0,0
0,0,0,0,0
0,0,0,0,0
0,0,0,0,0
0,0,0,0,0
0,0,0,0,0
0,0,0,0,0
0,0,0,0,0
0,0,0,0,0
0,0,0,0,0
0,0,0,0,0
0,0,0,0,0
0,0,0,0,0
0,0,0,0,0
0,0,0,0,0
0,0,0,0,0
0,0,0,0,0
0,0,0,0,0
0,0,0,0,0
0,0,0,0,0
0,0,0,0,0
0,0,0,0,0
0,0,0,0,0
0,0,0,0,0
0,0,0,0,0
0,0,0,0,0
0,0,0,0,0
0,0,0,0,0
0,0,0,0,0
0,0,0,0,0
0,0,0,0,0
0,0,0,0,0
0,0,0,0,0
0,0,0,0,0
0,0,0,0,0
0,0,0,0,0
0,0,0,0,0
0,0,0,0,0
0,0,0,0,0
0,0,0,0,0
0,0,0,0,0
0,0,0,0,0
0,0,0,0,0
0,0,0,0,0
0,0,0,0,0
0,0,0,0,0
0,0,0,0,0
0,0,0,0,0
0,0,0,0,0
0,0,0,0,0
0,0,0,0,0
0,0,0,0,0
0,0,0,0,0
0,0,0,0,0
0,0,0,0,0
0,0,0,0,0
0,0,0,0,0
0,0,0,0,0
0,0,0,0,0
0,0,0,0,0
0,0,0,0,0
0,0,0,0,0
0,0,0,0,0
0,0,0,0,0
0,0,0,0,0
0,0,0,0,0
0,0,0,0,0
0,0,0,0,0
0,0,0,0,0
0,0,0,0,0
0,0,0,0,0
0,0,0,0,0
0,0,0,0,0
0,0,0,0,0
0,0,0,0,0
0,0,0,0,0
0,0,0,0,0
0,0,0,0,0
0,0,0,0,0
0,0,0,0,0
0,0,0,0,0
0,0,0,0,0
0,0,0,0,0
0,0,0,0,0
0,0,0,0,0
0,0,0,0,0
0,0,0,0,0
0,0,0,0,0
0,0,0,0,0
0,0,0,0,0
0,0,0,0,0
0,0,0,0,0
0,0,0,0,0
0,0,0,0,0
0,0,0,0,0
0,0,0,0,0
0,0,0,0,0
0,0,0,0,0
0,0,0,0,0
0,0,0,0,0
0,0,0,0,0
0,0,0,0,0
0,0,0,0,0
0,0,0,0,0
0,0,0,0,0
0,0,0,0,0
0,0,0,0,0
0,0,0,0,0
0,0,0,0,0
0,0,0,0,0
0,0,0,0,0
0,0,0,0,0
0,0,0,0,0
0,0,0,0,0
0,0,0,0,0
0,0,0,0,0
0,0,0,0,0
0,0,0,0,0
0,0,0,0,0
0,0,0,0,0
0,0,0,0,0
0,0,0,0,0
0,0,0,0,0
0,0,0,0,0
0,0,0,0,0
0,0,0,0,0
0,0,0,0,0
0,0,0,0,0
0,0,0,0,0
0,0,0,0,0
0,0,0,0,0
0,0,0,0,0
0,0,0,0,0
0,0,0,0,0
0,0,0,0,0
0,0,0,0,0
0,0,0,0,0
0,0,0,0,0
0,0,0,0,0
0,0,0,0,0
0,0,0,0,0
0,0,0,0,0
0,0,0,0,0
0,0,0,0,0
0,0,0,0,0
0,0,0,0,0
0,0,0,0,0
0,0,0,0,0
0,0,0,0,0
0,0,0,0,0
0,0,0,0,0
0,0,0,0,0
0,0,0,0,0
0,0,0,0,0
0,0,0,0,0
0,0,0,0,0
0,0,0,0,0
0,0,0,0,0
0,0,0,0,0
0,0,0,0,0
0,0,0,0,0
0,0,0,0,0
0,0,0,0,0
0,0,0,0,0
0,0,0,0,0
0,0,0,0,0
0,0,0,0,0
0,0,0,0,0
0,0,0,0,0
0,0,0,0,0
0,0,0,0,0
0,0,0,0,0
0,0,0,0,0
0,0,0,0,0
0,0,0,0,0
0,0,0,0,0
0,0,0,0,0
0,0,0,0,0
0,0,0,0,0
0,0,0,0,0
0,0,0,0,0
0,0,0,0,0
0,0,0,0,0
0,0,0,0,0
0,0,0,0,0
0,0,0,0,0
0,0,0,0,0
0,0,0,0,0
0,0,0,0,0
0,0,0,0,0
0,0,0,0,0
0,0,0,0,0
0,0,0,0,0
0,0,0,0,0
0,0,0,0,0
0,0,0,0,0
0,0,0,0,0
0,0,0,0,0
0,0,0,0,0
0,0,0,0,0
0,0,0,0,0
0,0,0,0,0
0,0,0,0,0
0,0,0,0,0
0,0,0,0,0
0,0,0,0,0
0,0,0,0,0
0,0,0,0,0
0,0,0,0,0
0,0,0,0,0
0,0,0,0,0
0,0,0,0,0
0,0,0,0,0
0,0,0,0,0
0,0,0,0,0
0,0,0,0,0
0,0,0,0,0
0,0,0,0,0
0,0,0,0,0
0,0,0,0,0
0,0,0,0,0
0,0,0,0,0
0,0,0,0,0
0,0,0,0,0
0,0,0,0,0
0,0,0,0,0
0,0,0,0,0
0,0,0,0,0
0,0,0,0,0
0,0,0,0,0
0,0,0,0,0
0,0,0,0,0
0,0,0,0,0
0,0,0,0,0
0,0,0,0,0
0,0,0,0,0
0,0,0,0,0
0,0,0,0,0
0,0,0,0,0
0,0,0,0,0
0,0,0,0,0
0,0,0,0,0
0,0,0,0,0
0,0,0,0,0
0,0,0,0,0
0,0,0,0,0
0,0,0,0,0
0,0,0,0,0
0,0,0,0,0
0,0,0,0,0
0,0,0,0,0
0,0,0,0,0
0,0,0,0,0
0,0,0,0,0
0,0,0,0,0
0,0,0,0,0
0,0,0,0,0
0,0,0,0,0
0,0,0,0,0
0,0,0,0,0
0,0,0,0,0
0,0,0,0,0
0,0,0,0,0
0,0,0,0,0
0,0,0,0,0
0,0,0,0,0
0,0,0,0,0
0,0,0,0,0
0,0,0,0,0
0,0,0,0,0
0,0,0,0,0
0,0,0,0,0
0,0,0,0,0
0,0,0,0,0
0,0,0,0,0
0,0,0,0,0
0,0,0,0,0
0,0,0,0,0
0,0,0,0,0
0,0,0,0,0
0,0,0,0,0
0,0,0,0,0
0,0,0,0,0
0,0,0,0,0
0,0,0,0,0
0,0,0,0,0
0,0,0,0,0
0,0,0,0,0
0,0,0,0,0
0,0,0,0,0
0,0,0,0,0
0,0,0,0,0
0,0,0,0,0
0,0,0,0,0
0,0,0,0,0
0,0,0,0,0
0,0,0,0,0
0,0,0,0,0
0,0,0,0,0
0,0,0,0,0
0,0,0,0,0
0,0,0,0,0
0,0,0,0,0
0,0,0,0,0
0,0,0,0,0
0,0,0,0,0
0,0,0,0,0
0,0,0,0,0
0,0,0,0,0
0,0,0,0,0
0,0,0,0,0
0,0,0,0,0
0,0,0,0,0
0,0,0,0,0
0,0,0,0,0
0,0,0,0,0
0,0,0,0,0
0,0,0,0,0
0,0,0,0,0
0,0,0,0,0
0,0,0,0,0
0,0,0,0,0
0,0,0,0,0
0,0,0,0,0
0,0,0,0,0
0,0,0,0,0
0,0,0,0,0
0,0,0,0,0
0,0,0,0,0
0,0,0,0,0
0,0,0,0,0
0,0,0,0,0
0,0,0,0,0
0,0,0,0,0
0,0,0,0,0
0,0,0,0,0
0,0,0,0,0
0,0,0,0,0
0,0,0,0,0
0,0,0,0,0
0,0,0,0,0
0,0,0,0,0
0,0,0,0,0
0,0,0,0,0
0,0,0,0,0
0,0,0,0,0
0,0,0,0,0
0,0,0,0,0
0,0,0,0,0
0,0,0,0,0
0,0,0,0,0
0,0,0,0,0
0,0,0,0,0
0,0,0,0,0
0,0,0,0,0
0,0,0,0,0
0,0,0,0,0
0,0,0,0,0
0,0,0,0,0
0,0,0,0,0
0,0,0,0,0
0,0,0,0,0
0,0,0,0,0
0,0,0,0,0
0,0,0,0,0
0,0,0,0,0
0,0,0,0,0
0,0,0,0,0
0,0,0,0,0
0,0,0,0,0
0,0,0,0,0
0,0,0,0,0
0,0,0,0,0
0,0,0,0,0
0,0,0,0,0
0,0,0,0,0
0,0,0,0,0
0,0,0,0,0
0,0,0,0,0
0,0,0,0,0
0,0,0,0,0
0,0,0,0,0
0,0,0,0,0
0,0,0,0,0
0,0,0,0,0
0,0,0,0,0
0,0,0,0,0
0,0,0,0,0
0,0,0,0,0
0,0,0,0,0
0,0,0,0,0
0,0,0,0,0
0,0,0,0,0
0,0,0,0,0
0,0,0,0,0
0,0,0,0,0
0,0,0,0,0
0,0,0,0,0
0,0,0,0,0
0,0,0,0,0
0,0,0,0,0
0,0,0,0,0
0,0,0,0,0
0,0,0,0,0
0,0,0,0,0
0,0,0,0,0
0,0,0,0,0
0,0,0,0,0
0,0,0,0,0
0,0,0,0,0
0,0,0,0,0
0,0,0,0,0
0,0,0,0,0
0,0,0,0,0
0,0,0,0,0
0,0,0,0,0
0,0,0,0,0
0,0,0,0,0
0,0,0,0,0
0,0,0,0,0
0,0,0,0,0
0,0,0,0,0
0,0,0,0,0
0,0,0,0,0
0,0,0,0,0
0,0,0,0,0
0,0,0,0,0
0,0,0,0,0
0,0,0,0,0
0,0,0,0,0
0,0,0,0,0
0,0,0,0,0
0,0,0,0,0
0,0,0,0,0
0,0,0,0,0
0,0,0,0,0
0,0,0,0,0
0,0,0,0,0
0,0,0,0,0
0,0,0,0,0
0,0,0,0,0
0,0,0,0,0
0,0,0,0,0
0,0,0,0,0
0,0,0,0,0
0,0,0,0,0
0,0,0,0,0
0,0,0,0,0
0,0,0,0,0
0,0,0,0,0
0,0,0,0,0
0,0,0,0,0
0,0,0,0,0
0,0,0,0,0
0,0,0,0,0
0,0,0,0,0
0,0,0,0,0
0,0,0,0,0
0,0,0,0,0
0,0,0,0,0
0,0,0,0,0
0,0,0,0,0
0,0,0,0,0
0,0,0,0,0
0,0,0,0,0
0,0,0,0,0
0,0,0,0,0
0,0,0,0,0
0,0,0,0,0
0,0,0,0,0
0,0,0,0,0
0,0,0,0,0
0,0,0,0,0
0,0,0,0,0
0,0,0,0,0
0,0,0,0,0
0,0,0,0,0
0,0,0,0,0
0,0,0,0,0
0,0,0,0,0
0,0,0,0,0
0,0,0,0,0
0,0,0,0,0
0,0,0,0,0
0,0,0,0,0
0,0,0,0,0
0,0,0,0,0
0,0,0,0,0
0,0,0,0,0
0,0,0,0,0
0,0,0,0,0
0,0,0,0,0
0,0,0,0,0
0,0,0,0,0
0,0,0,0,0
0,0,0,0,0
0,0,0,0,0
0,0,0,0,0
0,0,0,0,0
0,0,0,0,0
0,0,0,0,0
0,0,0,0,0
0,0,0,0,0
0,0,0,0,0
0,0,0,0,0
0,0,0,0,0
0,0,0,0,0
0,0,0,0,0
0,0,0,0,0
0,0,0,0,0
0,0,0,0,0
0,0,0,0,0
0,0,0,0,0
0,0,0,0,0
0,0,0,0,0
0,0,0,0,0
0,0,0,0,0
0,0,0,0,0
0,0,0,0,0
0,0,0,0,0
0,0,0,0,0
0,0,0,0,0
0,0,0,0,0
0,0,0,0,0
0,0,0,0,0
0,0,0,0,0
0,0,0,0,0
0,0,0,0,0
0,0,0,0,0
0,0,0,0,0
0,0,0,0,0
0,0,0,0,0
0,0,0,0,0
0,0,0,0,0
0,0,0,0,0
0,0,0,0,0
0,0,0,0,0
0,0,0,0,0
0,0,0,0,0
0,0,0,0,0
0,0,0,0,0
0,0,0,0,0
0,0,0,0,0
0,0,0,0,0
0,0,0,0,0
0,0,0,0,0
0,0,0,0,0
0,0,0,0,0
0,0,0,0,0
0,0,0,0,0
0,0,0,0,0
0,0,0,0,0
0,0,0,0,0
0,0,0,0,0
0,0,0,0,0
0,0,0,0,0
0,0,0,0,0
0,0,0,0,0
0,0,0,0,0
0,0,0,0,0
0,0,0,0,0
0,0,0,0,0
0,0,0,0,0
0,0,0,0,0
0,0,0,0,0
0,0,0,0,0
0,0,0,0,0
0,0,0,0,0
0,0,0,0,0
0,0,0,0,0
0,0,0,0,0
0,0,0,0,0
0,0,0,0,0
0,0,0,0,0
0,0,0,0,0
0,0,0,0,0
0,0,0,0,0
0,0,0,0,0
0,0,0,0,0
0,0,0,0,0
0,0,0,0,0
0,0,0,0,0
0,0,0,0,0
0,0,0,0,0
0,0,0,0,0
0,0,0,0,0
0,0,0,0,0
0,0,0,0,0
0,0,0,0,0
0,0,0,0,0
0,0,0,0,0
0,0,0,0,0
0,0,0,0,0
0,0,0,0,0
0,0,0,0,0
0,0,0,0,0
0,0,0,0,0
0,0,0,0,0
0,0,0,0,0
0,0,0,0,0
0,0,0,0,0
0,0,0,0,0
0,0,0,0,0
0,0,0,0,0
0,0,0,0,0
0,0,0,0,0
0,0,0,0,0
0,0,0,0,0
0,0,0,0,0
0,0,0,0,0
0,0,0,0,0
0,0,0,0,0
0,0,0,0,0
0,0,0,0,0
0,0,0,0,0
0,0,0,0,0
0,0,0,0,0
0,0,0,0,0
0,0,0,0,0
0,0,0,0,0
0,0,0,0,0
0,0,0,0,0
0,0,0,0,0
0,0,0,0,0
0,0,0,0,0
0,0,0,0,0
0,0,0,0,0
0,0,0,0,0
0,0,0,0,0
0,0,0,0,0
0,0,0,0,0
0,0,0,0,0
0,0,0,0,0
0,0,0,0,0
0,0,0,0,0
0,0,0,0,0
0,0,0,0,0
0,0,0,0,0
0,0,0,0,0
0,0,0,0,0
0,0,0,0,0
0,0,0,0,0
0,0,0,0,0
0,0,0,0,0
0,0,0,0,0
0,0,0,0,0
0,0,0,0,0
0,0,0,0,0
0,0,0,0,0
0,0,0,0,0
0,0,0,0,0
0,0,0,0,0
0,0,0,0,0
0,0,0,0,0
0,0,0,0,0
0,0,0,0,0
0,0,0,0,0
0,0,0,0,0
0,0,0,0,0
0,0,0,0,0
0,0,0,0,0
0,0,0,0,0
0,0,0,0,0
0,0,0,0,0
0,0,0,0,0
0,0,0,0,0
0,0,0,0,0
0,0,0,0,0
0,0,0,0,0
0,0,0,0,0
0,0,0,0,0
0,0,0,0,0
0,0,0,0,0
0,0,0,0,0
0,0,0,0,0
0,0,0,0,0
0,0,0,0,0
0,0,0,0,0
0,0,0,0,0
0,0,0,0,0
0,0,0,0,0
0,0,0,0,0
0,0,0,0,0
0,0,0,0,0
0,0,0,0,0
0,0,0,0,0
0,0,0,0,0
0,0,0,0,0
0,0,0,0,0
0,0,0,0,0
0,0,0,0,0
0,0,0,0,0
0,0,0,0,0
0,0,0,0,0
0,0,0,0,0
0,0,0,0,0
0,0,0,0,0
0,0,0,0,0
0,0,0,0,0
0,0,0,0,0
0,0,0,0,0
0,0,0,0,0
0,0,0,0,0
0,0,0,0,0
0,0,0,0,0
0,0,0,0,0
0,0,0,0,0
0,0,0,0,0
0,0,0,0,0
0,0,0,0,0
0,0,0,0,0
0,0,0,0,0
0,0,0,0,0
0,0,0,0,0
0,0,0,0,0
0,0,0,0,0
0,0,0,0,0
0,0,0,0,0
0,0,0,0,0
0,0,0,0,0
0,0,0,0,0
0,0,0,0,0
0,0,0,0,0
0,0,0,0,0
0,0,0,0,0
0,0,0,0,0
0,0,0,0,0
0,0,0,0,0
0,0,0,0,0
0,0,0,0,0
0,0,0,0,0
0,0,0,0,0
0,0,0,0,0
0,0,0,0,0
0,0,0,0,0
0,0,0,0,0
0,0,0,0,0
0,0,0,0,0
0,0,0,0,0
0,0,0,0,0
0,0,0,0,0
0,0,0,0,0
0,0,0,0,0
0,0,0,0,0
0,0,0,0,0
0,0,0,0,0
0,0,0,0,0
0,0,0,0,0
0,0,0,0,0
0,0,0,0,0
0,0,0,0,0
0,0,0,0,0
0,0,0,0,0
0,0,0,0,0
0,0,0,0,0
0,0,0,0,0
0,0,0,0,0
0,0,0,0,0
0,0,0,0,0
0,0,0,0,0
0,0,0,0,0
0,0,0,0,0
0,0,0,0,0
0,0,0,0,0
0,0,0,0,0
0,0,0,0,0
0,0,0,0,0
0,0,0,0,0
0,0,0,0,0
0,0,0,0,0
0,0,0,0,0
0,0,0,0,0
0,0,0,0,0
0,0,0,0,0
0,0,0,0,0
0,0,0,0,0
0,0,0,0,0
0,0,0,0,0
0,0,0,0,0
0,0,0,0,0
0,0,0,0,0
0,0,0,0,0
0,0,0,0,0
0,0,0,0,0
0,0,0,0,0
0,0,0,0,0
0,0,0,0,0
0,0,0,0,0
0,0,0,0,0
0,0,0,0,0
0,0,0,0,0
0,0,0,0,0
0,0,0,0,0
0,0,0,0,0
0,0,0,0,0
0,0,0,0,0
0,0,0,0,0
0,0,0,0,0
0,0,0,0,0
0,0,0,0,0
0,0,0,0,0
0,0,0,0,0
0,0,0,0,0
0,0,0,0,0
0,0,0,0,0
0,0,0,0,0
0,0,0,0,0
0,0,0,0,0
0,0,0,0,0
0,0,0,0,0
0,0,0,0,0
0,0,0,0,0
0,0,0,0,0
0,0,0,0,0
0,0,0,0,0
0,0,0,0,0
0,0,0,0,0
0,0,0,0,0
0,0,0,0,0
0,0,0,0,0
0,0,0,0,0
0,0,0,0,0
0,0,0,0,0
0,0,0,0,0
0,0,0,0,0
0,0,0,0,0
0,0,0,0,0
0,0,0,0,0
0,0,0,0,0
0,0,0,0,0
0,0,0,0,0
0,0,0,0,0
0,0,0,0,0
0,0,0,0,0
0,0,0,0,0
0,0,0,0,0
0,0,0,0,0
0,0,0,0,0
0,0,0,0,0
0,0,0,0,0
0,0,0,0,0
0,0,0,0,0
0,0,0,0,0
0,0,0,0,0
0,0,0,0,0
0,0,0,0,0
0,0,0,0,0
0,0,0,0,0
0,0,0,0,0
0,0,0,0,0
0,0,0,0,0
0,0,0,0,0
0,0,0,0,0
0,0,0,0,0
0,0,0,0,0
0,0,0,0,0
0,0,0,0,0
0,0,0,0,0
0,0,0,0,0
0,0,0,0,0
0,0,0,0,0
0,0,0,0,0
0,0,0,0,0
0,0,0,0,0
0,0,0,0,0
0,0,0,0,0
0,0,0,0,0
0,0,0,0,0
0,0,0,0,0
0,0,0,0,0
0,0,0,0,0
0,0,0,0,0
0,0,0,0,0
0,0,0,0,0
0,0,0,0,0
0,0,0,0,0
0,0,0,0,0
0,0,0,0,0
0,0,0,0,0
0,0,0,0,0
0,0,0,0,0
0,0,0,0,0
0,0,0,0,0
0,0,0,0,0
0,0,0,0,0
0,0,0,0,0
0,0,0,0,0
0,0,0,0,0
0,0,0,0,0
0,0,0,0,0
0,0,0,0,0
0,0,0,0,0
0,0,0,0,0
0,0,0,0,0
0,0,0,0,0
0,0,0,0,0
0,0,0,0,0
0,0,0,0,0
0,0,0,0,0
0,0,0,0,0
0,0,0,0,0
0,0,0,0,0
0,0,0,0,0
0,0,0,0,0
0,0,0,0,0
0,0,0,0,0
0,0,0,0,0
0,0,0,0,0
0,0,0,0,0
0,0,0,0,0
0,0,0,0,0
0,0,0,0,0
0,0,0,0,0
0,0,0,0,0
0,0,0,0,0
0,0,0,0,0
0,0,0,0,0
0,0,0,0,0
0,0,0,0,0
0,0,0,0,0
0,0,0,0,0
0,0,0,0,0
0,0,0,0,0
0,0,0,0,0
0,0,0,0,0
0,0,0,0,0
0,0,0,0,0
0,0,0,0,0
0,0,0,0,0
0,0,0,0,0
0,0,0,0,0
0,0,0,0,0
0,0,0,0,0
0,0,0,0,0
0,0,0,0,0
0,0,0,0,0
0,0,0,0,0
0,0,0,0,0
0,0,0,0,0
0,0,0,0,0
0,0,0,0,0
0,0,0,0,0
0,0,0,0,0
0,0,0,0,0
0,0,0,0,0
0,0,0,0,0
0,0,0,0,0
0,0,0,0,0
0,0,0,0,0
0,0,0,0,0
0,0,0,0,0
0,0,0,0,0
0,0,0,0,0
0,0,0,0,0
0,0,0,0,0
0,0,0,0,0
0,0,0,0,0
0,0,0,0,0
0,0,0,0,0
0,0,0,0,0
0,0,0,0,0
0,0,0,0,0
0,0,0,0,0
0,0,0,0,0
0,0,0,0,0
0,0,0,0,0
0,0,0,0,0
0,0,0,0,0
0,0,0,0,0
0,0,0,0,0
0,0,0,0,0
0,0,0,0,0
0,0,0,0,0
0,0,0,0,0
0,0,0,0,0
0,0,0,0,0
0,0,0,0,0
0,0,0,0,0
0,0,0,0,0
0,0,0,0,0
0,0,0,0,0
0,0,0,0,0
0,0,0,0,0
0,0,0,0,0
0,0,0,0,0
0,0,0,0,0
0,0,0,0,0
0,0,0,0,0
0,0,0,0,0
0,0,0,0,0
0,0,0,0,0
0,0,0,0,0
0,0,0,0,0
0,0,0,0,0
0,0,0,0,0
0,0,0,0,0
0,0,0,0,0
0,0,0,0,0
0,0,0,0,0
0,0,0,0,0
0,0,0,0,0
0,0,0,0,0
0,0,0,0,0
0,0,0,0,0
0,0,0,0,0
0,0,0,0,0
0,0,0,0,0
0,0,0,0,0
0,0,0,0,0
0,0,0,0,0
0,0,0,0,0
0,0,0,0,0
0,0,0,0,0
0,0,0,0,0
0,0,0,0,0
0,0,0,0,0
0,0,0,0,0
0,0,0,0,0
0,0,0,0,0
0,0,0,0,0
0,0,0,0,0
0,0,0,0,0
0,0,0,0,0
0,0,0,0,0
0,0,0,0,0
0,0,0,0,0
0,0,0,0,0
0,0,0,0,0
0,0,0,0,0
0,0,0,0,0
0,0,0,0,0
0,0,0,0,0
0,0,0,0,0
0,0,0,0,0
0,0,0,0,0
0,0,0,0,0
0,0,0,0,0
0,0,0,0,0
0,0,0,0,0
0,0,0,0,0
0,0,0,0,0
0,0,0,0,0
0,0,0,0,0
0,0,0,0,0
0,0,0,0,0
0,0,0,0,0
0,0,0,0,0
0,0,0,0,0
0,0,0,0,0
0,0,0,0,0
0,0,0,0,0
0,0,0,0,0
0,0,0,0,0
0,0,0,0,0
0,0,0,0,0
0,0,0,0,0
0,0,0,0,0
0,0,0,0,0
0,0,0,0,0
0,0,0,0,0
0,0,0,0,0
0,0,0,0,0
0,0,0,0,0
0,0,0,0,0
0,0,0,0,0
0,0,0,0,0
0,0,0,0,0
0,0,0,0,0
0,0,0,0,0
0,0,0,0,0
0,0,0,0,0
0,0,0,0,0
0,0,0,0,0
0,0,0,0,0
0,0,0,0,0
0,0,0,0,0
0,0,0,0,0
0,0,0,0,0
0,0,0,0,0
0,0,0,0,0
0,0,0,0,0
0,0,0,0,0
0,0,0,0,0
0,0,0,0,0
0,0,0,0,0
0,0,0,0,0
0,0,0,0,0
0,0,0,0,0
0,0,0,0,0
0,0,0,0,0
0,0,0,0,0
0,0,0,0,0
0,0,0,0,0
0,0,0,0,0
0,0,0,0,0
0,0,0,0,0
0,0,0,0,0
0,0,0,0,0
0,0,0,0,0
0,0,0,0,0
0,0,0,0,0
0,0,0,0,0
0,0,0,0,0
0,0,0,0,0
0,0,0,0,0
0,0,0,0,0
0,0,0,0,0
0,0,0,0,0
0,0,0,0,0
0,0,0,0,0
0,0,0,0,0
0,0,0,0,0
0,0,0,0,0
0,0,0,0,0
0,0,0,0,0
0,0,0,0,0
0,0,0,0,0
0,0,0,0,0
0,0,0,0,0
0,0,0,0,0
0,0,0,0,0
0,0,0,0,0
0,0,0,0,0
0,0,0,0,0
0,0,0,0,0
0,0,0,0,0
0,0,0,0,0
0,0,0,0,0
0,0,0,0,0
0,0,0,0,0
0,0,0,0,0
0,0,0,0,0
0,0,0,0,0
0,0,0,0,0
0,0,0,0,0
0,0,0,0,0
0,0,0,0,0
0,0,0,0,0
0,0,0,0,0
0,0,0,0,0
0,0,0,0,0
0,0,0,0,0
0,0,0,0,0
0,0,0,0,0
0,0,0,0,0
0,0,0,0,0
0,0,0,0,0
0,0,0,0,0
0,0,0,0,0
0,0,0,0,0
0,0,0,0,0
0,0,0,0,0
0,0,0,0,0
0,0,0,0,0
0,0,0,0,0
0,0,0,0,0
0,0,0,0,0
0,0,0,0,0
0,0,0,0,0
0,0,0,0,0
0,0,0,0,0
0,0,0,0,0
0,0,0,0,0
0,0,0,0,0
0,0,0,0,0
0,0,0,0,0
0,0,0,0,0
0,0,0,0,0
0,0,0,0,0
0,0,0,0,0
0,0,0,0,0
0,0,0,0,0
0,0,0,0,0
0,0,0,0,0
0,0,0,0,0
0,0,0,0,0
0,0,0,0,0
0,0,0,0,0
0,0,0,0,0
0,0,0,0,0
0,0,0,0,0
0,0,0,0,0
0,0,0,0,0
0,0,0,0,0
0,0,0,0,0
0,0,0,0,0
0,0,0,0,0
0,0,0,0,0
0,0,0,0,0
0,0,0,0,0
0,0,0,0,0
0,0,0,0,0
0,0,0,0,0
0,0,0,0,0
0,0,0,0,0
0,0,0,0,0
0,0,0,0,0
0,0,0,0,0
0,0,0,0,0
0,0,0,0,0
0,0,0,0,0
0,0,0,0,0
0,0,0,0,0
0,0,0,0,0
0,0,0,0,0
0,0,0,0,0
0,0,0,0,0
0,0,0,0,0
0,0,0,0,0
0,0,0,0,0
0,0,0,0,0
0,0,0,0,0
0,0,0,0,0
0,0,0,0,0
0,0,0,0,0
0,0,0,0,0
0,0,0,0,0
0,0,0,0,0
0,0,0,0,0
0,0,0,0,0
0,0,0,0,0
0,0,0,0,0
0,0,0,0,0
0,0,0,0,0
0,0,0,0,0
0,0,0,0,0
0,0,0,0,0
0,0,0,0,0
0,0,0,0,0
0,0,0,0,0
0,0,0,0,0
0,0,0,0,0
0,0,0,0,0
0,0,0,0,0
0,0,0,0,0
0,0,0,0,0
0,0,0,0,0
0,0,0,0,0
0,0,0,0,0
0,0,0,0,0
0,0,0,0,0
0,0,0,0,0
0,0,0,0,0
0,0,0,0,0
0,0,0,0,0
0,0,0,0,0
0,0,0,0,0
0,0,0,0,0
0,0,0,0,0
0,0,0,0,0
0,0,0,0,0
0,0,0,0,0
0,0,0,0,0
0,0,0,0,0
0,0,0,0,0
0,0,0,0,0
0,0,0,0,0
0,0,0,0,0
0,0,0,0,0
0,0,0,0,0
0,0,0,0,0
0,0,0,0,0
0,0,0,0,0
0,0,0,0,0
0,0,0,0,0
0,0,0,0,0
0,0,0,0,0
0,0,0,0,0
0,0,0,0,0
0,0,0,0,0
0,0,0,0,0
0,0,0,0,0
0,0,0,0,0
0,0,0,0,0
0,0,0,0,0
0,0,0,0,0
0,0,0,0,0
0,0,0,0,0
0,0,0,0,0
0,0,0,0,0
0,0,0,0,0
0,0,0,0,0
0,0,0,0,0
0,0,0,0,0
0,0,0,0,0
0,0,0,0,0
0,0,0,0,0
0,0,0,0,0
0,0,0,0,0
0,0,0,0,0
0,0,0,0,0
0,0,0,0,0
0,0,0,0,0
0,0,0,0,0
0,0,0,0,0
0,0,0,0,0
0,0,0,0,0
0,0,0,0,0
0,0,0,0,0
0,0,0,0,0
0,0,0,0,0
0,0,0,0,0
0,0,0,0,0
0,0,0,0,0
0,0,0,0,0
0,0,0,0,0
0,0,0,0,0
0,0,0,0,0
0,0,0,0,0
0,0,0,0,0
0,0,0,0,0
0,0,0,0,0
0,0,0,0,0
0,0,0,0,0
0,0,0,0,0
0,0,0,0,0
0,0,0,0,0
0,0,0,0,0
0,0,0,0,0
0,0,0,0,0
0,0,0,0,0
0,0,0,0,0
0,0,0,0,0
0,0,0,0,0
0,0,0,0,0
0,0,0,0,0
0,0,0,0,0
0,0,0,0,0
0,0,0,0,0
0,0,0,0,0
0,0,0,0,0
0,0,0,0,0
0,0,0,0,0
0,0,0,0,0
0,0,0,0,0
0,0,0,0,0
0,0,0,0,0
0,0,0,0,0
0,0,0,0,0
0,0,0,0,0
0,0,0,0,0
0,0,0,0,0
0,0,0,0,0
0,0,0,0,0
0,0,0,0,0
0,0,0,0,0
0,0,0,0,0
0,0,0,0,0
0,0,0,0,0
0,0,0,0,0
0,0,0,0,0
0,0,0,0,0
0,0,0,0,0
0,0,0,0,0
0,0,0,0,0
0,0,0,0,0
0,0,0,0,0
0,0,0,0,0
0,0,0,0,0
0,0,0,0,0
0,0,0,0,0
0,0,0,0,0
0,0,0,0,0
0,0,0,0,0
0,0,0,0,0
0,0,0,0,0
0,0,0,0,0
0,0,0,0,0
0,0,0,0,0
0,0,0,0,0
0,0,0,0,0
0,0,0,0,0
0,0,0,0,0
0,0,0,0,0
0,0,0,0,0
0,0,0,0,0
0,0,0,0,0
0,0,0,0,0
0,0,0,0,0
0,0,0,0,0
0,0,0,0,0
0,0,0,0,0
0,0,0,0,0
0,0,0,0,0
0,0,0,0,0
0,0,0,0,0
0,0,0,0,0
0,0,0,0,0
0,0,0,0,0
0,0,0,0,0
0,0,0,0,0
0,0,0,0,0
0,0,0,0,0
0,0,0,0,0
0,0,0,0,0
0,0,0,0,0
0,0,0,0,0
0,0,0,0,0
0,0,0,0,0
0,0,0,0,0
0,0,0,0,0
0,0,0,0,0
0,0,0,0,0
0,0,0,0,0
0,0,0,0,0
0,0,0,0,0
0,0,0,0,0
0,0,0,0,0
0,0,0,0,0
0,0,0,0,0
0,0,0,0,0
0,0,0,0,0
0,0,0,0,0
0,0,0,0,0
0,0,0,0,0
0,0,0,0,0
0,0,0,0,0
0,0,0,0,0
0,0,0,0,0
0,0,0,0,0
0,0,0,0,0
0,0,0,0,0
0,0,0,0,0
0,0,0,0,0
0,0,0,0,0
0,0,0,0,0
0,0,0,0,0
0,0,0,0,0
0,0,0,0,0
0,0,0,0,0
0,0,0,0,0
0,0,0,0,0
0,0,0,0,0
0,0,0,0,0
0,0,0,0,0
0,0,0,0,0
0,0,0,0,0
0,0,0,0,0
0,0,0,0,0
0,0,0,0,0
0,0,0,0,0
0,0,0,0,0
0,0,0,0,0
0,0,0,0,0
0,0,0,0,0
0,0,0,0,0
0,0,0,0,0
0,0,0,0,0
0,0,0,0,0
0,0,0,0,0
0,0,0,0,0
0,0,0,0,0
0,0,0,0,0
0,0,0,0,0
0,0,0,0,0
0,0,0,0,0
0,0,0,0,0
0,0,0,0,0
0,0,0,0,0
0,0,0,0,0
0,0,0,0,0
0,0,0,0,0
0,0,0,0,0
0,0,0,0,0
0,0,0,0,0
0,0,0,0,0
0,0,0,0,0
0,0,0,0,0
0,0,0,0,0
0,0,0,0,0
0,0,0,0,0
0,0,0,0,0
0,0,0,0,0
0,0,0,0,0
0,0,0,0,0
0,0,0,0,0
0,0,0,0,0
0,0,0,0,0
0,0,0,0,0
0,0,0,0,0
0,0,0,0,0
0,0,0,0,0
0,0,0,0,0
0,0,0,0,0
0,0,0,0,0
0,0,0,0,0
0,0,0,0,0
0,0,0,0,0
0,0,0,0,0
0,0,0,0,0
0,0,0,0,0
0,0,0,0,0
0,0,0,0,0
0,0,0,0,0
0,0,0,0,0
0,0,0,0,0
0,0,0,0,0
0,0,0,0,0
0,0,0,0,0
0,0,0,0,0
0,0,0,0,0
0,0,0,0,0
0,0,0,0,0
0,0,0,0,0
0,0,0,0,0
0,0,0,0,0
0,0,0,0,0
0,0,0,0,0
0,0,0,0,0
0,0,0,0,0
0,0,0,0,0
0,0,0,0,0
0,0,0,0,0
0,0,0,0,0
0,0,0,0,0
0,0,0,0,0
0,0,0,0,0
0,0,0,0,0
0,0,0,0,0
0,0,0,0,0
0,0,0,0,0
0,0,0,0,0
0,0,0,0,0
0,0,0,0,0
0,0,0,0,0
0,0,0,0,0
0,0,0,0,0
0,0,0,0,0
0,0,0,0,0
0,0,0,0,0
0,0,0,0,0
0,0,0,0,0
0,0,0,0,0
0,0,0,0,0
0,0,0,0,0
0,0,0,0,0
0,0,0,0,0
0,0,0,0,0
0,0,0,0,0
0,0,0,0,0
0,0,0,0,0
0,0,0,0,0
0,0,0,0,0
0,0,0,0,0
0,0,0,0,0
0,0,0,0,0
0,0,0,0,0
0,0,0,0,0
0,0,0,0,0
0,0,0,0,0
0,0,0,0,0
0,0,0,0,0
0,0,0,0,0
0,0,0,0,0
0,0,0,0,0
0,0,0,0,0
0,0,0,0,0
0,0,0,0,0
0,0,0,0,0
0,0,0,0,0
0,0,0,0,0
0,0,0,0,0
0,0,0,0,0
0,0,0,0,0
0,0,0,0,0
0,0,0,0,0
0,0,0,0,0
0,0,0,0,0
0,0,0,0,0
0,0,0,0,0
0,0,0,0,0
0,0,0,0,0
0,0,0,0,0
0,0,0,0,0
0,0,0,0,0
0,0,0,0,0
0,0,0,0,0
0,0,0,0,0
0,0,0,0,0
0,0,0,0,0
0,0,0,0,0
0,0,0,0,0
0,0,0,0,0
0,0,0,0,0
0,0,0,0,0
0,0,0,0,0
0,0,0,0,0
0,0,0,0,0
0,0,0,0,0
0,0,0,0,0
0,0,0,0,0
0,0,0,0,0
0,0,0,0,0
0,0,0,0,0
0,0,0,0,0
0,0,0,0,0
0,0,0,0,0
0,0,0,0,0
0,0,0,0,0
0,0,0,0,0
0,0,0,0,0
0,0,0,0,0
0,0,0,0,0
0,0,0,0,0
0,0,0,0,0
0,0,0,0,0
0,0,0,0,0
0,0,0,0,0
0,0,0,0,0
0,0,0,0,0
0,0,0,0,0
0,0,0,0,0
0,0,0,0,0
0,0,0,0,0
0,0,0,0,0
0,0,0,0,0
0,0,0,0,0
0,0,0,0,0
0,0,0,0,0
0,0,0,0,0
0,0,0,0,0
0,0,0,0,0
0,0,0,0,0
0,0,0,0,0
0,0,0,0,0
0,0,0,0,0
0,0,0,0,0
0,0,0,0,0
0,0,0,0,0
0,0,0,0,0
0,0,0,0,0
0,0,0,0,0
0,0,0,0,0
0,0,0,0,0
0,0,0,0,0
0,0,0,0,0
0,0,0,0,0
0,0,0,0,0
0,0,0,0,0
0,0,0,0,0
0,0,0,0,0
0,0,0,0,0
0,0,0,0,0
0,0,0,0,0
0,0,0,0,0
0,0,0,0,0
0,0,0,0,0
0,0,0,0,0
0,0,0,0,0
0,0,0,0,0
0,0,0,0,0
0,0,0,0,0
0,0,0,0,0
0,0,0,0,0
0,0,0,0,0
0,0,0,0,0
0,0,0,0,0
0,0,0,0,0
0,0,0,0,0
0,0,0,0,0
0,0,0,0,0
0,0,0,0,0
0,0,0,0,0
0,0,0,0,0
0,0,0,0,0
0,0,0,0,0
0,0,0,0,0
0,0,0,0,0
0,0,0,0,0
0,0,0,0,0
0,0,0,0,0
0,0,0,0,0
0,0,0,0,0
0,0,0,0,0
0,0,0,0,0
0,0,0,0,0
0,0,0,0,0
0,0,0,0,0
0,0,0,0,0
0,0,0,0,0
0,0,0,0,0
0,0,0,0,0
0,0,0,0,0
0,0,0,0,0
0,0,0,0,0
0,0,0,0,0
0,0,0,0,0
0,0,0,0,0
0,0,0,0,0
0,0,0,0,0
0,0,0,0,0
0,0,0,0,0
0,0,0,0,0
0,0,0,0,0
0,0,0,0,0
0,0,0,0,0
0,0,0,0,0
0,0,0,0,0
0,0,0,0,0
0,0,0,0,0
0,0,0,0,0
0,0,0,0,0
0,0,0,0,0
0,0,0,0,0
0,0,0,0,0
0,0,0,0,0
0,0,0,0,0
0,0,0,0,0
0,0,0,0,0
0,0,0,0,0
0,0,0,0,0
0,0,0,0,0
0,0,0,0,0
0,0,0,0,0
0,0,0,0,0
0,0,0,0,0
0,0,0,0,0
0,0,0,0,0
0,0,0,0,0
0,0,0,0,0
0,0,0,0,0
0,0,0,0,0
0,0,0,0,0
0,0,0,0,0
0,0,0,0,0
0,0,0,0,0
0,0,0,0,0
0,0,0,0,0
0,0,0,0,0
0,0,0,0,0
0,0,0,0,0
0,0,0,0,0
0,0,0,0,0
0,0,0,0,0
0,0,0,0,0
0,0,0,0,0
0,0,0,0,0
0,0,0,0,0
0,0,0,0,0
0,0,0,0,0
0,0,0,0,0
